{"elements":[{"from":[0.85714245,3.0497336,2.8985786],"to":[15.142858,12.421163,17.29858],"rotation":{"angle":-22.5,"axis":"x","origin":[8.0,2.5925908,8.384293]},"faces":{"east":{"uv":[3.25,4.875,4.8125,5.875],"rotation":0,"texture":"#0","tintindex":0},"south":{"uv":[4.8125,5.75,6.375,6.75],"rotation":0,"texture":"#0","tintindex":0},"north":{"uv":[3.25,4.875,4.8125,5.875],"rotation":0,"texture":"#0","tintindex":0},"west":{"uv":[3.25,4.875,4.8125,5.875],"rotation":0,"texture":"#0","tintindex":0},"up":{"uv":[3.25,4.875,4.8125,5.875],"rotation":0,"texture":"#0","tintindex":0},"down":{"uv":[3.25,4.875,4.8125,5.875],"rotation":0,"texture":"#0","tintindex":0}}}],"textures":{"0":"modelengine:entity/texture"},"display":{"head":{"translation":[0.0,-6.4,0.0],"scale":[4.0,4.0,4.0]}}}