{"elements":[{"from":[9.763158,6.9005265,7.7383995],"to":[14.734587,8.443384,9.109828],"rotation":{"angle":0.0,"axis":"y","origin":[15.534586,2.8433838,8.624114]},"faces":{"east":{"uv":[6.125,7.6875,6.25,7.875],"rotation":0,"texture":"#0","tintindex":0},"south":{"uv":[4.25,7.0625,4.8125,7.25],"rotation":0,"texture":"#0","tintindex":0},"north":{"uv":[7.0625,1.375,7.625,1.5625],"rotation":0,"texture":"#0","tintindex":0},"west":{"uv":[6.25,7.6875,6.375,7.875],"rotation":0,"texture":"#0","tintindex":0},"up":{"uv":[8.0,7.3125,7.4375,7.1875],"rotation":0,"texture":"#0","tintindex":0},"down":{"uv":[8.125,0.0,7.5625,0.125],"rotation":0,"texture":"#0","tintindex":0}}},{"from":[7.077443,6.5005264,7.7383995],"to":[9.763158,8.843384,9.109828],"rotation":{"angle":0.0,"axis":"y","origin":[15.534586,2.8433838,8.624114]},"faces":{"east":{"uv":[4.6875,7.5,4.8125,7.75],"rotation":0,"texture":"#0","tintindex":0},"south":{"uv":[1.8125,7.375,2.125,7.625],"rotation":0,"texture":"#0","tintindex":0},"north":{"uv":[1.5,7.375,1.8125,7.625],"rotation":0,"texture":"#0","tintindex":0},"west":{"uv":[3.25,7.625,3.375,7.875],"rotation":0,"texture":"#0","tintindex":0},"up":{"uv":[7.9375,1.5,7.625,1.375],"rotation":0,"texture":"#0","tintindex":0},"down":{"uv":[1.75,7.625,1.4375,7.75],"rotation":0,"texture":"#0","tintindex":0}}},{"from":[5.534586,9.871956,6.7955427],"to":[6.2203,10.55767,8.452685],"rotation":{"angle":-45.0,"axis":"z","origin":[6.177443,8.500526,8.195542]},"faces":{"east":{"uv":[4.3125,7.8125,4.5,7.875],"rotation":0,"texture":"#0","tintindex":0},"south":{"uv":[0.8125,7.875,0.875,7.9375],"rotation":0,"texture":"#0","tintindex":0},"north":{"uv":[0.75,7.875,0.8125,7.9375],"rotation":0,"texture":"#0","tintindex":0},"west":{"uv":[4.6875,7.8125,4.875,7.875],"rotation":0,"texture":"#0","tintindex":0},"up":{"uv":[4.9375,8.0,4.875,7.8125],"rotation":0,"texture":"#0","tintindex":0},"down":{"uv":[5.0,7.8125,4.9375,8.0],"rotation":0,"texture":"#0","tintindex":0}}},{"from":[5.534586,9.871956,8.452685],"to":[7.648872,10.55767,9.1384],"rotation":{"angle":-45.0,"axis":"z","origin":[6.177443,8.500526,8.195542]},"faces":{"east":{"uv":[0.875,7.875,0.9375,7.9375],"rotation":0,"texture":"#0","tintindex":0},"south":{"uv":[7.75,3.5625,8.0,3.625],"rotation":0,"texture":"#0","tintindex":0},"north":{"uv":[7.75,3.5,8.0,3.5625],"rotation":0,"texture":"#0","tintindex":0},"west":{"uv":[0.9375,7.875,1.0,7.9375],"rotation":0,"texture":"#0","tintindex":0},"up":{"uv":[3.875,7.8125,3.625,7.75],"rotation":0,"texture":"#0","tintindex":0},"down":{"uv":[8.0,3.625,7.75,3.6875],"rotation":0,"texture":"#0","tintindex":0}}},{"from":[4.963157,8.15767,8.424114],"to":[7.077443,8.843384,9.109828],"rotation":{"angle":0.0,"axis":"y","origin":[15.534586,2.8433838,8.624114]},"faces":{"east":{"uv":[6.5625,7.6875,6.625,7.75],"rotation":0,"texture":"#0","tintindex":0},"south":{"uv":[6.5,1.5625,6.75,1.625],"rotation":0,"texture":"#0","tintindex":0},"north":{"uv":[6.4375,5.6875,6.6875,5.75],"rotation":0,"texture":"#0","tintindex":0},"west":{"uv":[6.875,7.8125,6.9375,7.875],"rotation":0,"texture":"#0","tintindex":0},"up":{"uv":[6.9375,5.75,6.6875,5.6875],"rotation":0,"texture":"#0","tintindex":0},"down":{"uv":[7.0,1.5625,6.75,1.625],"rotation":0,"texture":"#0","tintindex":0}}},{"from":[4.963157,8.15767,6.766971],"to":[5.6488714,8.843384,8.424114],"rotation":{"angle":0.0,"axis":"y","origin":[15.534586,2.8433838,8.624114]},"faces":{"east":{"uv":[7.8125,1.0625,8.0,1.125],"rotation":0,"texture":"#0","tintindex":0},"south":{"uv":[7.8125,6.9375,7.875,7.0],"rotation":0,"texture":"#0","tintindex":0},"north":{"uv":[6.9375,7.8125,7.0,7.875],"rotation":0,"texture":"#0","tintindex":0},"west":{"uv":[7.8125,1.3125,8.0,1.375],"rotation":0,"texture":"#0","tintindex":0},"up":{"uv":[7.125,7.9375,7.0625,7.75],"rotation":0,"texture":"#0","tintindex":0},"down":{"uv":[3.0,7.8125,2.9375,8.0],"rotation":0,"texture":"#0","tintindex":0}}},{"from":[4.963157,7.3005266,6.766971],"to":[5.6488714,7.986241,8.424114],"rotation":{"angle":0.0,"axis":"y","origin":[15.534586,2.8433838,8.624114]},"faces":{"east":{"uv":[3.0,7.8125,3.1875,7.875],"rotation":0,"texture":"#0","tintindex":0},"south":{"uv":[7.3125,7.8125,7.375,7.875],"rotation":0,"texture":"#0","tintindex":0},"north":{"uv":[7.25,7.8125,7.3125,7.875],"rotation":0,"texture":"#0","tintindex":0},"west":{"uv":[7.8125,3.0,8.0,3.0625],"rotation":0,"texture":"#0","tintindex":0},"up":{"uv":[7.875,3.25,7.8125,3.0625],"rotation":0,"texture":"#0","tintindex":0},"down":{"uv":[3.25,7.8125,3.1875,8.0],"rotation":0,"texture":"#0","tintindex":0}}},{"from":[4.963157,7.3005266,8.424114],"to":[7.077443,7.986241,9.109828],"rotation":{"angle":0.0,"axis":"y","origin":[15.534586,2.8433838,8.624114]},"faces":{"east":{"uv":[7.375,7.8125,7.4375,7.875],"rotation":0,"texture":"#0","tintindex":0},"south":{"uv":[6.9375,5.6875,7.1875,5.75],"rotation":0,"texture":"#0","tintindex":0},"north":{"uv":[6.125,6.75,6.375,6.8125],"rotation":0,"texture":"#0","tintindex":0},"west":{"uv":[7.4375,7.8125,7.5,7.875],"rotation":0,"texture":"#0","tintindex":0},"up":{"uv":[7.25,1.625,7.0,1.5625],"rotation":0,"texture":"#0","tintindex":0},"down":{"uv":[7.4375,5.6875,7.1875,5.75],"rotation":0,"texture":"#0","tintindex":0}}},{"from":[4.963157,6.386241,8.424114],"to":[7.077443,7.071955,9.109828],"rotation":{"angle":0.0,"axis":"y","origin":[15.534586,2.8433838,8.624114]},"faces":{"east":{"uv":[0.25,7.875,0.3125,7.9375],"rotation":0,"texture":"#0","tintindex":0},"south":{"uv":[2.75,7.375,3.0,7.4375],"rotation":0,"texture":"#0","tintindex":0},"north":{"uv":[7.25,1.5625,7.5,1.625],"rotation":0,"texture":"#0","tintindex":0},"west":{"uv":[0.3125,7.875,0.375,7.9375],"rotation":0,"texture":"#0","tintindex":0},"up":{"uv":[7.875,1.1875,7.625,1.125],"rotation":0,"texture":"#0","tintindex":0},"down":{"uv":[8.0,3.4375,7.75,3.5],"rotation":0,"texture":"#0","tintindex":0}}},{"from":[4.963157,6.386241,6.766971],"to":[5.6488714,7.071955,8.424114],"rotation":{"angle":0.0,"axis":"y","origin":[15.534586,2.8433838,8.624114]},"faces":{"east":{"uv":[7.8125,3.25,8.0,3.3125],"rotation":0,"texture":"#0","tintindex":0},"south":{"uv":[0.1875,7.875,0.25,7.9375],"rotation":0,"texture":"#0","tintindex":0},"north":{"uv":[0.125,7.875,0.1875,7.9375],"rotation":0,"texture":"#0","tintindex":0},"west":{"uv":[3.625,7.8125,3.8125,7.875],"rotation":0,"texture":"#0","tintindex":0},"up":{"uv":[3.875,8.0,3.8125,7.8125],"rotation":0,"texture":"#0","tintindex":0},"down":{"uv":[4.3125,7.8125,4.25,8.0],"rotation":0,"texture":"#0","tintindex":0}}},{"from":[6.734586,8.100527,8.424114],"to":[7.3631573,8.900527,9.166971],"rotation":{"angle":0.0,"axis":"y","origin":[15.534586,2.8433838,8.624114]},"faces":{"east":{"uv":[7.8125,7.0,7.875,7.0625],"rotation":0,"texture":"#0","tintindex":0},"south":{"uv":[7.8125,7.0625,7.875,7.125],"rotation":0,"texture":"#0","tintindex":0},"north":{"uv":[7.0,7.8125,7.0625,7.875],"rotation":0,"texture":"#0","tintindex":0},"west":{"uv":[7.125,7.8125,7.1875,7.875],"rotation":0,"texture":"#0","tintindex":0},"up":{"uv":[7.875,7.1875,7.8125,7.125],"rotation":0,"texture":"#0","tintindex":0},"down":{"uv":[7.25,7.8125,7.1875,7.875],"rotation":0,"texture":"#0","tintindex":0}}},{"from":[6.734586,7.243384,8.424114],"to":[7.3631573,8.043384,9.166971],"rotation":{"angle":0.0,"axis":"y","origin":[15.534586,2.8433838,8.624114]},"faces":{"east":{"uv":[7.5625,7.8125,7.625,7.875],"rotation":0,"texture":"#0","tintindex":0},"south":{"uv":[7.75,7.8125,7.8125,7.875],"rotation":0,"texture":"#0","tintindex":0},"north":{"uv":[7.5,7.8125,7.5625,7.875],"rotation":0,"texture":"#0","tintindex":0},"west":{"uv":[7.8125,7.8125,7.875,7.875],"rotation":0,"texture":"#0","tintindex":0},"up":{"uv":[0.0625,7.9375,0.0,7.875],"rotation":0,"texture":"#0","tintindex":0},"down":{"uv":[0.125,7.875,0.0625,7.9375],"rotation":0,"texture":"#0","tintindex":0}}},{"from":[6.734586,6.329098,8.424114],"to":[7.3631573,7.129098,9.166971],"rotation":{"angle":0.0,"axis":"y","origin":[15.534586,2.8433838,8.624114]},"faces":{"east":{"uv":[0.4375,7.875,0.5,7.9375],"rotation":0,"texture":"#0","tintindex":0},"south":{"uv":[0.5,7.875,0.5625,7.9375],"rotation":0,"texture":"#0","tintindex":0},"north":{"uv":[0.375,7.875,0.4375,7.9375],"rotation":0,"texture":"#0","tintindex":0},"west":{"uv":[0.5625,7.875,0.625,7.9375],"rotation":0,"texture":"#0","tintindex":0},"up":{"uv":[0.6875,7.9375,0.625,7.875],"rotation":0,"texture":"#0","tintindex":0},"down":{"uv":[0.75,7.875,0.6875,7.9375],"rotation":0,"texture":"#0","tintindex":0}}},{"from":[7.3060145,9.814813,8.452685],"to":[7.934586,10.614813,9.195542],"rotation":{"angle":-45.0,"axis":"z","origin":[6.177443,8.500526,8.195542]},"faces":{"east":{"uv":[1.0625,7.875,1.125,7.9375],"rotation":0,"texture":"#0","tintindex":0},"south":{"uv":[1.125,7.875,1.1875,7.9375],"rotation":0,"texture":"#0","tintindex":0},"north":{"uv":[1.0,7.875,1.0625,7.9375],"rotation":0,"texture":"#0","tintindex":0},"west":{"uv":[7.875,1.125,7.9375,1.1875],"rotation":0,"texture":"#0","tintindex":0},"up":{"uv":[1.25,7.9375,1.1875,7.875],"rotation":0,"texture":"#0","tintindex":0},"down":{"uv":[2.0625,7.875,2.0,7.9375],"rotation":0,"texture":"#0","tintindex":0}}}],"textures":{"0":"modelengine:entity/texture"},"display":{"head":{"translation":[0.0,-6.4,0.0],"scale":[4.0,4.0,4.0]}}}