{"elements":[{"from":[7.1414623,9.814813,8.055102],"to":[7.770034,10.614813,8.797959],"rotation":{"angle":45.0,"axis":"z","origin":[8.898605,8.500526,7.7979593]},"faces":{"east":{"uv":[7.9375,1.125,7.875,1.1875],"rotation":0,"texture":"#0","tintindex":0},"south":{"uv":[1.1875,7.875,1.125,7.9375],"rotation":0,"texture":"#0","tintindex":0},"north":{"uv":[1.0625,7.875,1.0,7.9375],"rotation":0,"texture":"#0","tintindex":0},"west":{"uv":[1.125,7.875,1.0625,7.9375],"rotation":0,"texture":"#0","tintindex":0},"up":{"uv":[1.1875,7.9375,1.25,7.875],"rotation":0,"texture":"#0","tintindex":0},"down":{"uv":[2.0,7.875,2.0625,7.9375],"rotation":0,"texture":"#0","tintindex":0}}},{"from":[7.4271765,9.871956,8.055102],"to":[9.541462,10.55767,8.740816],"rotation":{"angle":45.0,"axis":"z","origin":[8.898605,8.500526,7.7979593]},"faces":{"east":{"uv":[1.0,7.875,0.9375,7.9375],"rotation":0,"texture":"#0","tintindex":0},"south":{"uv":[8.0,3.5625,7.75,3.625],"rotation":0,"texture":"#0","tintindex":0},"north":{"uv":[8.0,3.5,7.75,3.5625],"rotation":0,"texture":"#0","tintindex":0},"west":{"uv":[0.9375,7.875,0.875,7.9375],"rotation":0,"texture":"#0","tintindex":0},"up":{"uv":[3.625,7.8125,3.875,7.75],"rotation":0,"texture":"#0","tintindex":0},"down":{"uv":[7.75,3.625,8.0,3.6875],"rotation":0,"texture":"#0","tintindex":0}}},{"from":[8.855748,9.871956,6.397959],"to":[9.541462,10.55767,8.055102],"rotation":{"angle":45.0,"axis":"z","origin":[8.898605,8.500526,7.7979593]},"faces":{"east":{"uv":[4.875,7.8125,4.6875,7.875],"rotation":0,"texture":"#0","tintindex":0},"south":{"uv":[0.875,7.875,0.8125,7.9375],"rotation":0,"texture":"#0","tintindex":0},"north":{"uv":[0.8125,7.875,0.75,7.9375],"rotation":0,"texture":"#0","tintindex":0},"west":{"uv":[4.5,7.8125,4.3125,7.875],"rotation":0,"texture":"#0","tintindex":0},"up":{"uv":[4.875,8.0,4.9375,7.8125],"rotation":0,"texture":"#0","tintindex":0},"down":{"uv":[4.9375,7.8125,5.0,8.0],"rotation":0,"texture":"#0","tintindex":0}}},{"from":[7.712891,6.329098,8.02653],"to":[8.341462,7.129098,8.769388],"rotation":{"angle":0.0,"axis":"y","origin":[-0.45853806,2.8433838,8.226531]},"faces":{"east":{"uv":[0.625,7.875,0.5625,7.9375],"rotation":0,"texture":"#0","tintindex":0},"south":{"uv":[0.5625,7.875,0.5,7.9375],"rotation":0,"texture":"#0","tintindex":0},"north":{"uv":[0.4375,7.875,0.375,7.9375],"rotation":0,"texture":"#0","tintindex":0},"west":{"uv":[0.5,7.875,0.4375,7.9375],"rotation":0,"texture":"#0","tintindex":0},"up":{"uv":[0.625,7.9375,0.6875,7.875],"rotation":0,"texture":"#0","tintindex":0},"down":{"uv":[0.6875,7.875,0.75,7.9375],"rotation":0,"texture":"#0","tintindex":0}}},{"from":[7.9986053,6.386241,8.02653],"to":[10.112891,7.071955,8.712245],"rotation":{"angle":0.0,"axis":"y","origin":[-0.45853806,2.8433838,8.226531]},"faces":{"east":{"uv":[0.375,7.875,0.3125,7.9375],"rotation":0,"texture":"#0","tintindex":0},"south":{"uv":[3.0,7.375,2.75,7.4375],"rotation":0,"texture":"#0","tintindex":0},"north":{"uv":[7.5,1.5625,7.25,1.625],"rotation":0,"texture":"#0","tintindex":0},"west":{"uv":[0.3125,7.875,0.25,7.9375],"rotation":0,"texture":"#0","tintindex":0},"up":{"uv":[7.625,1.1875,7.875,1.125],"rotation":0,"texture":"#0","tintindex":0},"down":{"uv":[7.75,3.4375,8.0,3.5],"rotation":0,"texture":"#0","tintindex":0}}},{"from":[9.427176,6.386241,6.3693876],"to":[10.112891,7.071955,8.02653],"rotation":{"angle":0.0,"axis":"y","origin":[-0.45853806,2.8433838,8.226531]},"faces":{"east":{"uv":[3.8125,7.8125,3.625,7.875],"rotation":0,"texture":"#0","tintindex":0},"south":{"uv":[0.25,7.875,0.1875,7.9375],"rotation":0,"texture":"#0","tintindex":0},"north":{"uv":[0.1875,7.875,0.125,7.9375],"rotation":0,"texture":"#0","tintindex":0},"west":{"uv":[8.0,3.25,7.8125,3.3125],"rotation":0,"texture":"#0","tintindex":0},"up":{"uv":[3.8125,8.0,3.875,7.8125],"rotation":0,"texture":"#0","tintindex":0},"down":{"uv":[4.25,7.8125,4.3125,8.0],"rotation":0,"texture":"#0","tintindex":0}}},{"from":[7.712891,7.243384,8.02653],"to":[8.341462,8.043384,8.769388],"rotation":{"angle":0.0,"axis":"y","origin":[-0.45853806,2.8433838,8.226531]},"faces":{"east":{"uv":[7.875,7.8125,7.8125,7.875],"rotation":0,"texture":"#0","tintindex":0},"south":{"uv":[7.8125,7.8125,7.75,7.875],"rotation":0,"texture":"#0","tintindex":0},"north":{"uv":[7.5625,7.8125,7.5,7.875],"rotation":0,"texture":"#0","tintindex":0},"west":{"uv":[7.625,7.8125,7.5625,7.875],"rotation":0,"texture":"#0","tintindex":0},"up":{"uv":[0.0,7.9375,0.0625,7.875],"rotation":0,"texture":"#0","tintindex":0},"down":{"uv":[0.0625,7.875,0.125,7.9375],"rotation":0,"texture":"#0","tintindex":0}}},{"from":[7.9986053,7.3005266,8.02653],"to":[10.112891,7.986241,8.712245],"rotation":{"angle":0.0,"axis":"y","origin":[-0.45853806,2.8433838,8.226531]},"faces":{"east":{"uv":[7.5,7.8125,7.4375,7.875],"rotation":0,"texture":"#0","tintindex":0},"south":{"uv":[7.1875,5.6875,6.9375,5.75],"rotation":0,"texture":"#0","tintindex":0},"north":{"uv":[6.375,6.75,6.125,6.8125],"rotation":0,"texture":"#0","tintindex":0},"west":{"uv":[7.4375,7.8125,7.375,7.875],"rotation":0,"texture":"#0","tintindex":0},"up":{"uv":[7.0,1.625,7.25,1.5625],"rotation":0,"texture":"#0","tintindex":0},"down":{"uv":[7.1875,5.6875,7.4375,5.75],"rotation":0,"texture":"#0","tintindex":0}}},{"from":[9.427176,7.3005266,6.3693876],"to":[10.112891,7.986241,8.02653],"rotation":{"angle":0.0,"axis":"y","origin":[-0.45853806,2.8433838,8.226531]},"faces":{"east":{"uv":[8.0,3.0,7.8125,3.0625],"rotation":0,"texture":"#0","tintindex":0},"south":{"uv":[7.375,7.8125,7.3125,7.875],"rotation":0,"texture":"#0","tintindex":0},"north":{"uv":[7.3125,7.8125,7.25,7.875],"rotation":0,"texture":"#0","tintindex":0},"west":{"uv":[3.1875,7.8125,3.0,7.875],"rotation":0,"texture":"#0","tintindex":0},"up":{"uv":[7.8125,3.25,7.875,3.0625],"rotation":0,"texture":"#0","tintindex":0},"down":{"uv":[3.1875,7.8125,3.25,8.0],"rotation":0,"texture":"#0","tintindex":0}}},{"from":[7.712891,8.100527,8.02653],"to":[8.341462,8.900527,8.769388],"rotation":{"angle":0.0,"axis":"y","origin":[-0.45853806,2.8433838,8.226531]},"faces":{"east":{"uv":[7.1875,7.8125,7.125,7.875],"rotation":0,"texture":"#0","tintindex":0},"south":{"uv":[7.875,7.0625,7.8125,7.125],"rotation":0,"texture":"#0","tintindex":0},"north":{"uv":[7.0625,7.8125,7.0,7.875],"rotation":0,"texture":"#0","tintindex":0},"west":{"uv":[7.875,7.0,7.8125,7.0625],"rotation":0,"texture":"#0","tintindex":0},"up":{"uv":[7.8125,7.1875,7.875,7.125],"rotation":0,"texture":"#0","tintindex":0},"down":{"uv":[7.1875,7.8125,7.25,7.875],"rotation":0,"texture":"#0","tintindex":0}}},{"from":[9.427176,8.15767,6.3693876],"to":[10.112891,8.843384,8.02653],"rotation":{"angle":0.0,"axis":"y","origin":[-0.45853806,2.8433838,8.226531]},"faces":{"east":{"uv":[8.0,1.3125,7.8125,1.375],"rotation":0,"texture":"#0","tintindex":0},"south":{"uv":[7.875,6.9375,7.8125,7.0],"rotation":0,"texture":"#0","tintindex":0},"north":{"uv":[7.0,7.8125,6.9375,7.875],"rotation":0,"texture":"#0","tintindex":0},"west":{"uv":[8.0,1.0625,7.8125,1.125],"rotation":0,"texture":"#0","tintindex":0},"up":{"uv":[7.0625,7.9375,7.125,7.75],"rotation":0,"texture":"#0","tintindex":0},"down":{"uv":[2.9375,7.8125,3.0,8.0],"rotation":0,"texture":"#0","tintindex":0}}},{"from":[7.9986053,8.15767,8.02653],"to":[10.112891,8.843384,8.712245],"rotation":{"angle":0.0,"axis":"y","origin":[-0.45853806,2.8433838,8.226531]},"faces":{"east":{"uv":[6.9375,7.8125,6.875,7.875],"rotation":0,"texture":"#0","tintindex":0},"south":{"uv":[6.75,1.5625,6.5,1.625],"rotation":0,"texture":"#0","tintindex":0},"north":{"uv":[6.6875,5.6875,6.4375,5.75],"rotation":0,"texture":"#0","tintindex":0},"west":{"uv":[6.625,7.6875,6.5625,7.75],"rotation":0,"texture":"#0","tintindex":0},"up":{"uv":[6.6875,5.75,6.9375,5.6875],"rotation":0,"texture":"#0","tintindex":0},"down":{"uv":[6.75,1.5625,7.0,1.625],"rotation":0,"texture":"#0","tintindex":0}}},{"from":[5.312891,6.5005264,7.3408165],"to":[7.9986053,8.843384,8.712245],"rotation":{"angle":0.0,"axis":"y","origin":[-0.45853806,2.8433838,8.226531]},"faces":{"east":{"uv":[3.375,7.625,3.25,7.875],"rotation":0,"texture":"#0","tintindex":0},"south":{"uv":[2.125,7.375,1.8125,7.625],"rotation":0,"texture":"#0","tintindex":0},"north":{"uv":[1.8125,7.375,1.5,7.625],"rotation":0,"texture":"#0","tintindex":0},"west":{"uv":[4.8125,7.5,4.6875,7.75],"rotation":0,"texture":"#0","tintindex":0},"up":{"uv":[7.625,1.5,7.9375,1.375],"rotation":0,"texture":"#0","tintindex":0},"down":{"uv":[1.4375,7.625,1.75,7.75],"rotation":0,"texture":"#0","tintindex":0}}},{"from":[0.34146214,6.9005265,7.3408165],"to":[5.312891,8.443384,8.712245],"rotation":{"angle":0.0,"axis":"y","origin":[-0.45853806,2.8433838,8.226531]},"faces":{"east":{"uv":[6.375,7.6875,6.25,7.875],"rotation":0,"texture":"#0","tintindex":0},"south":{"uv":[4.8125,7.0625,4.25,7.25],"rotation":0,"texture":"#0","tintindex":0},"north":{"uv":[7.625,1.375,7.0625,1.5625],"rotation":0,"texture":"#0","tintindex":0},"west":{"uv":[6.25,7.6875,6.125,7.875],"rotation":0,"texture":"#0","tintindex":0},"up":{"uv":[7.4375,7.3125,8.0,7.1875],"rotation":0,"texture":"#0","tintindex":0},"down":{"uv":[7.5625,0.0,8.125,0.125],"rotation":0,"texture":"#0","tintindex":0}}}],"textures":{"0":"modelengine:entity/texture"},"display":{"head":{"translation":[0.0,-6.4,0.0],"scale":[4.0,4.0,4.0]}}}