{"elements":[{"from":[2.5714283,-0.57142925,4.3714285],"to":[13.428572,7.6571426,14.200001],"rotation":{"angle":0.0,"axis":"y","origin":[5.428571,-2.8571434,8.314285]},"faces":{"east":{"uv":[6.4375,2.6875,7.625,3.5625],"rotation":0,"texture":"#0","tintindex":0},"south":{"uv":[6.4375,3.5625,7.625,4.4375],"rotation":0,"texture":"#0","tintindex":0},"north":{"uv":[6.4375,2.6875,7.625,3.5625],"rotation":0,"texture":"#0","tintindex":0},"west":{"uv":[6.4375,2.6875,7.625,3.5625],"rotation":0,"texture":"#0","tintindex":0},"up":{"uv":[7.5625,6.8125,6.375,5.75],"rotation":0,"texture":"#0","tintindex":0},"down":{"uv":[6.4375,2.6875,7.625,3.5625],"rotation":0,"texture":"#0","tintindex":0}}},{"from":[4.285714,7.6571426,4.3714285],"to":[11.714286,15.885715,9.057143],"rotation":{"angle":0.0,"axis":"y","origin":[5.428571,-2.8571434,8.314285]},"faces":{"east":{"uv":[5.625,6.75,6.125,7.625],"rotation":0,"texture":"#0","tintindex":0},"south":{"uv":[4.8125,6.75,5.625,7.625],"rotation":0,"texture":"#0","tintindex":0},"north":{"uv":[2.1875,6.5,3.0,7.375],"rotation":0,"texture":"#0","tintindex":0},"west":{"uv":[6.125,6.8125,6.625,7.6875],"rotation":0,"texture":"#0","tintindex":0},"up":{"uv":[7.3125,1.375,6.5,0.875],"rotation":0,"texture":"#0","tintindex":0},"down":{"uv":[7.4375,6.8125,6.625,7.3125],"rotation":0,"texture":"#0","tintindex":0}}}],"textures":{"0":"modelengine:entity/texture"},"display":{"head":{"translation":[0.0,-6.4,0.0],"scale":[4.0,4.0,4.0]}}}