{"elements":[{"from":[9.447619,7.028571,7.580952],"to":[11.276191,9.028571,8.952381],"rotation":{"angle":0.0,"axis":"y","origin":[9.276191,3.1999998,8.066667]},"faces":{"east":{"uv":[4.0,7.4375,3.875,7.6875],"rotation":0,"texture":"#0","tintindex":0},"south":{"uv":[0.875,7.625,0.6875,7.875],"rotation":0,"texture":"#0","tintindex":0},"north":{"uv":[0.6875,7.625,0.5,7.875],"rotation":0,"texture":"#0","tintindex":0},"west":{"uv":[4.8125,7.25,4.6875,7.5],"rotation":0,"texture":"#0","tintindex":0},"up":{"uv":[6.375,7.8125,6.5625,7.6875],"rotation":0,"texture":"#0","tintindex":0},"down":{"uv":[7.25,7.6875,7.4375,7.8125],"rotation":0,"texture":"#0","tintindex":0}}},{"from":[6.8190475,7.257143,7.1809525],"to":[10.076191,8.8,8.552381],"rotation":{"angle":0.0,"axis":"y","origin":[9.276191,3.1999998,8.066667]},"faces":{"east":{"uv":[4.0,7.6875,3.875,7.875],"rotation":0,"texture":"#0","tintindex":0},"south":{"uv":[7.625,7.5,7.25,7.6875],"rotation":0,"texture":"#0","tintindex":0},"north":{"uv":[7.8125,7.0,7.4375,7.1875],"rotation":0,"texture":"#0","tintindex":0},"west":{"uv":[7.25,7.625,7.125,7.8125],"rotation":0,"texture":"#0","tintindex":0},"up":{"uv":[7.5625,0.875,7.9375,0.75],"rotation":0,"texture":"#0","tintindex":0},"down":{"uv":[7.5625,5.1875,7.9375,5.3125],"rotation":0,"texture":"#0","tintindex":0}}},{"from":[3.5619044,6.9714284,6.952381],"to":[6.8190475,8.914286,8.780952],"rotation":{"angle":0.0,"axis":"y","origin":[9.276191,3.1999998,8.066667]},"faces":{"east":{"uv":[7.8125,2.5625,7.625,2.75],"rotation":0,"texture":"#0","tintindex":0},"south":{"uv":[3.5,7.4375,3.125,7.625],"rotation":0,"texture":"#0","tintindex":0},"north":{"uv":[3.125,7.4375,2.75,7.625],"rotation":0,"texture":"#0","tintindex":0},"west":{"uv":[7.8125,2.375,7.625,2.5625],"rotation":0,"texture":"#0","tintindex":0},"up":{"uv":[3.5,7.625,3.875,7.4375],"rotation":0,"texture":"#0","tintindex":0},"down":{"uv":[7.4375,6.8125,7.8125,7.0],"rotation":0,"texture":"#0","tintindex":0}}}],"textures":{"0":"modelengine:entity/texture"},"display":{"head":{"translation":[0.0,-6.4,0.0],"scale":[4.0,4.0,4.0]}}}