{"elements":[{"from":[0.5714283,0.5428567,8.0],"to":[15.428572,15.457144,8.0],"rotation":{"angle":0.0,"axis":"y","origin":[6.285714,6.8285713,-0.74285793]},"faces":{"east":{"uv":[0.0,0.0,0.0,1.625],"rotation":0,"texture":"#0","tintindex":0},"south":{"uv":[1.625,1.625,0.0,3.25],"rotation":0,"texture":"#0","tintindex":0},"north":{"uv":[1.625,0.0,0.0,1.625],"rotation":0,"texture":"#0","tintindex":0},"west":{"uv":[0.0,0.0,0.0,1.625],"rotation":0,"texture":"#0","tintindex":0},"up":{"uv":[0.0,0.0,1.625,0.0],"rotation":0,"texture":"#0","tintindex":0},"down":{"uv":[0.0,0.0,1.625,0.0],"rotation":0,"texture":"#0","tintindex":0}}}],"textures":{"0":"modelengine:entity/texture"},"display":{"head":{"translation":[0.0,-6.4,0.0],"scale":[4.0,4.0,4.0]}}}