{"elements":[{"from":[5.714286,4.7253113,5.4670124],"to":[10.285714,6.6681685,10.724155],"rotation":{"angle":-22.5,"axis":"x","origin":[8.0,6.6110253,9.00987]},"faces":{"east":{"uv":[6.5,1.375,7.0625,1.5625],"rotation":0,"texture":"#0","tintindex":0},"south":{"uv":[7.25,7.3125,7.75,7.5],"rotation":0,"texture":"#0","tintindex":0},"north":{"uv":[7.3125,1.1875,7.8125,1.375],"rotation":0,"texture":"#0","tintindex":0},"west":{"uv":[4.25,6.875,4.8125,7.0625],"rotation":0,"texture":"#0","tintindex":0},"up":{"uv":[3.5,7.4375,3.0,6.875],"rotation":0,"texture":"#0","tintindex":0},"down":{"uv":[4.0,6.875,3.5,7.4375],"rotation":0,"texture":"#0","tintindex":0}}},{"from":[6.285714,6.2681684,6.838441],"to":[9.714286,8.7824545,10.152727],"rotation":{"angle":-22.5,"axis":"x","origin":[8.0,6.211025,9.00987]},"faces":{"east":{"uv":[0.375,7.375,0.75,7.625],"rotation":0,"texture":"#0","tintindex":0},"south":{"uv":[0.75,7.375,1.125,7.625],"rotation":0,"texture":"#0","tintindex":0},"north":{"uv":[0.0,7.375,0.375,7.625],"rotation":0,"texture":"#0","tintindex":0},"west":{"uv":[1.125,7.375,1.5,7.625],"rotation":0,"texture":"#0","tintindex":0},"up":{"uv":[6.8125,5.6875,6.4375,5.3125],"rotation":0,"texture":"#0","tintindex":0},"down":{"uv":[7.1875,5.3125,6.8125,5.6875],"rotation":0,"texture":"#0","tintindex":0}}},{"from":[7.542857,5.296634,6.4160395],"to":[8.457143,6.9537773,6.8731823],"rotation":{"angle":0.0,"axis":"y","origin":[8.028571,6.41092,6.9588966]},"faces":{"east":{"uv":[6.375,7.8125,6.4375,8.0],"rotation":0,"texture":"#0","tintindex":0},"south":{"uv":[1.875,7.75,2.0,7.9375],"rotation":0,"texture":"#0","tintindex":0},"north":{"uv":[1.75,7.75,1.875,7.9375],"rotation":0,"texture":"#0","tintindex":0},"west":{"uv":[7.8125,6.375,7.875,6.5625],"rotation":0,"texture":"#0","tintindex":0},"up":{"uv":[7.5625,5.75,7.4375,5.6875],"rotation":0,"texture":"#0","tintindex":0},"down":{"uv":[7.625,1.5625,7.5,1.625],"rotation":0,"texture":"#0","tintindex":0}}},{"from":[7.142857,5.296634,6.4160395],"to":[7.542857,5.9252057,6.8731823],"rotation":{"angle":0.0,"axis":"y","origin":[8.028571,6.41092,6.9588966]},"faces":{"east":{"uv":[4.4375,7.875,4.5,7.9375],"rotation":0,"texture":"#0","tintindex":0},"south":{"uv":[4.6875,7.875,4.75,7.9375],"rotation":0,"texture":"#0","tintindex":0},"north":{"uv":[7.875,4.375,7.9375,4.4375],"rotation":0,"texture":"#0","tintindex":0},"west":{"uv":[4.75,7.875,4.8125,7.9375],"rotation":0,"texture":"#0","tintindex":0},"up":{"uv":[4.875,7.9375,4.8125,7.875],"rotation":0,"texture":"#0","tintindex":0},"down":{"uv":[5.0625,7.875,5.0,7.9375],"rotation":0,"texture":"#0","tintindex":0}}},{"from":[8.457143,5.296634,6.4160395],"to":[8.857143,5.9252057,6.8731823],"rotation":{"angle":0.0,"axis":"y","origin":[7.9714284,6.41092,6.9588966]},"faces":{"east":{"uv":[5.125,7.875,5.1875,7.9375],"rotation":0,"texture":"#0","tintindex":0},"south":{"uv":[5.1875,7.875,5.25,7.9375],"rotation":0,"texture":"#0","tintindex":0},"north":{"uv":[5.0625,7.875,5.125,7.9375],"rotation":0,"texture":"#0","tintindex":0},"west":{"uv":[5.25,7.875,5.3125,7.9375],"rotation":0,"texture":"#0","tintindex":0},"up":{"uv":[5.375,7.9375,5.3125,7.875],"rotation":0,"texture":"#0","tintindex":0},"down":{"uv":[5.5625,7.875,5.5,7.9375],"rotation":0,"texture":"#0","tintindex":0}}},{"from":[4.5142856,6.2681684,7.8098693],"to":[7.142857,7.353883,9.067013],"rotation":{"angle":22.5,"axis":"z","origin":[5.142857,6.7253113,8.895584]},"faces":{"east":{"uv":[2.5625,7.75,2.6875,7.875],"rotation":0,"texture":"#0","tintindex":0},"south":{"uv":[7.625,1.75,7.9375,1.875],"rotation":0,"texture":"#0","tintindex":0},"north":{"uv":[1.75,7.625,2.0625,7.75],"rotation":0,"texture":"#0","tintindex":0},"west":{"uv":[5.9375,7.75,6.0625,7.875],"rotation":0,"texture":"#0","tintindex":0},"up":{"uv":[7.9375,2.0,7.625,1.875],"rotation":0,"texture":"#0","tintindex":0},"down":{"uv":[7.9375,2.0,7.625,2.125],"rotation":0,"texture":"#0","tintindex":0}}},{"from":[6.8,8.7824545,7.4670124],"to":[9.2,9.353883,9.695583],"rotation":{"angle":-22.5,"axis":"x","origin":[8.0,6.211025,9.00987]},"faces":{"east":{"uv":[7.8125,0.875,8.0625,0.9375],"rotation":0,"texture":"#0","tintindex":0},"south":{"uv":[7.8125,0.9375,8.0625,1.0],"rotation":0,"texture":"#0","tintindex":0},"north":{"uv":[7.75,7.75,8.0,7.8125],"rotation":0,"texture":"#0","tintindex":0},"west":{"uv":[7.8125,1.0,8.0625,1.0625],"rotation":0,"texture":"#0","tintindex":0},"up":{"uv":[3.25,6.75,3.0,6.5],"rotation":0,"texture":"#0","tintindex":0},"down":{"uv":[4.5,7.5625,4.25,7.8125],"rotation":0,"texture":"#0","tintindex":0}}},{"from":[4.6285715,8.325312,8.095584],"to":[6.9142857,9.582455,9.238441],"rotation":{"angle":-22.5,"axis":"z","origin":[5.3142858,9.068169,9.067013]},"faces":{"east":{"uv":[7.8125,1.1875,7.9375,1.3125],"rotation":0,"texture":"#0","tintindex":0},"south":{"uv":[3.625,7.625,3.875,7.75],"rotation":0,"texture":"#0","tintindex":0},"north":{"uv":[3.0,6.75,3.25,6.875],"rotation":0,"texture":"#0","tintindex":0},"west":{"uv":[7.8125,2.375,7.9375,2.5],"rotation":0,"texture":"#0","tintindex":0},"up":{"uv":[7.875,3.9375,7.625,3.8125],"rotation":0,"texture":"#0","tintindex":0},"down":{"uv":[7.875,3.9375,7.625,4.0625],"rotation":0,"texture":"#0","tintindex":0}}},{"from":[2.8357525,7.8733554,8.209869],"to":[4.892895,8.901927,9.124155],"rotation":{"angle":-45.0,"axis":"z","origin":[5.692895,8.787642,8.667012]},"faces":{"east":{"uv":[7.8125,2.5,7.9375,2.625],"rotation":0,"texture":"#0","tintindex":0},"south":{"uv":[7.625,4.1875,7.875,4.3125],"rotation":0,"texture":"#0","tintindex":0},"north":{"uv":[7.625,4.0625,7.875,4.1875],"rotation":0,"texture":"#0","tintindex":0},"west":{"uv":[7.8125,2.625,7.9375,2.75],"rotation":0,"texture":"#0","tintindex":0},"up":{"uv":[7.875,4.4375,7.625,4.3125],"rotation":0,"texture":"#0","tintindex":0},"down":{"uv":[5.0625,7.625,4.8125,7.75],"rotation":0,"texture":"#0","tintindex":0}}},{"from":[1.6058893,10.749716,8.667012],"to":[4.4058895,13.492574,8.667012],"rotation":{"angle":-45.0,"axis":"z","origin":[3.00589,12.121145,8.667012]},"faces":{"east":{"uv":[0.0,0.0,0.0,0.3125],"rotation":0,"texture":"#0","tintindex":0},"south":{"uv":[7.3125,0.875,7.625,1.1875],"rotation":0,"texture":"#0","tintindex":0},"north":{"uv":[4.25,7.25,4.5625,7.5625],"rotation":0,"texture":"#0","tintindex":0},"west":{"uv":[0.0,0.0,0.0,0.3125],"rotation":0,"texture":"#0","tintindex":0},"up":{"uv":[0.3125,0.0,0.0,0.0],"rotation":0,"texture":"#0","tintindex":0},"down":{"uv":[0.3125,0.0,0.0,0.0],"rotation":0,"texture":"#0","tintindex":0}}},{"from":[2.7999997,1.360745,7.132386],"to":[13.200001,9.589316,7.132386],"rotation":{"angle":45.0,"axis":"x","origin":[8.0,5.475031,7.089529]},"faces":{"east":{"uv":[0.0,0.0,0.0,0.875],"rotation":0,"texture":"#0","tintindex":0},"south":{"uv":[0.0,6.5,1.125,7.375],"rotation":0,"texture":"#0","tintindex":0},"north":{"uv":[6.4375,4.4375,7.5625,5.3125],"rotation":0,"texture":"#0","tintindex":0},"west":{"uv":[0.0,0.0,0.0,0.875],"rotation":0,"texture":"#0","tintindex":0},"up":{"uv":[1.125,0.0,0.0,0.0],"rotation":0,"texture":"#0","tintindex":0},"down":{"uv":[1.125,0.0,0.0,0.0],"rotation":0,"texture":"#0","tintindex":0}}},{"from":[13.1642475,7.8733554,8.667012],"to":[15.964248,10.616213,8.667012],"rotation":{"angle":45.0,"axis":"z","origin":[10.307105,8.787642,8.667012]},"faces":{"east":{"uv":[0.0,0.0,0.0,0.3125],"rotation":0,"texture":"#0","tintindex":0},"south":{"uv":[7.625,0.875,7.3125,1.1875],"rotation":0,"texture":"#0","tintindex":0},"north":{"uv":[4.5625,7.25,4.25,7.5625],"rotation":0,"texture":"#0","tintindex":0},"west":{"uv":[0.0,0.0,0.0,0.3125],"rotation":0,"texture":"#0","tintindex":0},"up":{"uv":[0.0,0.0,0.3125,0.0],"rotation":0,"texture":"#0","tintindex":0},"down":{"uv":[0.0,0.0,0.3125,0.0],"rotation":0,"texture":"#0","tintindex":0}}},{"from":[11.107105,7.8733554,8.209869],"to":[13.1642475,8.901927,9.124155],"rotation":{"angle":45.0,"axis":"z","origin":[10.307105,8.787642,8.667012]},"faces":{"east":{"uv":[7.9375,2.625,7.8125,2.75],"rotation":0,"texture":"#0","tintindex":0},"south":{"uv":[7.875,4.1875,7.625,4.3125],"rotation":0,"texture":"#0","tintindex":0},"north":{"uv":[7.875,4.0625,7.625,4.1875],"rotation":0,"texture":"#0","tintindex":0},"west":{"uv":[7.9375,2.5,7.8125,2.625],"rotation":0,"texture":"#0","tintindex":0},"up":{"uv":[7.625,4.4375,7.875,4.3125],"rotation":0,"texture":"#0","tintindex":0},"down":{"uv":[4.8125,7.625,5.0625,7.75],"rotation":0,"texture":"#0","tintindex":0}}},{"from":[9.085714,8.325312,8.095584],"to":[11.3714285,9.582455,9.238441],"rotation":{"angle":22.5,"axis":"z","origin":[10.685715,9.068169,9.067013]},"faces":{"east":{"uv":[7.9375,2.375,7.8125,2.5],"rotation":0,"texture":"#0","tintindex":0},"south":{"uv":[3.875,7.625,3.625,7.75],"rotation":0,"texture":"#0","tintindex":0},"north":{"uv":[3.25,6.75,3.0,6.875],"rotation":0,"texture":"#0","tintindex":0},"west":{"uv":[7.9375,1.1875,7.8125,1.3125],"rotation":0,"texture":"#0","tintindex":0},"up":{"uv":[7.625,3.9375,7.875,3.8125],"rotation":0,"texture":"#0","tintindex":0},"down":{"uv":[7.625,3.9375,7.875,4.0625],"rotation":0,"texture":"#0","tintindex":0}}},{"from":[8.857143,6.2681684,7.8098693],"to":[11.485714,7.353883,9.067013],"rotation":{"angle":-22.5,"axis":"z","origin":[10.857143,6.7253113,8.895584]},"faces":{"east":{"uv":[6.0625,7.75,5.9375,7.875],"rotation":0,"texture":"#0","tintindex":0},"south":{"uv":[7.9375,1.75,7.625,1.875],"rotation":0,"texture":"#0","tintindex":0},"north":{"uv":[2.0625,7.625,1.75,7.75],"rotation":0,"texture":"#0","tintindex":0},"west":{"uv":[2.6875,7.75,2.5625,7.875],"rotation":0,"texture":"#0","tintindex":0},"up":{"uv":[7.625,2.0,7.9375,1.875],"rotation":0,"texture":"#0","tintindex":0},"down":{"uv":[7.625,2.0,7.9375,2.125],"rotation":0,"texture":"#0","tintindex":0}}}],"textures":{"0":"modelengine:entity/texture"},"display":{"head":{"translation":[0.0,-6.4,0.0],"scale":[4.0,4.0,4.0]}}}