{"elements":[{"from":[7.142857,-5.851429,7.714286],"to":[7.714286,-1.851429,8.285714],"rotation":{"angle":0.0,"axis":"y","origin":[28.57143,-5.851429,8.0]},"faces":{"east":{"uv":[4.8125,5.3125,4.875,5.75],"rotation":0,"texture":"#0","tintindex":0},"south":{"uv":[4.5,7.5625,4.5625,8.0],"rotation":0,"texture":"#0","tintindex":0},"north":{"uv":[4.8125,4.875,4.875,5.3125],"rotation":0,"texture":"#0","tintindex":0},"west":{"uv":[6.0625,7.625,6.125,8.0625],"rotation":0,"texture":"#0","tintindex":0},"up":{"uv":[5.625,7.9375,5.5625,7.875],"rotation":0,"texture":"#0","tintindex":0},"down":{"uv":[5.6875,7.875,5.625,7.9375],"rotation":0,"texture":"#0","tintindex":0}}},{"from":[7.028571,-1.851429,7.4857144],"to":[7.8285713,10.72,8.514286],"rotation":{"angle":0.0,"axis":"y","origin":[28.57143,-5.851429,8.0]},"faces":{"east":{"uv":[4.0,6.875,4.125,8.25],"rotation":0,"texture":"#0","tintindex":0},"south":{"uv":[4.625,7.25,4.6875,8.625],"rotation":0,"texture":"#0","tintindex":0},"north":{"uv":[4.5625,7.25,4.625,8.625],"rotation":0,"texture":"#0","tintindex":0},"west":{"uv":[4.125,6.875,4.25,8.25],"rotation":0,"texture":"#0","tintindex":0},"up":{"uv":[6.875,7.9375,6.8125,7.8125],"rotation":0,"texture":"#0","tintindex":0},"down":{"uv":[7.875,6.8125,7.8125,6.9375],"rotation":0,"texture":"#0","tintindex":0}}},{"from":[6.5142856,10.72,7.0857143],"to":[8.342857,12.091429,8.914286],"rotation":{"angle":45.0,"axis":"y","origin":[7.428571,11.862858,8.0]},"faces":{"east":{"uv":[2.1875,7.75,2.375,7.875],"rotation":0,"texture":"#0","tintindex":0},"south":{"uv":[2.375,7.75,2.5625,7.875],"rotation":0,"texture":"#0","tintindex":0},"north":{"uv":[2.0,7.75,2.1875,7.875],"rotation":0,"texture":"#0","tintindex":0},"west":{"uv":[7.75,3.3125,7.9375,3.4375],"rotation":0,"texture":"#0","tintindex":0},"up":{"uv":[3.0625,7.8125,2.875,7.625],"rotation":0,"texture":"#0","tintindex":0},"down":{"uv":[7.8125,2.9375,7.625,3.125],"rotation":0,"texture":"#0","tintindex":0}}},{"from":[6.285714,12.091429,6.857143],"to":[8.571428,14.377143,9.142858],"rotation":{"angle":22.5,"axis":"y","origin":[7.428571,13.234285,8.0]},"faces":{"east":{"uv":[7.5625,5.9375,7.8125,6.1875],"rotation":0,"texture":"#0","tintindex":0},"south":{"uv":[7.5625,6.1875,7.8125,6.4375],"rotation":0,"texture":"#0","tintindex":0},"north":{"uv":[7.5625,5.6875,7.8125,5.9375],"rotation":0,"texture":"#0","tintindex":0},"west":{"uv":[7.5625,6.4375,7.8125,6.6875],"rotation":0,"texture":"#0","tintindex":0},"up":{"uv":[0.25,7.875,0.0,7.625],"rotation":0,"texture":"#0","tintindex":0},"down":{"uv":[0.5,7.625,0.25,7.875],"rotation":0,"texture":"#0","tintindex":0}}},{"from":[6.6285715,14.377143,7.2],"to":[8.228572,15.177143,8.8],"rotation":{"angle":45.0,"axis":"y","origin":[7.428571,11.862858,8.0]},"faces":{"east":{"uv":[7.8125,6.5625,8.0,6.625],"rotation":0,"texture":"#0","tintindex":0},"south":{"uv":[6.625,7.8125,6.8125,7.875],"rotation":0,"texture":"#0","tintindex":0},"north":{"uv":[6.4375,7.8125,6.625,7.875],"rotation":0,"texture":"#0","tintindex":0},"west":{"uv":[7.8125,6.625,8.0,6.6875],"rotation":0,"texture":"#0","tintindex":0},"up":{"uv":[3.25,7.8125,3.0625,7.625],"rotation":0,"texture":"#0","tintindex":0},"down":{"uv":[7.8125,3.125,7.625,3.3125],"rotation":0,"texture":"#0","tintindex":0}}}],"textures":{"0":"modelengine:entity/texture"},"display":{"head":{"translation":[0.0,-6.4,0.0],"scale":[4.0,4.0,4.0]}}}