{"textures":{"0":"minecraft:block/kumonosugaki"},"elements":[{"from":[4.000001,4.0,6.7754135],"to":[12.000001,12.0,6.7754135],"rotation":{"angle":0.0,"axis":"y","origin":[3.4285722,1.7142854,2.7754135]},"faces":{"east":{"uv":[0.0,0.0,0.0,3.5],"rotation":0,"texture":"#0","tintindex":0},"south":{"uv":[3.625,0.0,0.0,3.625],"rotation":0,"texture":"#0","tintindex":0},"north":{"uv":[0.0,0.0,3.625,3.625],"rotation":0,"texture":"#0","tintindex":0},"west":{"uv":[0.0,0.0,0.0,3.5],"rotation":0,"texture":"#0","tintindex":0},"up":{"uv":[3.5,0.0,0.0,0.0],"rotation":0,"texture":"#0","tintindex":0},"down":{"uv":[3.5,0.0,0.0,0.0],"rotation":0,"texture":"#0","tintindex":0}}},{"from":[13.57423,4.0,6.861219],"to":[21.57423,12.0,6.861219],"rotation":{"angle":-22.5,"axis":"y","origin":[13.002802,1.7142854,2.861219]},"faces":{"east":{"uv":[0.0,0.0,0.0,3.5],"rotation":0,"texture":"#0","tintindex":0},"south":{"uv":[10.625,7.0,7.125,10.625],"rotation":0,"texture":"#0","tintindex":0},"north":{"uv":[7.125,7.0,10.625,10.625],"rotation":0,"texture":"#0","tintindex":0},"west":{"uv":[0.0,0.0,0.0,3.5],"rotation":0,"texture":"#0","tintindex":0},"up":{"uv":[3.5,0.0,0.0,0.0],"rotation":0,"texture":"#0","tintindex":0},"down":{"uv":[3.5,0.0,0.0,0.0],"rotation":0,"texture":"#0","tintindex":0}}},{"from":[4.000001,-4.7477837,11.01607],"to":[12.000001,3.2522173,11.01607],"rotation":{"angle":-22.5,"axis":"x","origin":[3.4285722,-7.033498,7.0160704]},"faces":{"east":{"uv":[0.0,0.0,0.0,3.5],"rotation":0,"texture":"#0","tintindex":0},"south":{"uv":[7.125,7.0,3.5,10.5],"rotation":0,"texture":"#0","tintindex":0},"north":{"uv":[3.5,7.0,7.125,10.5],"rotation":0,"texture":"#0","tintindex":0},"west":{"uv":[0.0,0.0,0.0,3.5],"rotation":0,"texture":"#0","tintindex":0},"up":{"uv":[3.5,0.0,0.0,0.0],"rotation":0,"texture":"#0","tintindex":0},"down":{"uv":[3.5,0.0,0.0,0.0],"rotation":0,"texture":"#0","tintindex":0}}},{"from":[-4.878274,4.0,10.360037],"to":[3.121726,12.0,10.360037],"rotation":{"angle":22.5,"axis":"y","origin":[-5.4497023,1.7142854,6.3600364]},"faces":{"east":{"uv":[0.0,0.0,0.0,3.5],"rotation":0,"texture":"#0","tintindex":0},"south":{"uv":[3.5,7.0,0.0,10.625],"rotation":0,"texture":"#0","tintindex":0},"north":{"uv":[0.0,7.0,3.5,10.625],"rotation":0,"texture":"#0","tintindex":0},"west":{"uv":[0.0,0.0,0.0,3.5],"rotation":0,"texture":"#0","tintindex":0},"up":{"uv":[3.5,0.0,0.0,0.0],"rotation":0,"texture":"#0","tintindex":0},"down":{"uv":[3.5,0.0,0.0,0.0],"rotation":0,"texture":"#0","tintindex":0}}},{"from":[4.000001,11.69552,8.306145],"to":[12.000001,19.69552,8.306145],"rotation":{"angle":22.5,"axis":"x","origin":[8.000001,15.69552,8.306145]},"faces":{"east":{"uv":[0.0,0.0,0.0,3.5],"rotation":0,"texture":"#0","tintindex":0},"south":{"uv":[7.25,0.0,3.625,3.5],"rotation":0,"texture":"#0","tintindex":0},"north":{"uv":[3.625,0.0,7.25,3.5],"rotation":0,"texture":"#0","tintindex":0},"west":{"uv":[0.0,0.0,0.0,3.5],"rotation":0,"texture":"#0","tintindex":0},"up":{"uv":[3.5,0.0,0.0,0.0],"rotation":0,"texture":"#0","tintindex":0},"down":{"uv":[3.5,0.0,0.0,0.0],"rotation":0,"texture":"#0","tintindex":0}}}],"display":{"head":{"translation":[0.0,-6.4,0.0],"scale":[4.0,4.0,4.0]}}}