{"elements":[{"from":[7.1571426,9.935858,7.711931],"to":[8.842857,12.3644285,10.140503],"rotation":{"angle":45.0,"axis":"x","origin":[8.0,12.393,8.097646]},"faces":{"east":{"uv":[5.71875,9.09375,5.59375,9.21875],"rotation":0,"texture":"#0","tintindex":0},"south":{"uv":[5.8125,9.09375,5.71875,9.21875],"rotation":0,"texture":"#0","tintindex":0},"north":{"uv":[5.59375,9.09375,5.5,9.21875],"rotation":0,"texture":"#0","tintindex":0},"west":{"uv":[5.5,9.09375,5.375,9.21875],"rotation":0,"texture":"#0","tintindex":0},"up":{"uv":[5.5,9.09375,5.59375,8.96875],"rotation":0,"texture":"#0","tintindex":0},"down":{"uv":[5.59375,8.96875,5.6875,9.09375],"rotation":0,"texture":"#0","tintindex":0}}},{"from":[7.142857,6.9644284,6.0976458],"to":[8.857143,10.964429,9.526217],"rotation":{"angle":0.0,"axis":"y","origin":[10.0,3.5358567,2.669074]},"faces":{"east":{"uv":[9.125,8.90625,8.9375,9.125],"rotation":0,"texture":"#0","tintindex":0},"south":{"uv":[9.21875,8.90625,9.125,9.125],"rotation":0,"texture":"#0","tintindex":0},"north":{"uv":[8.9375,8.90625,8.84375,9.125],"rotation":0,"texture":"#0","tintindex":0},"west":{"uv":[8.84375,8.90625,8.65625,9.125],"rotation":0,"texture":"#0","tintindex":0},"up":{"uv":[8.84375,8.90625,8.9375,8.71875],"rotation":0,"texture":"#0","tintindex":0},"down":{"uv":[8.9375,8.71875,9.03125,8.90625],"rotation":0,"texture":"#0","tintindex":0}}},{"from":[6.5714283,1.2501426,6.0976458],"to":[9.428572,6.9644284,10.669074],"rotation":{"angle":0.0,"axis":"y","origin":[10.0,-10.749857,2.669074]},"faces":{"east":{"uv":[7.09375,8.5625,6.84375,8.875],"rotation":0,"texture":"#0","tintindex":0},"south":{"uv":[7.25,8.5625,7.09375,8.875],"rotation":0,"texture":"#0","tintindex":0},"north":{"uv":[6.84375,8.5625,6.6875,8.875],"rotation":0,"texture":"#0","tintindex":0},"west":{"uv":[6.6875,8.5625,6.4375,8.875],"rotation":0,"texture":"#0","tintindex":0},"up":{"uv":[6.6875,8.5625,6.84375,8.3125],"rotation":0,"texture":"#0","tintindex":0},"down":{"uv":[6.84375,8.3125,7.0,8.5625],"rotation":0,"texture":"#0","tintindex":0}}}],"textures":{"0":"modelengine:entity/scolopendre"},"display":{"head":{"translation":[0.0,-6.4,0.0],"scale":[4.0,4.0,4.0]}}}