{"elements":[{"from":[-0.2857151,5.714286,5.142857],"to":[8.285714,10.285714,10.857143],"rotation":{"angle":0.0,"axis":"y","origin":[4.5714283,8.0,8.0]},"faces":{"east":{"uv":[7.75,2.1875,8.0625,2.4375],"rotation":0,"texture":"#0","tintindex":0},"south":{"uv":[8.84375,2.1875,9.3125,2.4375],"rotation":0,"texture":"#0","tintindex":0},"north":{"uv":[8.0625,2.1875,8.53125,2.4375],"rotation":0,"texture":"#0","tintindex":0},"west":{"uv":[8.53125,2.1875,8.84375,2.4375],"rotation":0,"texture":"#0","tintindex":0},"up":{"uv":[8.53125,2.1875,8.0625,1.875],"rotation":0,"texture":"#0","tintindex":0},"down":{"uv":[9.0,1.875,8.53125,2.1875],"rotation":0,"texture":"#0","tintindex":0}}}],"textures":{"0":"modelengine:entity/scolopendre"},"display":{"head":{"translation":[0.0,-6.4,0.0],"scale":[4.0,4.0,4.0]}}}