{"elements":[{"from":[3.7142854,8.977377,11.43452],"to":[6.5714283,12.405949,14.863092],"rotation":{"angle":45.0,"axis":"x","origin":[8.0,8.0,8.0]},"faces":{"east":{"uv":[5.40625,8.75,5.21875,8.9375],"rotation":0,"texture":"#0","tintindex":0},"south":{"uv":[5.5625,8.75,5.40625,8.9375],"rotation":0,"texture":"#0","tintindex":0},"north":{"uv":[5.21875,8.75,5.0625,8.9375],"rotation":0,"texture":"#0","tintindex":0},"west":{"uv":[5.0625,8.75,4.875,8.9375],"rotation":0,"texture":"#0","tintindex":0},"up":{"uv":[5.0625,8.75,5.21875,8.5625],"rotation":0,"texture":"#0","tintindex":0},"down":{"uv":[5.21875,8.5625,5.375,8.75],"rotation":0,"texture":"#0","tintindex":0}}},{"from":[7.7714286,8.371285,20.199858],"to":[10.057143,11.228429,23.057001],"rotation":{"angle":45.0,"axis":"x","origin":[6.9142857,8.0,16.8]},"faces":{"east":{"uv":[4.15625,8.9375,4.0,9.09375],"rotation":0,"texture":"#0","tintindex":0},"south":{"uv":[4.28125,8.9375,4.15625,9.09375],"rotation":0,"texture":"#0","tintindex":0},"north":{"uv":[4.0,8.9375,3.875,9.09375],"rotation":0,"texture":"#0","tintindex":0},"west":{"uv":[3.875,8.9375,3.71875,9.09375],"rotation":0,"texture":"#0","tintindex":0},"up":{"uv":[3.875,8.9375,4.0,8.78125],"rotation":0,"texture":"#0","tintindex":0},"down":{"uv":[4.0,8.78125,4.125,8.9375],"rotation":0,"texture":"#0","tintindex":0}}},{"from":[7.142857,3.1184912,6.147063],"to":[9.428572,5.975634,9.004206],"rotation":{"angle":45.0,"axis":"x","origin":[8.0,8.0,8.0]},"faces":{"east":{"uv":[4.15625,8.9375,4.0,9.09375],"rotation":0,"texture":"#0","tintindex":0},"south":{"uv":[4.28125,8.9375,4.15625,9.09375],"rotation":0,"texture":"#0","tintindex":0},"north":{"uv":[4.0,8.9375,3.875,9.09375],"rotation":0,"texture":"#0","tintindex":0},"west":{"uv":[3.875,8.9375,3.71875,9.09375],"rotation":0,"texture":"#0","tintindex":0},"up":{"uv":[3.875,8.9375,4.0,8.78125],"rotation":0,"texture":"#0","tintindex":0},"down":{"uv":[4.0,8.78125,4.125,8.9375],"rotation":0,"texture":"#0","tintindex":0}}}],"textures":{"0":"modelengine:entity/scolopendre"},"display":{"head":{"translation":[0.0,-6.4,0.0],"scale":[4.0,4.0,4.0]}}}