{"elements":[{"from":[5.4266114,8.975417,9.073457],"to":[7.1123257,11.003988,11.102029],"rotation":{"angle":0.0,"axis":"y","origin":[6.2694683,7.901954,5.714286]},"faces":{"east":{"uv":[9.3125,1.6875,9.21875,1.78125],"rotation":0,"texture":"#0","tintindex":0},"south":{"uv":[9.40625,1.6875,9.3125,1.78125],"rotation":0,"texture":"#0","tintindex":0},"north":{"uv":[9.21875,1.6875,9.125,1.78125],"rotation":0,"texture":"#0","tintindex":0},"west":{"uv":[9.125,1.6875,9.03125,1.78125],"rotation":0,"texture":"#0","tintindex":0},"up":{"uv":[9.125,1.6875,9.21875,1.59375],"rotation":0,"texture":"#0","tintindex":0},"down":{"uv":[9.21875,1.59375,9.3125,1.6875],"rotation":0,"texture":"#0","tintindex":0}}},{"from":[5.412326,9.0754175,5.916314],"to":[7.126611,12.503988,8.773458],"rotation":{"angle":45.0,"axis":"x","origin":[6.2694683,7.901954,5.714286]},"faces":{"east":{"uv":[4.71875,8.9375,4.5625,9.125],"rotation":0,"texture":"#0","tintindex":0},"south":{"uv":[4.8125,8.9375,4.71875,9.125],"rotation":0,"texture":"#0","tintindex":0},"north":{"uv":[4.5625,8.9375,4.46875,9.125],"rotation":0,"texture":"#0","tintindex":0},"west":{"uv":[4.46875,8.9375,4.3125,9.125],"rotation":0,"texture":"#0","tintindex":0},"up":{"uv":[4.46875,8.9375,4.5625,8.78125],"rotation":0,"texture":"#0","tintindex":0},"down":{"uv":[4.5625,8.78125,4.65625,8.9375],"rotation":0,"texture":"#0","tintindex":0}}},{"from":[4.840897,5.646846,5.916314],"to":[7.69804,9.0754175,9.344886],"rotation":{"angle":45.0,"axis":"x","origin":[6.2694683,7.901954,5.714286]},"faces":{"east":{"uv":[3.53125,8.84375,3.34375,9.03125],"rotation":0,"texture":"#0","tintindex":0},"south":{"uv":[3.6875,8.84375,3.53125,9.03125],"rotation":0,"texture":"#0","tintindex":0},"north":{"uv":[3.34375,8.84375,3.1875,9.03125],"rotation":0,"texture":"#0","tintindex":0},"west":{"uv":[3.1875,8.84375,3.0,9.03125],"rotation":0,"texture":"#0","tintindex":0},"up":{"uv":[3.1875,8.84375,3.34375,8.65625],"rotation":0,"texture":"#0","tintindex":0},"down":{"uv":[3.34375,8.65625,3.5,8.84375],"rotation":0,"texture":"#0","tintindex":0}}},{"from":[3.7142854,8.977377,11.43452],"to":[6.5714283,12.405949,14.863092],"rotation":{"angle":45.0,"axis":"x","origin":[8.0,8.0,8.0]},"faces":{"east":{"uv":[5.40625,8.75,5.21875,8.9375],"rotation":0,"texture":"#0","tintindex":0},"south":{"uv":[5.5625,8.75,5.40625,8.9375],"rotation":0,"texture":"#0","tintindex":0},"north":{"uv":[5.21875,8.75,5.0625,8.9375],"rotation":0,"texture":"#0","tintindex":0},"west":{"uv":[5.0625,8.75,4.875,8.9375],"rotation":0,"texture":"#0","tintindex":0},"up":{"uv":[5.0625,8.75,5.21875,8.5625],"rotation":0,"texture":"#0","tintindex":0},"down":{"uv":[5.21875,8.5625,5.375,8.75],"rotation":0,"texture":"#0","tintindex":0}}},{"from":[8.857143,8.371285,11.3998575],"to":[11.142858,11.228429,14.257],"rotation":{"angle":45.0,"axis":"x","origin":[8.0,8.0,8.0]},"faces":{"east":{"uv":[4.15625,8.9375,4.0,9.09375],"rotation":0,"texture":"#0","tintindex":0},"south":{"uv":[4.28125,8.9375,4.15625,9.09375],"rotation":0,"texture":"#0","tintindex":0},"north":{"uv":[4.0,8.9375,3.875,9.09375],"rotation":0,"texture":"#0","tintindex":0},"west":{"uv":[3.875,8.9375,3.71875,9.09375],"rotation":0,"texture":"#0","tintindex":0},"up":{"uv":[3.875,8.9375,4.0,8.78125],"rotation":0,"texture":"#0","tintindex":0},"down":{"uv":[4.0,8.78125,4.125,8.9375],"rotation":0,"texture":"#0","tintindex":0}}},{"from":[7.142857,3.1184912,6.147063],"to":[9.428572,5.975634,9.004206],"rotation":{"angle":45.0,"axis":"x","origin":[8.0,8.0,8.0]},"faces":{"east":{"uv":[4.15625,8.9375,4.0,9.09375],"rotation":0,"texture":"#0","tintindex":0},"south":{"uv":[4.28125,8.9375,4.15625,9.09375],"rotation":0,"texture":"#0","tintindex":0},"north":{"uv":[4.0,8.9375,3.875,9.09375],"rotation":0,"texture":"#0","tintindex":0},"west":{"uv":[3.875,8.9375,3.71875,9.09375],"rotation":0,"texture":"#0","tintindex":0},"up":{"uv":[3.875,8.9375,4.0,8.78125],"rotation":0,"texture":"#0","tintindex":0},"down":{"uv":[4.0,8.78125,4.125,8.9375],"rotation":0,"texture":"#0","tintindex":0}}}],"textures":{"0":"modelengine:entity/scolopendre"},"display":{"head":{"translation":[0.0,-6.4,0.0],"scale":[4.0,4.0,4.0]}}}