{"elements":[{"from":[8.810029,5.3101025,6.5714283],"to":[14.524315,9.881532,9.428572],"rotation":{"angle":0.0,"axis":"y","origin":[13.095743,8.167246,8.285714]},"faces":{"east":{"uv":[5.53125,7.40625,5.375,7.65625],"rotation":0,"texture":"#0","tintindex":0},"south":{"uv":[5.84375,7.40625,5.53125,7.65625],"rotation":0,"texture":"#0","tintindex":0},"north":{"uv":[5.375,7.40625,5.0625,7.65625],"rotation":0,"texture":"#0","tintindex":0},"west":{"uv":[5.0625,7.40625,4.90625,7.65625],"rotation":0,"texture":"#0","tintindex":0},"up":{"uv":[5.0625,7.40625,5.375,7.25],"rotation":0,"texture":"#0","tintindex":0},"down":{"uv":[5.375,7.25,5.6875,7.40625],"rotation":0,"texture":"#0","tintindex":0}}},{"from":[7.9528856,4.45296,6.857143],"to":[10.2386,6.738674,9.142858],"rotation":{"angle":-45.0,"axis":"z","origin":[11.6671715,7.8815312,8.0]},"faces":{"east":{"uv":[1.28125,9.0625,1.15625,9.1875],"rotation":0,"texture":"#0","tintindex":0},"south":{"uv":[1.40625,9.0625,1.28125,9.1875],"rotation":0,"texture":"#0","tintindex":0},"north":{"uv":[1.15625,9.0625,1.03125,9.1875],"rotation":0,"texture":"#0","tintindex":0},"west":{"uv":[1.03125,9.0625,0.90625,9.1875],"rotation":0,"texture":"#0","tintindex":0},"up":{"uv":[1.03125,9.0625,1.15625,8.9375],"rotation":0,"texture":"#0","tintindex":0},"down":{"uv":[1.15625,8.9375,1.28125,9.0625],"rotation":0,"texture":"#0","tintindex":0}}},{"from":[14.524315,6.45296,7.142857],"to":[25.952887,9.881532,8.857143],"rotation":{"angle":0.0,"axis":"y","origin":[18.810028,8.167246,8.285714]},"faces":{"east":{"uv":[8.9375,0.09375,8.84375,0.28125],"rotation":0,"texture":"#0","tintindex":0},"south":{"uv":[9.5625,0.09375,8.9375,0.28125],"rotation":0,"texture":"#0","tintindex":0},"north":{"uv":[8.84375,0.09375,8.21875,0.28125],"rotation":0,"texture":"#0","tintindex":0},"west":{"uv":[8.21875,0.09375,8.125,0.28125],"rotation":0,"texture":"#0","tintindex":0},"up":{"uv":[8.21875,0.09375,8.84375,0.0],"rotation":0,"texture":"#0","tintindex":0},"down":{"uv":[8.84375,0.0,9.46875,0.09375],"rotation":0,"texture":"#0","tintindex":0}}},{"from":[25.21003,8.624389,7.2],"to":[27.61003,11.024389,8.8],"rotation":{"angle":45.0,"axis":"z","origin":[28.181458,8.395817,8.0]},"faces":{"east":{"uv":[6.15625,9.0625,6.0625,9.1875],"rotation":0,"texture":"#0","tintindex":0},"south":{"uv":[6.28125,9.0625,6.15625,9.1875],"rotation":0,"texture":"#0","tintindex":0},"north":{"uv":[6.0625,9.0625,5.9375,9.1875],"rotation":0,"texture":"#0","tintindex":0},"west":{"uv":[5.9375,9.0625,5.84375,9.1875],"rotation":0,"texture":"#0","tintindex":0},"up":{"uv":[5.9375,9.0625,6.0625,8.96875],"rotation":0,"texture":"#0","tintindex":0},"down":{"uv":[6.0625,8.96875,6.1875,9.0625],"rotation":0,"texture":"#0","tintindex":0}}}],"textures":{"0":"modelengine:entity/scolopendre"},"display":{"head":{"translation":[0.0,-6.4,0.0],"scale":[4.0,4.0,4.0]}}}