{"elements":[{"from":[7.714286,5.142857,5.142857],"to":[16.285715,9.714286,10.857143],"rotation":{"angle":0.0,"axis":"y","origin":[11.428572,7.428571,8.0]},"faces":{"east":{"uv":[8.84375,2.1875,8.53125,2.4375],"rotation":0,"texture":"#0","tintindex":0},"south":{"uv":[9.3125,2.1875,8.84375,2.4375],"rotation":0,"texture":"#0","tintindex":0},"north":{"uv":[8.53125,2.1875,8.0625,2.4375],"rotation":0,"texture":"#0","tintindex":0},"west":{"uv":[8.0625,2.1875,7.75,2.4375],"rotation":0,"texture":"#0","tintindex":0},"up":{"uv":[8.0625,2.1875,8.53125,1.875],"rotation":0,"texture":"#0","tintindex":0},"down":{"uv":[8.53125,1.875,9.0,2.1875],"rotation":0,"texture":"#0","tintindex":0}}}],"textures":{"0":"modelengine:entity/scolopendre"},"display":{"head":{"translation":[0.0,-6.4,0.0],"scale":[4.0,4.0,4.0]}}}