{"elements":[{"from":[6.285714,16.0,2.8571424],"to":[9.714286,21.714287,7.428571],"rotation":{"angle":45.0,"axis":"x","origin":[8.0,8.0,8.0]},"faces":{"east":{"uv":[8.25,5.375,8.5,5.6875],"rotation":0,"texture":"#0","tintindex":0},"south":{"uv":[8.9375,5.375,9.125,5.6875],"rotation":0,"texture":"#0","tintindex":0},"north":{"uv":[8.5,5.375,8.6875,5.6875],"rotation":0,"texture":"#0","tintindex":0},"west":{"uv":[8.6875,5.375,8.9375,5.6875],"rotation":0,"texture":"#0","tintindex":0},"up":{"uv":[8.6875,5.375,8.5,5.125],"rotation":0,"texture":"#0","tintindex":0},"down":{"uv":[8.875,5.125,8.6875,5.375],"rotation":0,"texture":"#0","tintindex":0}}},{"from":[5.142857,9.714286,2.8571424],"to":[10.857143,16.0,8.571428],"rotation":{"angle":45.0,"axis":"x","origin":[8.0,8.0,8.0]},"faces":{"east":{"uv":[7.96875,8.0625,8.28125,8.40625],"rotation":0,"texture":"#0","tintindex":0},"south":{"uv":[8.90625,8.0625,9.21875,8.40625],"rotation":0,"texture":"#0","tintindex":0},"north":{"uv":[8.28125,8.0625,8.59375,8.40625],"rotation":0,"texture":"#0","tintindex":0},"west":{"uv":[8.59375,8.0625,8.90625,8.40625],"rotation":0,"texture":"#0","tintindex":0},"up":{"uv":[8.59375,8.0625,8.28125,7.75],"rotation":0,"texture":"#0","tintindex":0},"down":{"uv":[8.90625,7.75,8.59375,8.0625],"rotation":0,"texture":"#0","tintindex":0}}},{"from":[6.857143,21.714287,2.8571424],"to":[9.142858,26.285715,6.285714],"rotation":{"angle":45.0,"axis":"x","origin":[8.0,8.0,8.0]},"faces":{"east":{"uv":[1.6875,8.75,1.875,9.0],"rotation":0,"texture":"#0","tintindex":0},"south":{"uv":[2.1875,8.75,2.3125,9.0],"rotation":0,"texture":"#0","tintindex":0},"north":{"uv":[1.875,8.75,2.0,9.0],"rotation":0,"texture":"#0","tintindex":0},"west":{"uv":[2.0,8.75,2.1875,9.0],"rotation":0,"texture":"#0","tintindex":0},"up":{"uv":[2.0,8.75,1.875,8.5625],"rotation":0,"texture":"#0","tintindex":0},"down":{"uv":[2.125,8.5625,2.0,8.75],"rotation":0,"texture":"#0","tintindex":0}}},{"from":[6.8714285,22.18079,17.327995],"to":[9.1285715,24.55222,19.699423],"rotation":{"angle":0.0,"axis":"y","origin":[8.0,23.137932,18.742281]},"faces":{"east":{"uv":[7.9375,9.03125,8.0625,9.15625],"rotation":0,"texture":"#0","tintindex":0},"south":{"uv":[8.3125,9.03125,8.4375,9.15625],"rotation":0,"texture":"#0","tintindex":0},"north":{"uv":[8.0625,9.03125,8.1875,9.15625],"rotation":0,"texture":"#0","tintindex":0},"west":{"uv":[8.1875,9.03125,8.3125,9.15625],"rotation":0,"texture":"#0","tintindex":0},"up":{"uv":[8.1875,9.03125,8.0625,8.90625],"rotation":0,"texture":"#0","tintindex":0},"down":{"uv":[8.3125,8.90625,8.1875,9.03125],"rotation":0,"texture":"#0","tintindex":0}}}],"textures":{"0":"modelengine:entity/scolopendre"},"display":{"head":{"translation":[0.0,-6.4,0.0],"scale":[4.0,4.0,4.0]}}}