{"elements":[{"from":[7.1571426,9.073457,11.359172],"to":[8.842857,11.102029,13.387743],"rotation":{"angle":0.0,"axis":"y","origin":[8.0,8.0,8.0]},"faces":{"east":{"uv":[9.3125,1.6875,9.21875,1.78125],"rotation":0,"texture":"#0","tintindex":0},"south":{"uv":[9.40625,1.6875,9.3125,1.78125],"rotation":0,"texture":"#0","tintindex":0},"north":{"uv":[9.21875,1.6875,9.125,1.78125],"rotation":0,"texture":"#0","tintindex":0},"west":{"uv":[9.125,1.6875,9.03125,1.78125],"rotation":0,"texture":"#0","tintindex":0},"up":{"uv":[9.125,1.6875,9.21875,1.59375],"rotation":0,"texture":"#0","tintindex":0},"down":{"uv":[9.21875,1.59375,9.3125,1.6875],"rotation":0,"texture":"#0","tintindex":0}}},{"from":[7.142857,9.173457,8.202028],"to":[8.857143,12.602029,11.059172],"rotation":{"angle":45.0,"axis":"x","origin":[8.0,8.0,8.0]},"faces":{"east":{"uv":[4.71875,8.9375,4.5625,9.125],"rotation":0,"texture":"#0","tintindex":0},"south":{"uv":[4.8125,8.9375,4.71875,9.125],"rotation":0,"texture":"#0","tintindex":0},"north":{"uv":[4.5625,8.9375,4.46875,9.125],"rotation":0,"texture":"#0","tintindex":0},"west":{"uv":[4.46875,8.9375,4.3125,9.125],"rotation":0,"texture":"#0","tintindex":0},"up":{"uv":[4.46875,8.9375,4.5625,8.78125],"rotation":0,"texture":"#0","tintindex":0},"down":{"uv":[4.5625,8.78125,4.65625,8.9375],"rotation":0,"texture":"#0","tintindex":0}}},{"from":[6.5714283,5.7448854,8.202028],"to":[9.428572,9.173457,11.6306],"rotation":{"angle":45.0,"axis":"x","origin":[8.0,8.0,8.0]},"faces":{"east":{"uv":[3.53125,8.84375,3.34375,9.03125],"rotation":0,"texture":"#0","tintindex":0},"south":{"uv":[3.6875,8.84375,3.53125,9.03125],"rotation":0,"texture":"#0","tintindex":0},"north":{"uv":[3.34375,8.84375,3.1875,9.03125],"rotation":0,"texture":"#0","tintindex":0},"west":{"uv":[3.1875,8.84375,3.0,9.03125],"rotation":0,"texture":"#0","tintindex":0},"up":{"uv":[3.1875,8.84375,3.34375,8.65625],"rotation":0,"texture":"#0","tintindex":0},"down":{"uv":[3.34375,8.65625,3.5,8.84375],"rotation":0,"texture":"#0","tintindex":0}}},{"from":[3.7142854,8.977377,11.43452],"to":[6.5714283,12.405949,14.863092],"rotation":{"angle":45.0,"axis":"x","origin":[8.0,8.0,8.0]},"faces":{"east":{"uv":[5.40625,8.75,5.21875,8.9375],"rotation":0,"texture":"#0","tintindex":0},"south":{"uv":[5.5625,8.75,5.40625,8.9375],"rotation":0,"texture":"#0","tintindex":0},"north":{"uv":[5.21875,8.75,5.0625,8.9375],"rotation":0,"texture":"#0","tintindex":0},"west":{"uv":[5.0625,8.75,4.875,8.9375],"rotation":0,"texture":"#0","tintindex":0},"up":{"uv":[5.0625,8.75,5.21875,8.5625],"rotation":0,"texture":"#0","tintindex":0},"down":{"uv":[5.21875,8.5625,5.375,8.75],"rotation":0,"texture":"#0","tintindex":0}}},{"from":[8.857143,3.5225487,6.5511255],"to":[11.142858,6.379691,9.408269],"rotation":{"angle":45.0,"axis":"x","origin":[8.0,8.0,8.0]},"faces":{"east":{"uv":[4.15625,8.9375,4.0,9.09375],"rotation":0,"texture":"#0","tintindex":0},"south":{"uv":[4.28125,8.9375,4.15625,9.09375],"rotation":0,"texture":"#0","tintindex":0},"north":{"uv":[4.0,8.9375,3.875,9.09375],"rotation":0,"texture":"#0","tintindex":0},"west":{"uv":[3.875,8.9375,3.71875,9.09375],"rotation":0,"texture":"#0","tintindex":0},"up":{"uv":[3.875,8.9375,4.0,8.78125],"rotation":0,"texture":"#0","tintindex":0},"down":{"uv":[4.0,8.78125,4.125,8.9375],"rotation":0,"texture":"#0","tintindex":0}}}],"textures":{"0":"modelengine:entity/scolopendre"},"display":{"head":{"translation":[0.0,-6.4,0.0],"scale":[4.0,4.0,4.0]}}}