{"elements":[{"from":[4.0,7.428571,7.428571],"to":[8.0,8.571428,8.571428],"rotation":{"angle":0.0,"axis":"y","origin":[19.428572,7.714286,8.571428]},"faces":{"east":{"uv":[8.75,6.96875,8.6875,7.03125],"rotation":0,"texture":"#0","tintindex":0},"south":{"uv":[8.96875,6.96875,8.75,7.03125],"rotation":0,"texture":"#0","tintindex":0},"north":{"uv":[8.6875,6.96875,8.46875,7.03125],"rotation":0,"texture":"#0","tintindex":0},"west":{"uv":[8.46875,6.96875,8.40625,7.03125],"rotation":0,"texture":"#0","tintindex":0},"up":{"uv":[8.46875,6.96875,8.6875,6.90625],"rotation":0,"texture":"#0","tintindex":0},"down":{"uv":[8.6875,6.90625,8.90625,6.96875],"rotation":0,"texture":"#0","tintindex":0}}}],"textures":{"0":"modelengine:entity/scolopendre"},"display":{"head":{"translation":[0.0,-6.4,0.0],"scale":[4.0,4.0,4.0]}}}