{"elements":[{"from":[5.2222967,7.428571,7.426811],"to":[8.07944,8.571428,8.569669],"rotation":{"angle":0.0,"axis":"y","origin":[23.508013,7.714286,8.569669]},"faces":{"east":{"uv":[9.28125,6.96875,9.21875,7.03125],"rotation":0,"texture":"#0","tintindex":0},"south":{"uv":[9.4375,6.96875,9.28125,7.03125],"rotation":0,"texture":"#0","tintindex":0},"north":{"uv":[9.21875,6.96875,9.0625,7.03125],"rotation":0,"texture":"#0","tintindex":0},"west":{"uv":[9.0625,6.96875,9.0,7.03125],"rotation":0,"texture":"#0","tintindex":0},"up":{"uv":[9.0625,6.96875,9.21875,6.90625],"rotation":0,"texture":"#0","tintindex":0},"down":{"uv":[9.21875,6.90625,9.375,6.96875],"rotation":0,"texture":"#0","tintindex":0}}},{"from":[4.6638002,7.187074,7.4303255],"to":[5.4637995,7.9870744,8.573183],"rotation":{"angle":45.0,"axis":"z","origin":[4.6508684,8.0,7.99824]},"faces":{"east":{"uv":[5.28125,7.75,5.21875,7.78125],"rotation":0,"texture":"#0","tintindex":0},"south":{"uv":[5.3125,7.75,5.28125,7.78125],"rotation":0,"texture":"#0","tintindex":0},"north":{"uv":[5.21875,7.75,5.1875,7.78125],"rotation":0,"texture":"#0","tintindex":0},"west":{"uv":[5.1875,7.75,5.125,7.78125],"rotation":0,"texture":"#0","tintindex":0},"up":{"uv":[5.1875,7.75,5.21875,7.6875],"rotation":0,"texture":"#0","tintindex":0},"down":{"uv":[5.21875,7.6875,5.25,7.75],"rotation":0,"texture":"#0","tintindex":0}}}],"textures":{"0":"modelengine:entity/scolopendre"},"display":{"head":{"translation":[0.0,-6.4,0.0],"scale":[4.0,4.0,4.0]}}}