{"elements":[{"from":[6.8714285,8.133577,8.131543],"to":[9.1285715,10.505006,10.502972],"rotation":{"angle":0.0,"axis":"y","origin":[8.0,9.09072,9.545829]},"faces":{"east":{"uv":[7.3125,9.0625,7.4375,9.1875],"rotation":0,"texture":"#0","tintindex":0},"south":{"uv":[7.6875,9.0625,7.8125,9.1875],"rotation":0,"texture":"#0","tintindex":0},"north":{"uv":[7.4375,9.0625,7.5625,9.1875],"rotation":0,"texture":"#0","tintindex":0},"west":{"uv":[7.5625,9.0625,7.6875,9.1875],"rotation":0,"texture":"#0","tintindex":0},"up":{"uv":[7.5625,9.0625,7.4375,8.9375],"rotation":0,"texture":"#0","tintindex":0},"down":{"uv":[7.6875,8.9375,7.5625,9.0625],"rotation":0,"texture":"#0","tintindex":0}}},{"from":[6.857143,4.8099313,-6.3393097],"to":[9.142858,12.2385025,-2.910738],"rotation":{"angle":45.0,"axis":"x","origin":[8.0,-6.0472126,-1.1964521]},"faces":{"east":{"uv":[8.4375,3.28125,8.625,3.6875],"rotation":0,"texture":"#0","tintindex":0},"south":{"uv":[8.9375,3.28125,9.0625,3.6875],"rotation":0,"texture":"#0","tintindex":0},"north":{"uv":[8.625,3.28125,8.75,3.6875],"rotation":0,"texture":"#0","tintindex":0},"west":{"uv":[8.75,3.28125,8.9375,3.6875],"rotation":0,"texture":"#0","tintindex":0},"up":{"uv":[8.75,3.28125,8.625,3.09375],"rotation":0,"texture":"#0","tintindex":0},"down":{"uv":[8.875,3.09375,8.75,3.28125],"rotation":0,"texture":"#0","tintindex":0}}}],"textures":{"0":"modelengine:entity/scolopendre"},"display":{"head":{"translation":[0.0,-6.4,0.0],"scale":[4.0,4.0,4.0]}}}