{"elements":[{"from":[1.7142854,3.7295885,5.7142863],"to":[14.285715,12.301018,26.857143],"rotation":{"angle":0.0,"axis":"y","origin":[8.0,1.4438739,-16.57143]},"faces":{"east":{"uv":[4.53125,5.3125,5.6875,5.78125],"rotation":0,"texture":"#0","tintindex":0},"south":{"uv":[7.53125,5.3125,8.21875,5.78125],"rotation":0,"texture":"#0","tintindex":0},"north":{"uv":[5.6875,5.3125,6.375,5.78125],"rotation":0,"texture":"#0","tintindex":0},"west":{"uv":[6.375,5.3125,7.53125,5.78125],"rotation":0,"texture":"#0","tintindex":0},"up":{"uv":[6.375,5.3125,5.6875,4.15625],"rotation":0,"texture":"#0","tintindex":0},"down":{"uv":[7.0625,4.15625,6.375,5.3125],"rotation":0,"texture":"#0","tintindex":0}}},{"from":[3.4285712,2.0153027,25.142859],"to":[12.571428,8.872446,32.0],"rotation":{"angle":45.0,"axis":"x","origin":[8.0,8.015303,31.142859]},"faces":{"east":{"uv":[1.53125,7.625,1.90625,8.0],"rotation":0,"texture":"#0","tintindex":0},"south":{"uv":[2.78125,7.625,3.28125,8.0],"rotation":0,"texture":"#0","tintindex":0},"north":{"uv":[1.90625,7.625,2.40625,8.0],"rotation":0,"texture":"#0","tintindex":0},"west":{"uv":[2.40625,7.625,2.78125,8.0],"rotation":0,"texture":"#0","tintindex":0},"up":{"uv":[2.40625,7.625,1.90625,7.25],"rotation":0,"texture":"#0","tintindex":0},"down":{"uv":[2.90625,7.25,2.40625,7.625],"rotation":0,"texture":"#0","tintindex":0}}},{"from":[-2.1714287,2.75816,6.285715],"to":[3.5428567,8.4724455,26.285715],"rotation":{"angle":45.0,"axis":"z","origin":[-1.6000004,8.186731,12.285715]},"faces":{"east":{"uv":[3.09375,6.90625,4.1875,7.21875],"rotation":0,"texture":"#0","tintindex":0},"south":{"uv":[5.59375,6.90625,5.90625,7.21875],"rotation":0,"texture":"#0","tintindex":0},"north":{"uv":[4.1875,6.90625,4.5,7.21875],"rotation":0,"texture":"#0","tintindex":0},"west":{"uv":[4.5,6.90625,5.59375,7.21875],"rotation":0,"texture":"#0","tintindex":0},"up":{"uv":[4.5,6.90625,4.1875,5.8125],"rotation":0,"texture":"#0","tintindex":0},"down":{"uv":[4.8125,5.8125,4.5,6.90625],"rotation":0,"texture":"#0","tintindex":0}}},{"from":[12.457144,2.75816,6.285715],"to":[18.171429,8.4724455,26.285715],"rotation":{"angle":-45.0,"axis":"z","origin":[17.6,8.186731,12.285715]},"faces":{"east":{"uv":[5.59375,6.90625,4.5,7.21875],"rotation":0,"texture":"#0","tintindex":0},"south":{"uv":[5.90625,6.90625,5.59375,7.21875],"rotation":0,"texture":"#0","tintindex":0},"north":{"uv":[4.5,6.90625,4.1875,7.21875],"rotation":0,"texture":"#0","tintindex":0},"west":{"uv":[4.1875,6.90625,3.09375,7.21875],"rotation":0,"texture":"#0","tintindex":0},"up":{"uv":[4.1875,6.90625,4.5,5.8125],"rotation":0,"texture":"#0","tintindex":0},"down":{"uv":[4.5,5.8125,4.8125,6.90625],"rotation":0,"texture":"#0","tintindex":0}}}],"textures":{"0":"modelengine:entity/scolopendre"},"display":{"head":{"translation":[0.0,-6.4,7.065117],"scale":[4.0,4.0,4.0]}}}