{"elements":[{"from":[7.428571,7.428571,7.714286],"to":[8.571428,8.571428,8.285714],"rotation":{"angle":45.0,"axis":"z","origin":[8.0,8.0,8.0]},"faces":{"east":{"uv":[5.03125,7.71875,5.0,7.78125],"rotation":0,"texture":"#0","tintindex":0},"south":{"uv":[5.09375,7.71875,5.03125,7.78125],"rotation":0,"texture":"#0","tintindex":0},"north":{"uv":[5.0,7.71875,4.9375,7.78125],"rotation":0,"texture":"#0","tintindex":0},"west":{"uv":[4.9375,7.71875,4.90625,7.78125],"rotation":0,"texture":"#0","tintindex":0},"up":{"uv":[4.9375,7.71875,5.0,7.6875],"rotation":0,"texture":"#0","tintindex":0},"down":{"uv":[5.0,7.6875,5.0625,7.71875],"rotation":0,"texture":"#0","tintindex":0}}}],"textures":{"0":"modelengine:entity/scolopendre"},"display":{"head":{"translation":[0.0,-6.4,0.0],"scale":[4.0,4.0,4.0]}}}