{"elements":[{"from":[7.714286,7.142857,7.142857],"to":[8.285714,8.857143,8.857143],"rotation":{"angle":-45.0,"axis":"x","origin":[8.0,8.0,8.0]},"faces":{"east":{"uv":[3.03125,7.03125,2.9375,7.125],"rotation":0,"texture":"#0","tintindex":0},"south":{"uv":[3.0625,7.03125,3.03125,7.125],"rotation":0,"texture":"#0","tintindex":0},"north":{"uv":[2.9375,7.03125,2.90625,7.125],"rotation":0,"texture":"#0","tintindex":0},"west":{"uv":[2.90625,7.03125,2.8125,7.125],"rotation":0,"texture":"#0","tintindex":0},"up":{"uv":[2.90625,7.03125,2.9375,6.9375],"rotation":0,"texture":"#0","tintindex":0},"down":{"uv":[2.9375,6.9375,2.96875,7.03125],"rotation":0,"texture":"#0","tintindex":0}}}],"textures":{"0":"modelengine:entity/scolopendre"},"display":{"head":{"translation":[0.0,-6.4,0.0],"scale":[4.0,4.0,4.0]}}}