{"elements":[{"from":[7.957143,7.4428573,6.8142858],"to":[9.185715,9.1285715,8.042857],"rotation":{"angle":45.0,"axis":"y","origin":[8.0,8.0,8.0]},"faces":{"east":{"uv":[1.84375,9.09375,1.90625,9.1875],"rotation":0,"texture":"#0","tintindex":0},"south":{"uv":[2.03125,9.09375,2.09375,9.1875],"rotation":0,"texture":"#0","tintindex":0},"north":{"uv":[1.90625,9.09375,1.96875,9.1875],"rotation":0,"texture":"#0","tintindex":0},"west":{"uv":[1.96875,9.09375,2.03125,9.1875],"rotation":0,"texture":"#0","tintindex":0},"up":{"uv":[1.96875,9.09375,1.90625,9.03125],"rotation":0,"texture":"#0","tintindex":0},"down":{"uv":[2.03125,9.03125,1.96875,9.09375],"rotation":0,"texture":"#0","tintindex":0}}}],"textures":{"0":"modelengine:entity/scolopendre"},"display":{"head":{"translation":[0.0,-6.4,0.0],"scale":[4.0,4.0,4.0]}}}