{"elements":[{"from":[-7.769252,6.3694,6.0],"to":[-2.054966,9.797972,10.0],"rotation":{"angle":0.0,"axis":"y","origin":[-6.34068,8.083686,8.285714]},"faces":{"east":{"uv":[8.25,4.90625,8.46875,5.09375],"rotation":0,"texture":"#0","tintindex":0},"south":{"uv":[9.0,4.90625,9.3125,5.09375],"rotation":0,"texture":"#0","tintindex":0},"north":{"uv":[8.46875,4.90625,8.78125,5.09375],"rotation":0,"texture":"#0","tintindex":0},"west":{"uv":[8.78125,4.90625,9.0,5.09375],"rotation":0,"texture":"#0","tintindex":0},"up":{"uv":[8.78125,4.90625,8.46875,4.6875],"rotation":0,"texture":"#0","tintindex":0},"down":{"uv":[9.09375,4.6875,8.78125,4.90625],"rotation":0,"texture":"#0","tintindex":0}}},{"from":[-2.054966,6.3694,5.428571],"to":[6.516463,9.797972,10.571428],"rotation":{"angle":0.0,"axis":"y","origin":[2.2307482,8.083686,8.285714]},"faces":{"east":{"uv":[6.4375,8.09375,6.71875,8.28125],"rotation":0,"texture":"#0","tintindex":0},"south":{"uv":[7.46875,8.09375,7.9375,8.28125],"rotation":0,"texture":"#0","tintindex":0},"north":{"uv":[6.71875,8.09375,7.1875,8.28125],"rotation":0,"texture":"#0","tintindex":0},"west":{"uv":[7.1875,8.09375,7.46875,8.28125],"rotation":0,"texture":"#0","tintindex":0},"up":{"uv":[7.1875,8.09375,6.71875,7.8125],"rotation":0,"texture":"#0","tintindex":0},"down":{"uv":[7.65625,7.8125,7.1875,8.09375],"rotation":0,"texture":"#0","tintindex":0}}},{"from":[5.0878916,4.3694,6.285714],"to":[8.516463,7.7979712,9.714286],"rotation":{"angle":45.0,"axis":"z","origin":[4.802177,7.7979712,8.0]},"faces":{"east":{"uv":[8.4375,3.90625,8.625,4.09375],"rotation":0,"texture":"#0","tintindex":0},"south":{"uv":[9.0,3.90625,9.1875,4.09375],"rotation":0,"texture":"#0","tintindex":0},"north":{"uv":[8.625,3.90625,8.8125,4.09375],"rotation":0,"texture":"#0","tintindex":0},"west":{"uv":[8.8125,3.90625,9.0,4.09375],"rotation":0,"texture":"#0","tintindex":0},"up":{"uv":[8.8125,3.90625,8.625,3.71875],"rotation":0,"texture":"#0","tintindex":0},"down":{"uv":[9.0,3.71875,8.8125,3.90625],"rotation":0,"texture":"#0","tintindex":0}}}],"textures":{"0":"modelengine:entity/scolopendre"},"display":{"head":{"translation":[0.0,-6.4,0.0],"scale":[4.0,4.0,4.0]}}}