{"elements":[{"from":[7.217423,7.142857,7.3562627],"to":[11.2174225,8.857143,9.070549],"rotation":{"angle":0.0,"axis":"y","origin":[-0.21114922,7.714286,8.49912]},"faces":{"east":{"uv":[5.96875,2.4375,6.0625,2.53125],"rotation":0,"texture":"#0","tintindex":0},"south":{"uv":[6.375,2.4375,6.59375,2.53125],"rotation":0,"texture":"#0","tintindex":0},"north":{"uv":[6.0625,2.4375,6.28125,2.53125],"rotation":0,"texture":"#0","tintindex":0},"west":{"uv":[6.28125,2.4375,6.375,2.53125],"rotation":0,"texture":"#0","tintindex":0},"up":{"uv":[6.28125,2.4375,6.0625,2.34375],"rotation":0,"texture":"#0","tintindex":0},"down":{"uv":[6.5,2.34375,6.28125,2.4375],"rotation":0,"texture":"#0","tintindex":0}}}],"textures":{"0":"modelengine:entity/scolopendre"},"display":{"head":{"translation":[0.0,-6.4,0.0],"scale":[4.0,4.0,4.0]}}}