{"elements":[{"from":[5.6,8.457143,6.285714],"to":[14.171429,14.171429,9.714286],"rotation":{"angle":-22.5,"axis":"z","origin":[8.171429,11.028572,8.0]},"faces":{"east":{"uv":[2.375,8.21875,2.1875,8.53125],"rotation":0,"texture":"#0","tintindex":0},"south":{"uv":[2.84375,8.21875,2.375,8.53125],"rotation":0,"texture":"#0","tintindex":0},"north":{"uv":[2.1875,8.21875,1.71875,8.53125],"rotation":0,"texture":"#0","tintindex":0},"west":{"uv":[1.71875,8.21875,1.53125,8.53125],"rotation":0,"texture":"#0","tintindex":0},"up":{"uv":[1.71875,8.21875,2.1875,8.03125],"rotation":0,"texture":"#0","tintindex":0},"down":{"uv":[2.1875,8.03125,2.65625,8.21875],"rotation":0,"texture":"#0","tintindex":0}}},{"from":[5.7613997,4.45296,6.857143],"to":[8.047114,6.738674,9.142858],"rotation":{"angle":45.0,"axis":"z","origin":[4.3328285,7.8815312,8.0]},"faces":{"east":{"uv":[0.90625,9.0625,1.03125,9.1875],"rotation":0,"texture":"#0","tintindex":0},"south":{"uv":[1.28125,9.0625,1.40625,9.1875],"rotation":0,"texture":"#0","tintindex":0},"north":{"uv":[1.03125,9.0625,1.15625,9.1875],"rotation":0,"texture":"#0","tintindex":0},"west":{"uv":[1.15625,9.0625,1.28125,9.1875],"rotation":0,"texture":"#0","tintindex":0},"up":{"uv":[1.15625,9.0625,1.03125,8.9375],"rotation":0,"texture":"#0","tintindex":0},"down":{"uv":[1.28125,8.9375,1.15625,9.0625],"rotation":0,"texture":"#0","tintindex":0}}}],"textures":{"0":"modelengine:entity/scolopendre"},"display":{"head":{"translation":[0.0,-6.4,0.0],"scale":[4.0,4.0,4.0]}}}