{"elements":[{"from":[7.9781313,28.371428,12.519543],"to":[10.835275,32.0,16.190971],"rotation":{"angle":45.0,"axis":"x","origin":[8.285714,29.720898,12.0]},"faces":{"east":{"uv":[5.59375,8.75,5.78125,8.9375],"rotation":0,"texture":"#0","tintindex":0},"south":{"uv":[6.125,8.75,6.28125,8.9375],"rotation":0,"texture":"#0","tintindex":0},"north":{"uv":[5.78125,8.75,5.9375,8.9375],"rotation":0,"texture":"#0","tintindex":0},"west":{"uv":[5.9375,8.75,6.125,8.9375],"rotation":0,"texture":"#0","tintindex":0},"up":{"uv":[5.9375,8.75,5.78125,8.5625],"rotation":0,"texture":"#0","tintindex":0},"down":{"uv":[6.09375,8.5625,5.9375,8.75],"rotation":0,"texture":"#0","tintindex":0}}},{"from":[8.0,19.320896,11.428572],"to":[10.857143,28.463753,16.57143],"rotation":{"angle":0.0,"axis":"y","origin":[8.0,15.892324,8.0]},"faces":{"east":{"uv":[0.0,8.53125,0.28125,9.03125],"rotation":0,"texture":"#0","tintindex":0},"south":{"uv":[0.71875,8.53125,0.875,9.03125],"rotation":0,"texture":"#0","tintindex":0},"north":{"uv":[0.28125,8.53125,0.4375,9.03125],"rotation":0,"texture":"#0","tintindex":0},"west":{"uv":[0.4375,8.53125,0.71875,9.03125],"rotation":0,"texture":"#0","tintindex":0},"up":{"uv":[0.4375,8.53125,0.28125,8.25],"rotation":0,"texture":"#0","tintindex":0},"down":{"uv":[0.59375,8.25,0.4375,8.53125],"rotation":0,"texture":"#0","tintindex":0}}},{"from":[7.428571,10.749467,11.428572],"to":[11.428572,19.320896,18.857143],"rotation":{"angle":0.0,"axis":"y","origin":[8.0,1.6066093,8.0]},"faces":{"east":{"uv":[3.09375,5.28125,3.5,5.75],"rotation":0,"texture":"#0","tintindex":0},"south":{"uv":[4.125,5.28125,4.34375,5.75],"rotation":0,"texture":"#0","tintindex":0},"north":{"uv":[3.5,5.28125,3.71875,5.75],"rotation":0,"texture":"#0","tintindex":0},"west":{"uv":[3.71875,5.28125,4.125,5.75],"rotation":0,"texture":"#0","tintindex":0},"up":{"uv":[3.71875,5.28125,3.5,4.875],"rotation":0,"texture":"#0","tintindex":0},"down":{"uv":[3.9375,4.875,3.71875,5.28125],"rotation":0,"texture":"#0","tintindex":0}}}],"textures":{"0":"modelengine:entity/scolopendre"},"display":{"head":{"translation":[0.0,19.173563,0.0],"scale":[4.0,4.0,4.0]}}}