{"elements":[{"from":[6.857143,3.719211,-7.8851376],"to":[9.142858,11.147783,-4.456567],"rotation":{"angle":45.0,"axis":"x","origin":[8.0,-7.137933,-2.742281]},"faces":{"east":{"uv":[7.28125,8.5,7.46875,8.90625],"rotation":0,"texture":"#0","tintindex":0},"south":{"uv":[7.78125,8.5,7.90625,8.90625],"rotation":0,"texture":"#0","tintindex":0},"north":{"uv":[7.46875,8.5,7.59375,8.90625],"rotation":0,"texture":"#0","tintindex":0},"west":{"uv":[7.59375,8.5,7.78125,8.90625],"rotation":0,"texture":"#0","tintindex":0},"up":{"uv":[7.59375,8.5,7.46875,8.3125],"rotation":0,"texture":"#0","tintindex":0},"down":{"uv":[7.71875,8.3125,7.59375,8.5],"rotation":0,"texture":"#0","tintindex":0}}},{"from":[6.8714285,7.042857,6.5857143],"to":[9.1285715,9.414286,8.957143],"rotation":{"angle":0.0,"axis":"y","origin":[8.0,8.0,8.0]},"faces":{"east":{"uv":[6.78125,9.0625,6.90625,9.1875],"rotation":0,"texture":"#0","tintindex":0},"south":{"uv":[7.15625,9.0625,7.28125,9.1875],"rotation":0,"texture":"#0","tintindex":0},"north":{"uv":[6.90625,9.0625,7.03125,9.1875],"rotation":0,"texture":"#0","tintindex":0},"west":{"uv":[7.03125,9.0625,7.15625,9.1875],"rotation":0,"texture":"#0","tintindex":0},"up":{"uv":[7.03125,9.0625,6.90625,8.9375],"rotation":0,"texture":"#0","tintindex":0},"down":{"uv":[7.15625,8.9375,7.03125,9.0625],"rotation":0,"texture":"#0","tintindex":0}}},{"from":[5.714286,-11.70936,-7.8851376],"to":[10.285714,-2.5665035,1.2577195],"rotation":{"angle":45.0,"axis":"x","origin":[8.0,-7.137933,-2.742281]},"faces":{"east":{"uv":[0.0,7.71875,0.5,8.21875],"rotation":0,"texture":"#0","tintindex":0},"south":{"uv":[1.25,7.71875,1.5,8.21875],"rotation":0,"texture":"#0","tintindex":0},"north":{"uv":[0.5,7.71875,0.75,8.21875],"rotation":0,"texture":"#0","tintindex":0},"west":{"uv":[0.75,7.71875,1.25,8.21875],"rotation":0,"texture":"#0","tintindex":0},"up":{"uv":[0.75,7.71875,0.5,7.21875],"rotation":0,"texture":"#0","tintindex":0},"down":{"uv":[1.0,7.21875,0.75,7.71875],"rotation":0,"texture":"#0","tintindex":0}}},{"from":[6.285714,-2.5665035,-7.8851376],"to":[9.714286,3.719211,-2.1708517],"rotation":{"angle":45.0,"axis":"x","origin":[8.0,-7.137933,-2.742281]},"faces":{"east":{"uv":[8.125,0.625,8.4375,0.96875],"rotation":0,"texture":"#0","tintindex":0},"south":{"uv":[8.9375,0.625,9.125,0.96875],"rotation":0,"texture":"#0","tintindex":0},"north":{"uv":[8.4375,0.625,8.625,0.96875],"rotation":0,"texture":"#0","tintindex":0},"west":{"uv":[8.625,0.625,8.9375,0.96875],"rotation":0,"texture":"#0","tintindex":0},"up":{"uv":[8.625,0.625,8.4375,0.3125],"rotation":0,"texture":"#0","tintindex":0},"down":{"uv":[8.8125,0.3125,8.625,0.625],"rotation":0,"texture":"#0","tintindex":0}}}],"textures":{"0":"modelengine:entity/scolopendre"},"display":{"head":{"translation":[0.0,-6.4,0.0],"scale":[4.0,4.0,4.0]}}}