{"elements":[{"from":[18.054966,6.3694,6.0],"to":[23.769253,9.797972,10.0],"rotation":{"angle":0.0,"axis":"y","origin":[22.34068,8.083686,8.285714]},"faces":{"east":{"uv":[9.0,4.90625,8.78125,5.09375],"rotation":0,"texture":"#0","tintindex":0},"south":{"uv":[9.3125,4.90625,9.0,5.09375],"rotation":0,"texture":"#0","tintindex":0},"north":{"uv":[8.78125,4.90625,8.46875,5.09375],"rotation":0,"texture":"#0","tintindex":0},"west":{"uv":[8.46875,4.90625,8.25,5.09375],"rotation":0,"texture":"#0","tintindex":0},"up":{"uv":[8.46875,4.90625,8.78125,4.6875],"rotation":0,"texture":"#0","tintindex":0},"down":{"uv":[8.78125,4.6875,9.09375,4.90625],"rotation":0,"texture":"#0","tintindex":0}}},{"from":[9.483538,6.3694,5.428571],"to":[18.054966,9.797972,10.571428],"rotation":{"angle":0.0,"axis":"y","origin":[13.769252,8.083686,8.285714]},"faces":{"east":{"uv":[7.46875,8.09375,7.1875,8.28125],"rotation":0,"texture":"#0","tintindex":0},"south":{"uv":[7.9375,8.09375,7.46875,8.28125],"rotation":0,"texture":"#0","tintindex":0},"north":{"uv":[7.1875,8.09375,6.71875,8.28125],"rotation":0,"texture":"#0","tintindex":0},"west":{"uv":[6.71875,8.09375,6.4375,8.28125],"rotation":0,"texture":"#0","tintindex":0},"up":{"uv":[6.71875,8.09375,7.1875,7.8125],"rotation":0,"texture":"#0","tintindex":0},"down":{"uv":[7.1875,7.8125,7.65625,8.09375],"rotation":0,"texture":"#0","tintindex":0}}},{"from":[7.483537,4.3694,6.285714],"to":[10.912108,7.7979712,9.714286],"rotation":{"angle":-45.0,"axis":"z","origin":[11.197823,7.7979712,8.0]},"faces":{"east":{"uv":[9.0,3.90625,8.8125,4.09375],"rotation":0,"texture":"#0","tintindex":0},"south":{"uv":[9.1875,3.90625,9.0,4.09375],"rotation":0,"texture":"#0","tintindex":0},"north":{"uv":[8.8125,3.90625,8.625,4.09375],"rotation":0,"texture":"#0","tintindex":0},"west":{"uv":[8.625,3.90625,8.4375,4.09375],"rotation":0,"texture":"#0","tintindex":0},"up":{"uv":[8.625,3.90625,8.8125,3.71875],"rotation":0,"texture":"#0","tintindex":0},"down":{"uv":[8.8125,3.71875,9.0,3.90625],"rotation":0,"texture":"#0","tintindex":0}}}],"textures":{"0":"modelengine:entity/scolopendre"},"display":{"head":{"translation":[0.0,-6.4,0.0],"scale":[4.0,4.0,4.0]}}}