{"elements":[{"from":[7.971286,3.5695996,7.428571],"to":[11.971286,7.5696,8.571428],"rotation":{"angle":-45.0,"axis":"z","origin":[9.285571,10.255314,8.0]},"faces":{"east":{"uv":[1.25,8.3125,1.1875,8.53125],"rotation":0,"texture":"#0","tintindex":0},"south":{"uv":[1.46875,8.3125,1.25,8.53125],"rotation":0,"texture":"#0","tintindex":0},"north":{"uv":[1.1875,8.3125,0.96875,8.53125],"rotation":0,"texture":"#0","tintindex":0},"west":{"uv":[0.96875,8.3125,0.90625,8.53125],"rotation":0,"texture":"#0","tintindex":0},"up":{"uv":[0.96875,8.3125,1.1875,8.25],"rotation":0,"texture":"#0","tintindex":0},"down":{"uv":[1.1875,8.25,1.40625,8.3125],"rotation":0,"texture":"#0","tintindex":0}}}],"textures":{"0":"modelengine:entity/scolopendre"},"display":{"head":{"translation":[0.0,-6.4,0.0],"scale":[4.0,4.0,4.0]}}}