{"elements":[{"from":[1.4756856,5.3101025,6.5714283],"to":[7.1899714,9.881532,9.428572],"rotation":{"angle":0.0,"axis":"y","origin":[2.9042568,8.167246,8.285714]},"faces":{"east":{"uv":[4.90625,7.40625,5.0625,7.65625],"rotation":0,"texture":"#0","tintindex":0},"south":{"uv":[5.53125,7.40625,5.84375,7.65625],"rotation":0,"texture":"#0","tintindex":0},"north":{"uv":[5.0625,7.40625,5.375,7.65625],"rotation":0,"texture":"#0","tintindex":0},"west":{"uv":[5.375,7.40625,5.53125,7.65625],"rotation":0,"texture":"#0","tintindex":0},"up":{"uv":[5.375,7.40625,5.0625,7.25],"rotation":0,"texture":"#0","tintindex":0},"down":{"uv":[5.6875,7.25,5.375,7.40625],"rotation":0,"texture":"#0","tintindex":0}}},{"from":[5.7613997,4.45296,6.857143],"to":[8.047114,6.738674,9.142858],"rotation":{"angle":45.0,"axis":"z","origin":[4.3328285,7.8815312,8.0]},"faces":{"east":{"uv":[0.90625,9.0625,1.03125,9.1875],"rotation":0,"texture":"#0","tintindex":0},"south":{"uv":[1.28125,9.0625,1.40625,9.1875],"rotation":0,"texture":"#0","tintindex":0},"north":{"uv":[1.03125,9.0625,1.15625,9.1875],"rotation":0,"texture":"#0","tintindex":0},"west":{"uv":[1.15625,9.0625,1.28125,9.1875],"rotation":0,"texture":"#0","tintindex":0},"up":{"uv":[1.15625,9.0625,1.03125,8.9375],"rotation":0,"texture":"#0","tintindex":0},"down":{"uv":[1.28125,8.9375,1.15625,9.0625],"rotation":0,"texture":"#0","tintindex":0}}},{"from":[-9.952887,6.45296,7.142857],"to":[1.4756856,9.881532,8.857143],"rotation":{"angle":0.0,"axis":"y","origin":[-2.810029,8.167246,8.285714]},"faces":{"east":{"uv":[8.125,0.09375,8.21875,0.28125],"rotation":0,"texture":"#0","tintindex":0},"south":{"uv":[8.9375,0.09375,9.5625,0.28125],"rotation":0,"texture":"#0","tintindex":0},"north":{"uv":[8.21875,0.09375,8.84375,0.28125],"rotation":0,"texture":"#0","tintindex":0},"west":{"uv":[8.84375,0.09375,8.9375,0.28125],"rotation":0,"texture":"#0","tintindex":0},"up":{"uv":[8.84375,0.09375,8.21875,0.0],"rotation":0,"texture":"#0","tintindex":0},"down":{"uv":[9.46875,0.0,8.84375,0.09375],"rotation":0,"texture":"#0","tintindex":0}}},{"from":[-11.610029,8.624389,7.2],"to":[-9.21003,11.024389,8.8],"rotation":{"angle":-45.0,"axis":"z","origin":[-12.1814575,8.395817,8.0]},"faces":{"east":{"uv":[5.84375,9.0625,5.9375,9.1875],"rotation":0,"texture":"#0","tintindex":0},"south":{"uv":[6.15625,9.0625,6.28125,9.1875],"rotation":0,"texture":"#0","tintindex":0},"north":{"uv":[5.9375,9.0625,6.0625,9.1875],"rotation":0,"texture":"#0","tintindex":0},"west":{"uv":[6.0625,9.0625,6.15625,9.1875],"rotation":0,"texture":"#0","tintindex":0},"up":{"uv":[6.0625,9.0625,5.9375,8.96875],"rotation":0,"texture":"#0","tintindex":0},"down":{"uv":[6.1875,8.96875,6.0625,9.0625],"rotation":0,"texture":"#0","tintindex":0}}}],"textures":{"0":"modelengine:entity/scolopendre"},"display":{"head":{"translation":[0.0,-6.4,0.0],"scale":[4.0,4.0,4.0]}}}