{"elements":[{"from":[7.92056,7.428571,7.426811],"to":[10.777703,8.571428,8.569669],"rotation":{"angle":0.0,"axis":"y","origin":[-7.508013,7.714286,8.569669]},"faces":{"east":{"uv":[9.0,6.96875,9.0625,7.03125],"rotation":0,"texture":"#0","tintindex":0},"south":{"uv":[9.28125,6.96875,9.4375,7.03125],"rotation":0,"texture":"#0","tintindex":0},"north":{"uv":[9.0625,6.96875,9.21875,7.03125],"rotation":0,"texture":"#0","tintindex":0},"west":{"uv":[9.21875,6.96875,9.28125,7.03125],"rotation":0,"texture":"#0","tintindex":0},"up":{"uv":[9.21875,6.96875,9.0625,6.90625],"rotation":0,"texture":"#0","tintindex":0},"down":{"uv":[9.375,6.90625,9.21875,6.96875],"rotation":0,"texture":"#0","tintindex":0}}},{"from":[10.536201,7.187074,7.4303255],"to":[11.3362,7.9870744,8.573183],"rotation":{"angle":-45.0,"axis":"z","origin":[11.349132,8.0,7.99824]},"faces":{"east":{"uv":[5.125,7.75,5.1875,7.78125],"rotation":0,"texture":"#0","tintindex":0},"south":{"uv":[5.28125,7.75,5.3125,7.78125],"rotation":0,"texture":"#0","tintindex":0},"north":{"uv":[5.1875,7.75,5.21875,7.78125],"rotation":0,"texture":"#0","tintindex":0},"west":{"uv":[5.21875,7.75,5.28125,7.78125],"rotation":0,"texture":"#0","tintindex":0},"up":{"uv":[5.21875,7.75,5.1875,7.6875],"rotation":0,"texture":"#0","tintindex":0},"down":{"uv":[5.25,7.6875,5.21875,7.75],"rotation":0,"texture":"#0","tintindex":0}}}],"textures":{"0":"modelengine:entity/scolopendre"},"display":{"head":{"translation":[0.0,-6.4,0.0],"scale":[4.0,4.0,4.0]}}}