{"elements":[{"from":[5.142857,6.857143,9.477125],"to":[7.428571,8.571428,21.477125],"rotation":{"angle":-22.5,"axis":"y","origin":[7.428571,8.0,9.477125]},"faces":{"east":{"uv":[4.75,7.90625,4.09375,8.0],"rotation":0,"texture":"#0","tintindex":0},"south":{"uv":[4.875,7.90625,4.75,8.0],"rotation":0,"texture":"#0","tintindex":0},"north":{"uv":[4.09375,7.90625,3.96875,8.0],"rotation":0,"texture":"#0","tintindex":0},"west":{"uv":[3.96875,7.90625,3.3125,8.0],"rotation":0,"texture":"#0","tintindex":0},"up":{"uv":[3.96875,7.90625,4.09375,7.25],"rotation":0,"texture":"#0","tintindex":0},"down":{"uv":[4.09375,7.25,4.21875,7.90625],"rotation":0,"texture":"#0","tintindex":0}}},{"from":[0.62008524,6.857143,20.0],"to":[2.334371,8.0,32.0],"rotation":{"angle":-22.5,"axis":"y","origin":[2.0801997,7.428571,20.064657]},"faces":{"east":{"uv":[6.3125,8.46875,5.65625,8.53125],"rotation":0,"texture":"#0","tintindex":0},"south":{"uv":[6.40625,8.46875,6.3125,8.53125],"rotation":0,"texture":"#0","tintindex":0},"north":{"uv":[5.65625,8.46875,5.5625,8.53125],"rotation":0,"texture":"#0","tintindex":0},"west":{"uv":[5.5625,8.46875,4.90625,8.53125],"rotation":0,"texture":"#0","tintindex":0},"up":{"uv":[5.5625,8.46875,5.65625,7.8125],"rotation":0,"texture":"#0","tintindex":0},"down":{"uv":[5.65625,7.8125,5.75,8.46875],"rotation":0,"texture":"#0","tintindex":0}}},{"from":[5.142857,6.285714,-5.380018],"to":[8.0,9.142858,9.477125],"rotation":{"angle":0.0,"axis":"y","origin":[8.0,8.0,-4.80859]},"faces":{"east":{"uv":[1.78125,7.03125,0.96875,7.1875],"rotation":0,"texture":"#0","tintindex":0},"south":{"uv":[1.9375,7.03125,1.78125,7.1875],"rotation":0,"texture":"#0","tintindex":0},"north":{"uv":[0.96875,7.03125,0.8125,7.1875],"rotation":0,"texture":"#0","tintindex":0},"west":{"uv":[0.8125,7.03125,0.0,7.1875],"rotation":0,"texture":"#0","tintindex":0},"up":{"uv":[0.8125,7.03125,0.96875,6.21875],"rotation":0,"texture":"#0","tintindex":0},"down":{"uv":[0.96875,6.21875,1.125,7.03125],"rotation":0,"texture":"#0","tintindex":0}}}],"textures":{"0":"modelengine:entity/scolopendre"},"display":{"head":{"translation":[0.0,-6.4,51.23436],"scale":[4.0,4.0,4.0]}}}