{"elements":[{"from":[-2.285715,2.8571424,7.428571],"to":[18.285715,16.0,22.285715],"rotation":{"angle":0.0,"axis":"y","origin":[8.0,2.8571424,15.428572]},"faces":{"east":{"uv":[4.53125,3.40625,5.34375,4.125],"rotation":0,"texture":"#0","tintindex":0},"south":{"uv":[7.28125,3.40625,8.40625,4.125],"rotation":0,"texture":"#0","tintindex":0},"north":{"uv":[5.34375,3.40625,6.46875,4.125],"rotation":0,"texture":"#0","tintindex":0},"west":{"uv":[6.46875,3.40625,7.28125,4.125],"rotation":0,"texture":"#0","tintindex":0},"up":{"uv":[6.46875,3.40625,5.34375,2.59375],"rotation":0,"texture":"#0","tintindex":0},"down":{"uv":[7.59375,2.59375,6.46875,3.40625],"rotation":0,"texture":"#0","tintindex":0}}},{"from":[6.8714285,26.58079,20.927994],"to":[9.1285715,28.952217,23.299423],"rotation":{"angle":0.0,"axis":"y","origin":[8.0,27.537931,22.342281]},"faces":{"east":{"uv":[6.78125,9.0625,6.90625,9.1875],"rotation":0,"texture":"#0","tintindex":0},"south":{"uv":[7.15625,9.0625,7.28125,9.1875],"rotation":0,"texture":"#0","tintindex":0},"north":{"uv":[6.90625,9.0625,7.03125,9.1875],"rotation":0,"texture":"#0","tintindex":0},"west":{"uv":[7.03125,9.0625,7.15625,9.1875],"rotation":0,"texture":"#0","tintindex":0},"up":{"uv":[7.03125,9.0625,6.90625,8.9375],"rotation":0,"texture":"#0","tintindex":0},"down":{"uv":[7.15625,8.9375,7.03125,9.0625],"rotation":0,"texture":"#0","tintindex":0}}},{"from":[6.857143,24.742857,9.714286],"to":[9.142858,29.314285,13.142858],"rotation":{"angle":45.0,"axis":"x","origin":[8.0,15.6,14.857143]},"faces":{"east":{"uv":[2.34375,8.84375,2.53125,9.09375],"rotation":0,"texture":"#0","tintindex":0},"south":{"uv":[2.84375,8.84375,2.96875,9.09375],"rotation":0,"texture":"#0","tintindex":0},"north":{"uv":[2.53125,8.84375,2.65625,9.09375],"rotation":0,"texture":"#0","tintindex":0},"west":{"uv":[2.65625,8.84375,2.84375,9.09375],"rotation":0,"texture":"#0","tintindex":0},"up":{"uv":[2.65625,8.84375,2.53125,8.65625],"rotation":0,"texture":"#0","tintindex":0},"down":{"uv":[2.78125,8.65625,2.65625,8.84375],"rotation":0,"texture":"#0","tintindex":0}}},{"from":[5.714286,11.028572,9.714286],"to":[10.285714,20.171429,18.857143],"rotation":{"angle":45.0,"axis":"x","origin":[8.0,15.6,14.857143]},"faces":{"east":{"uv":[0.0,7.71875,0.5,8.21875],"rotation":0,"texture":"#0","tintindex":0},"south":{"uv":[1.25,7.71875,1.5,8.21875],"rotation":0,"texture":"#0","tintindex":0},"north":{"uv":[0.5,7.71875,0.75,8.21875],"rotation":0,"texture":"#0","tintindex":0},"west":{"uv":[0.75,7.71875,1.25,8.21875],"rotation":0,"texture":"#0","tintindex":0},"up":{"uv":[0.75,7.71875,0.5,7.21875],"rotation":0,"texture":"#0","tintindex":0},"down":{"uv":[1.0,7.21875,0.75,7.71875],"rotation":0,"texture":"#0","tintindex":0}}},{"from":[6.285714,20.171429,9.714286],"to":[9.714286,24.742857,15.428572],"rotation":{"angle":45.0,"axis":"x","origin":[8.0,15.6,14.857143]},"faces":{"east":{"uv":[8.25,1.3125,8.5625,1.5625],"rotation":0,"texture":"#0","tintindex":0},"south":{"uv":[9.0625,1.3125,9.25,1.5625],"rotation":0,"texture":"#0","tintindex":0},"north":{"uv":[8.5625,1.3125,8.75,1.5625],"rotation":0,"texture":"#0","tintindex":0},"west":{"uv":[8.75,1.3125,9.0625,1.5625],"rotation":0,"texture":"#0","tintindex":0},"up":{"uv":[8.75,1.3125,8.5625,1.0],"rotation":0,"texture":"#0","tintindex":0},"down":{"uv":[8.9375,1.0,8.75,1.3125],"rotation":0,"texture":"#0","tintindex":0}}},{"from":[-6.228572,5.5857143,8.0],"to":[2.342857,14.157143,21.714287],"rotation":{"angle":45.0,"axis":"z","origin":[-1.6571426,9.3,14.857143]},"faces":{"east":{"uv":[5.9375,6.5625,6.6875,7.03125],"rotation":0,"texture":"#0","tintindex":0},"south":{"uv":[7.90625,6.5625,8.375,7.03125],"rotation":0,"texture":"#0","tintindex":0},"north":{"uv":[6.6875,6.5625,7.15625,7.03125],"rotation":0,"texture":"#0","tintindex":0},"west":{"uv":[7.15625,6.5625,7.90625,7.03125],"rotation":0,"texture":"#0","tintindex":0},"up":{"uv":[7.15625,6.5625,6.6875,5.8125],"rotation":0,"texture":"#0","tintindex":0},"down":{"uv":[7.625,5.8125,7.15625,6.5625],"rotation":0,"texture":"#0","tintindex":0}}},{"from":[13.657143,5.5857143,8.0],"to":[22.228573,14.157143,21.714287],"rotation":{"angle":-45.0,"axis":"z","origin":[17.657143,9.3,14.857143]},"faces":{"east":{"uv":[7.90625,6.5625,7.15625,7.03125],"rotation":0,"texture":"#0","tintindex":0},"south":{"uv":[8.375,6.5625,7.90625,7.03125],"rotation":0,"texture":"#0","tintindex":0},"north":{"uv":[7.15625,6.5625,6.6875,7.03125],"rotation":0,"texture":"#0","tintindex":0},"west":{"uv":[6.6875,6.5625,5.9375,7.03125],"rotation":0,"texture":"#0","tintindex":0},"up":{"uv":[6.6875,6.5625,7.15625,5.8125],"rotation":0,"texture":"#0","tintindex":0},"down":{"uv":[7.15625,5.8125,7.625,6.5625],"rotation":0,"texture":"#0","tintindex":0}}}],"textures":{"0":"modelengine:entity/scolopendre"},"display":{"head":{"translation":[0.0,-6.4,0.0],"scale":[4.0,4.0,4.0]}}}