{"elements":[{"from":[6.285714,11.648452,2.8040857],"to":[9.714286,17.362738,7.375514],"rotation":{"angle":45.0,"axis":"x","origin":[8.0,3.6484513,7.946943]},"faces":{"east":{"uv":[8.25,5.375,8.5,5.6875],"rotation":0,"texture":"#0","tintindex":0},"south":{"uv":[8.9375,5.375,9.125,5.6875],"rotation":0,"texture":"#0","tintindex":0},"north":{"uv":[8.5,5.375,8.6875,5.6875],"rotation":0,"texture":"#0","tintindex":0},"west":{"uv":[8.6875,5.375,8.9375,5.6875],"rotation":0,"texture":"#0","tintindex":0},"up":{"uv":[8.6875,5.375,8.5,5.125],"rotation":0,"texture":"#0","tintindex":0},"down":{"uv":[8.875,5.125,8.6875,5.375],"rotation":0,"texture":"#0","tintindex":0}}},{"from":[5.142857,5.3627367,2.8040857],"to":[10.857143,11.648452,8.518372],"rotation":{"angle":45.0,"axis":"x","origin":[8.0,3.6484513,7.946943]},"faces":{"east":{"uv":[7.96875,8.0625,8.28125,8.40625],"rotation":0,"texture":"#0","tintindex":0},"south":{"uv":[8.90625,8.0625,9.21875,8.40625],"rotation":0,"texture":"#0","tintindex":0},"north":{"uv":[8.28125,8.0625,8.59375,8.40625],"rotation":0,"texture":"#0","tintindex":0},"west":{"uv":[8.59375,8.0625,8.90625,8.40625],"rotation":0,"texture":"#0","tintindex":0},"up":{"uv":[8.59375,8.0625,8.28125,7.75],"rotation":0,"texture":"#0","tintindex":0},"down":{"uv":[8.90625,7.75,8.59375,8.0625],"rotation":0,"texture":"#0","tintindex":0}}},{"from":[6.857143,17.362738,2.8040857],"to":[9.142858,21.934166,6.232657],"rotation":{"angle":45.0,"axis":"x","origin":[8.0,3.6484513,7.946943]},"faces":{"east":{"uv":[1.6875,8.75,1.875,9.0],"rotation":0,"texture":"#0","tintindex":0},"south":{"uv":[2.1875,8.75,2.3125,9.0],"rotation":0,"texture":"#0","tintindex":0},"north":{"uv":[1.875,8.75,2.0,9.0],"rotation":0,"texture":"#0","tintindex":0},"west":{"uv":[2.0,8.75,2.1875,9.0],"rotation":0,"texture":"#0","tintindex":0},"up":{"uv":[2.0,8.75,1.875,8.5625],"rotation":0,"texture":"#0","tintindex":0},"down":{"uv":[2.125,8.5625,2.0,8.75],"rotation":0,"texture":"#0","tintindex":0}}},{"from":[6.8714285,17.82924,17.274937],"to":[9.1285715,20.200668,19.646366],"rotation":{"angle":0.0,"axis":"y","origin":[8.0,18.786383,18.689224]},"faces":{"east":{"uv":[7.9375,9.03125,8.0625,9.15625],"rotation":0,"texture":"#0","tintindex":0},"south":{"uv":[8.3125,9.03125,8.4375,9.15625],"rotation":0,"texture":"#0","tintindex":0},"north":{"uv":[8.0625,9.03125,8.1875,9.15625],"rotation":0,"texture":"#0","tintindex":0},"west":{"uv":[8.1875,9.03125,8.3125,9.15625],"rotation":0,"texture":"#0","tintindex":0},"up":{"uv":[8.1875,9.03125,8.0625,8.90625],"rotation":0,"texture":"#0","tintindex":0},"down":{"uv":[8.3125,8.90625,8.1875,9.03125],"rotation":0,"texture":"#0","tintindex":0}}}],"textures":{"0":"modelengine:entity/scolopendre"},"display":{"head":{"translation":[0.0,-6.4,0.0],"scale":[4.0,4.0,4.0]}}}