{"elements":[{"from":[7.428571,5.714286,6.5714283],"to":[13.142858,10.285714,9.428572],"rotation":{"angle":-45.0,"axis":"z","origin":[8.0,8.0,8.0]},"faces":{"east":{"uv":[9.03125,5.875,8.875,6.125],"rotation":0,"texture":"#0","tintindex":0},"south":{"uv":[9.34375,5.875,9.03125,6.125],"rotation":0,"texture":"#0","tintindex":0},"north":{"uv":[8.875,5.875,8.5625,6.125],"rotation":0,"texture":"#0","tintindex":0},"west":{"uv":[8.5625,5.875,8.40625,6.125],"rotation":0,"texture":"#0","tintindex":0},"up":{"uv":[8.5625,5.875,8.875,5.71875],"rotation":0,"texture":"#0","tintindex":0},"down":{"uv":[8.875,5.71875,9.1875,5.875],"rotation":0,"texture":"#0","tintindex":0}}},{"from":[12.571428,6.285714,7.142857],"to":[14.857143,11.428572,8.857143],"rotation":{"angle":-45.0,"axis":"z","origin":[8.0,8.0,8.0]},"faces":{"east":{"uv":[6.3125,9.0,6.40625,9.28125],"rotation":0,"texture":"#0","tintindex":0},"south":{"uv":[6.625,9.0,6.75,9.28125],"rotation":0,"texture":"#0","tintindex":0},"north":{"uv":[6.40625,9.0,6.53125,9.28125],"rotation":0,"texture":"#0","tintindex":0},"west":{"uv":[6.53125,9.0,6.625,9.28125],"rotation":0,"texture":"#0","tintindex":0},"up":{"uv":[6.53125,9.0,6.40625,8.90625],"rotation":0,"texture":"#0","tintindex":0},"down":{"uv":[6.65625,8.90625,6.53125,9.0],"rotation":0,"texture":"#0","tintindex":0}}}],"textures":{"0":"modelengine:entity/scolopendre"},"display":{"head":{"translation":[0.0,-6.4,0.0],"scale":[4.0,4.0,4.0]}}}