{"elements":[{"from":[6.857143,8.0,5.714286],"to":[10.285714,9.142858,9.142858],"rotation":{"angle":-45.0,"axis":"y","origin":[8.0,8.0,8.0]},"faces":{"east":{"uv":[8.8125,1.78125,8.625,1.84375],"rotation":0,"texture":"#0","tintindex":0},"south":{"uv":[9.0,1.78125,8.8125,1.84375],"rotation":0,"texture":"#0","tintindex":0},"north":{"uv":[8.625,1.78125,8.4375,1.84375],"rotation":0,"texture":"#0","tintindex":0},"west":{"uv":[8.4375,1.78125,8.25,1.84375],"rotation":0,"texture":"#0","tintindex":0},"up":{"uv":[8.4375,1.78125,8.625,1.59375],"rotation":0,"texture":"#0","tintindex":0},"down":{"uv":[8.625,1.59375,8.8125,1.78125],"rotation":0,"texture":"#0","tintindex":0}}}],"textures":{"0":"modelengine:entity/scolopendre"},"display":{"head":{"translation":[0.0,-6.4,0.0],"scale":[4.0,4.0,4.0]}}}