{"elements":[{"from":[-4.285715,4.8571424,5.714286],"to":[8.857143,13.428572,10.285714],"rotation":{"angle":0.0,"axis":"y","origin":[-1.7142859,9.142858,8.0]},"faces":{"east":{"uv":[7.15625,7.3125,6.90625,7.78125],"rotation":0,"texture":"#0","tintindex":0},"south":{"uv":[7.875,7.3125,7.15625,7.78125],"rotation":0,"texture":"#0","tintindex":0},"north":{"uv":[6.90625,7.3125,6.1875,7.78125],"rotation":0,"texture":"#0","tintindex":0},"west":{"uv":[6.1875,7.3125,5.9375,7.78125],"rotation":0,"texture":"#0","tintindex":0},"up":{"uv":[6.1875,7.3125,6.90625,7.0625],"rotation":0,"texture":"#0","tintindex":0},"down":{"uv":[6.90625,7.0625,7.625,7.3125],"rotation":0,"texture":"#0","tintindex":0}}},{"from":[-12.285715,-0.2857151,6.857143],"to":[-7.714287,10.571428,9.142858],"rotation":{"angle":45.0,"axis":"z","origin":[-3.7142859,11.142858,8.0]},"faces":{"east":{"uv":[4.59375,8.15625,4.46875,8.75],"rotation":0,"texture":"#0","tintindex":0},"south":{"uv":[4.84375,8.15625,4.59375,8.75],"rotation":0,"texture":"#0","tintindex":0},"north":{"uv":[4.46875,8.15625,4.21875,8.75],"rotation":0,"texture":"#0","tintindex":0},"west":{"uv":[4.21875,8.15625,4.09375,8.75],"rotation":0,"texture":"#0","tintindex":0},"up":{"uv":[4.21875,8.15625,4.46875,8.03125],"rotation":0,"texture":"#0","tintindex":0},"down":{"uv":[4.46875,8.03125,4.71875,8.15625],"rotation":0,"texture":"#0","tintindex":0}}},{"from":[-10.0,3.142857,6.285714],"to":[-1.4285717,11.714286,9.714286],"rotation":{"angle":45.0,"axis":"z","origin":[-3.7142859,11.142858,8.0]},"faces":{"east":{"uv":[8.75,7.25,8.5625,7.71875],"rotation":0,"texture":"#0","tintindex":0},"south":{"uv":[9.21875,7.25,8.75,7.71875],"rotation":0,"texture":"#0","tintindex":0},"north":{"uv":[8.5625,7.25,8.09375,7.71875],"rotation":0,"texture":"#0","tintindex":0},"west":{"uv":[8.09375,7.25,7.90625,7.71875],"rotation":0,"texture":"#0","tintindex":0},"up":{"uv":[8.09375,7.25,8.5625,7.0625],"rotation":0,"texture":"#0","tintindex":0},"down":{"uv":[8.5625,7.0625,9.03125,7.25],"rotation":0,"texture":"#0","tintindex":0}}}],"textures":{"0":"modelengine:entity/scolopendre"},"display":{"head":{"translation":[0.0,-6.4,0.0],"scale":[4.0,4.0,4.0]}}}