{"elements":[{"from":[6.1142855,5.942857,7.428571],"to":[10.114286,9.942858,8.571428],"rotation":{"angle":45.0,"axis":"z","origin":[7.8285713,7.9428573,8.0]},"faces":{"east":{"uv":[0.90625,8.3125,0.96875,8.53125],"rotation":0,"texture":"#0","tintindex":0},"south":{"uv":[1.25,8.3125,1.46875,8.53125],"rotation":0,"texture":"#0","tintindex":0},"north":{"uv":[0.96875,8.3125,1.1875,8.53125],"rotation":0,"texture":"#0","tintindex":0},"west":{"uv":[1.1875,8.3125,1.25,8.53125],"rotation":0,"texture":"#0","tintindex":0},"up":{"uv":[1.1875,8.3125,0.96875,8.25],"rotation":0,"texture":"#0","tintindex":0},"down":{"uv":[1.40625,8.25,1.1875,8.3125],"rotation":0,"texture":"#0","tintindex":0}}},{"from":[10.114286,2.514285,7.428571],"to":[14.114286,6.5142856,8.571428],"rotation":{"angle":22.5,"axis":"z","origin":[11.828571,4.5142856,8.0]},"faces":{"east":{"uv":[0.90625,8.3125,0.96875,8.53125],"rotation":0,"texture":"#0","tintindex":0},"south":{"uv":[1.25,8.3125,1.46875,8.53125],"rotation":0,"texture":"#0","tintindex":0},"north":{"uv":[0.96875,8.3125,1.1875,8.53125],"rotation":0,"texture":"#0","tintindex":0},"west":{"uv":[1.1875,8.3125,1.25,8.53125],"rotation":0,"texture":"#0","tintindex":0},"up":{"uv":[1.1875,8.3125,0.96875,8.25],"rotation":0,"texture":"#0","tintindex":0},"down":{"uv":[1.40625,8.25,1.1875,8.3125],"rotation":0,"texture":"#0","tintindex":0}}},{"from":[1.885714,2.514285,7.428571],"to":[5.885714,6.5142856,8.571428],"rotation":{"angle":-22.5,"axis":"z","origin":[4.1714287,4.5142856,8.0]},"faces":{"east":{"uv":[1.25,8.3125,1.1875,8.53125],"rotation":0,"texture":"#0","tintindex":0},"south":{"uv":[1.46875,8.3125,1.25,8.53125],"rotation":0,"texture":"#0","tintindex":0},"north":{"uv":[1.1875,8.3125,0.96875,8.53125],"rotation":0,"texture":"#0","tintindex":0},"west":{"uv":[0.96875,8.3125,0.90625,8.53125],"rotation":0,"texture":"#0","tintindex":0},"up":{"uv":[0.96875,8.3125,1.1875,8.25],"rotation":0,"texture":"#0","tintindex":0},"down":{"uv":[1.1875,8.25,1.40625,8.3125],"rotation":0,"texture":"#0","tintindex":0}}}],"textures":{"0":"modelengine:entity/scolopendre"},"display":{"head":{"translation":[0.0,-6.4,0.0],"scale":[4.0,4.0,4.0]}}}