{"elements":[{"from":[8.014286,8.014286,7.4428573],"to":[13.700001,11.414286,8.557143],"rotation":{"angle":-45.0,"axis":"z","origin":[8.0,8.0,8.0]},"faces":{"east":{"uv":[9.09375,8.5,9.03125,8.6875],"rotation":0,"texture":"#0","tintindex":0},"south":{"uv":[9.40625,8.5,9.09375,8.6875],"rotation":0,"texture":"#0","tintindex":0},"north":{"uv":[9.03125,8.5,8.71875,8.6875],"rotation":0,"texture":"#0","tintindex":0},"west":{"uv":[8.71875,8.5,8.65625,8.6875],"rotation":0,"texture":"#0","tintindex":0},"up":{"uv":[8.71875,8.5,9.03125,8.4375],"rotation":0,"texture":"#0","tintindex":0},"down":{"uv":[9.03125,8.4375,9.34375,8.5],"rotation":0,"texture":"#0","tintindex":0}}}],"textures":{"0":"modelengine:entity/scolopendre"},"display":{"head":{"translation":[0.0,-6.4,0.0],"scale":[4.0,4.0,4.0]}}}