{"elements":[{"from":[8.037538,7.1163144,7.2836857],"to":[8.608966,8.2591715,8.426543],"rotation":{"angle":-45.0,"axis":"x","origin":[8.0,8.0,8.0]},"faces":{"east":{"uv":[2.28125,9.09375,2.21875,9.15625],"rotation":0,"texture":"#0","tintindex":0},"south":{"uv":[2.3125,9.09375,2.28125,9.15625],"rotation":0,"texture":"#0","tintindex":0},"north":{"uv":[2.21875,9.09375,2.1875,9.15625],"rotation":0,"texture":"#0","tintindex":0},"west":{"uv":[2.1875,9.09375,2.125,9.15625],"rotation":0,"texture":"#0","tintindex":0},"up":{"uv":[2.1875,9.09375,2.21875,9.03125],"rotation":0,"texture":"#0","tintindex":0},"down":{"uv":[2.21875,9.03125,2.25,9.09375],"rotation":0,"texture":"#0","tintindex":0}}}],"textures":{"0":"modelengine:entity/scolopendre"},"display":{"head":{"translation":[0.0,-6.4,0.0],"scale":[4.0,4.0,4.0]}}}