{"elements":[{"from":[4.479743,4.6370344,3.1289082],"to":[14.765457,8.065606,13.414623],"rotation":{"angle":-45.0,"axis":"y","origin":[10.020303,6.0,5.8123255]},"faces":{"east":{"uv":[5.96875,1.65625,6.53125,1.84375],"rotation":0,"texture":"#0","tintindex":0},"south":{"uv":[7.65625,1.65625,8.21875,1.84375],"rotation":0,"texture":"#0","tintindex":0},"north":{"uv":[6.53125,1.65625,7.09375,1.84375],"rotation":0,"texture":"#0","tintindex":0},"west":{"uv":[7.09375,1.65625,7.65625,1.84375],"rotation":0,"texture":"#0","tintindex":0},"up":{"uv":[7.09375,1.65625,6.53125,1.09375],"rotation":0,"texture":"#0","tintindex":0},"down":{"uv":[7.65625,1.09375,7.09375,1.65625],"rotation":0,"texture":"#0","tintindex":0}}}],"textures":{"0":"modelengine:entity/scolopendre"},"display":{"head":{"translation":[0.0,-6.4,0.0],"scale":[4.0,4.0,4.0]}}}