{"elements":[{"from":[8.887674,8.975417,9.073457],"to":[10.573389,11.003988,11.102029],"rotation":{"angle":0.0,"axis":"y","origin":[9.730532,7.901954,5.714286]},"faces":{"east":{"uv":[9.03125,1.6875,9.125,1.78125],"rotation":0,"texture":"#0","tintindex":0},"south":{"uv":[9.3125,1.6875,9.40625,1.78125],"rotation":0,"texture":"#0","tintindex":0},"north":{"uv":[9.125,1.6875,9.21875,1.78125],"rotation":0,"texture":"#0","tintindex":0},"west":{"uv":[9.21875,1.6875,9.3125,1.78125],"rotation":0,"texture":"#0","tintindex":0},"up":{"uv":[9.21875,1.6875,9.125,1.59375],"rotation":0,"texture":"#0","tintindex":0},"down":{"uv":[9.3125,1.59375,9.21875,1.6875],"rotation":0,"texture":"#0","tintindex":0}}},{"from":[8.873388,9.0754175,5.916314],"to":[10.587674,12.503988,8.773458],"rotation":{"angle":45.0,"axis":"x","origin":[9.730532,7.901954,5.714286]},"faces":{"east":{"uv":[4.3125,8.9375,4.46875,9.125],"rotation":0,"texture":"#0","tintindex":0},"south":{"uv":[4.71875,8.9375,4.8125,9.125],"rotation":0,"texture":"#0","tintindex":0},"north":{"uv":[4.46875,8.9375,4.5625,9.125],"rotation":0,"texture":"#0","tintindex":0},"west":{"uv":[4.5625,8.9375,4.71875,9.125],"rotation":0,"texture":"#0","tintindex":0},"up":{"uv":[4.5625,8.9375,4.46875,8.78125],"rotation":0,"texture":"#0","tintindex":0},"down":{"uv":[4.65625,8.78125,4.5625,8.9375],"rotation":0,"texture":"#0","tintindex":0}}},{"from":[8.30196,5.646846,5.916314],"to":[11.159103,9.0754175,9.344886],"rotation":{"angle":45.0,"axis":"x","origin":[9.730532,7.901954,5.714286]},"faces":{"east":{"uv":[3.0,8.84375,3.1875,9.03125],"rotation":0,"texture":"#0","tintindex":0},"south":{"uv":[3.53125,8.84375,3.6875,9.03125],"rotation":0,"texture":"#0","tintindex":0},"north":{"uv":[3.1875,8.84375,3.34375,9.03125],"rotation":0,"texture":"#0","tintindex":0},"west":{"uv":[3.34375,8.84375,3.53125,9.03125],"rotation":0,"texture":"#0","tintindex":0},"up":{"uv":[3.34375,8.84375,3.1875,8.65625],"rotation":0,"texture":"#0","tintindex":0},"down":{"uv":[3.5,8.65625,3.34375,8.84375],"rotation":0,"texture":"#0","tintindex":0}}},{"from":[9.428572,8.977377,11.43452],"to":[12.285715,12.405949,14.863092],"rotation":{"angle":45.0,"axis":"x","origin":[8.0,8.0,8.0]},"faces":{"east":{"uv":[4.875,8.75,5.0625,8.9375],"rotation":0,"texture":"#0","tintindex":0},"south":{"uv":[5.40625,8.75,5.5625,8.9375],"rotation":0,"texture":"#0","tintindex":0},"north":{"uv":[5.0625,8.75,5.21875,8.9375],"rotation":0,"texture":"#0","tintindex":0},"west":{"uv":[5.21875,8.75,5.40625,8.9375],"rotation":0,"texture":"#0","tintindex":0},"up":{"uv":[5.21875,8.75,5.0625,8.5625],"rotation":0,"texture":"#0","tintindex":0},"down":{"uv":[5.375,8.5625,5.21875,8.75],"rotation":0,"texture":"#0","tintindex":0}}},{"from":[4.8571424,8.371285,11.3998575],"to":[7.142857,11.228429,14.257],"rotation":{"angle":45.0,"axis":"x","origin":[8.0,8.0,8.0]},"faces":{"east":{"uv":[3.71875,8.9375,3.875,9.09375],"rotation":0,"texture":"#0","tintindex":0},"south":{"uv":[4.15625,8.9375,4.28125,9.09375],"rotation":0,"texture":"#0","tintindex":0},"north":{"uv":[3.875,8.9375,4.0,9.09375],"rotation":0,"texture":"#0","tintindex":0},"west":{"uv":[4.0,8.9375,4.15625,9.09375],"rotation":0,"texture":"#0","tintindex":0},"up":{"uv":[4.0,8.9375,3.875,8.78125],"rotation":0,"texture":"#0","tintindex":0},"down":{"uv":[4.125,8.78125,4.0,8.9375],"rotation":0,"texture":"#0","tintindex":0}}},{"from":[6.5714283,3.1184912,6.147063],"to":[8.857143,5.975634,9.004206],"rotation":{"angle":45.0,"axis":"x","origin":[8.0,8.0,8.0]},"faces":{"east":{"uv":[3.71875,8.9375,3.875,9.09375],"rotation":0,"texture":"#0","tintindex":0},"south":{"uv":[4.15625,8.9375,4.28125,9.09375],"rotation":0,"texture":"#0","tintindex":0},"north":{"uv":[3.875,8.9375,4.0,9.09375],"rotation":0,"texture":"#0","tintindex":0},"west":{"uv":[4.0,8.9375,4.15625,9.09375],"rotation":0,"texture":"#0","tintindex":0},"up":{"uv":[4.0,8.9375,3.875,8.78125],"rotation":0,"texture":"#0","tintindex":0},"down":{"uv":[4.125,8.78125,4.0,8.9375],"rotation":0,"texture":"#0","tintindex":0}}}],"textures":{"0":"modelengine:entity/scolopendre"},"display":{"head":{"translation":[0.0,-6.4,0.0],"scale":[4.0,4.0,4.0]}}}