{"elements":[{"from":[2.2857141,6.3736057,4.0143595],"to":[13.714286,9.802177,8.585789],"rotation":{"angle":0.0,"axis":"y","origin":[8.0,1.2307482,8.585789]},"faces":{"east":{"uv":[5.96875,2.125,6.21875,2.3125],"rotation":0,"texture":"#0","tintindex":0},"south":{"uv":[7.09375,2.125,7.71875,2.3125],"rotation":0,"texture":"#0","tintindex":0},"north":{"uv":[6.21875,2.125,6.84375,2.3125],"rotation":0,"texture":"#0","tintindex":0},"west":{"uv":[6.84375,2.125,7.09375,2.3125],"rotation":0,"texture":"#0","tintindex":0},"up":{"uv":[6.84375,2.125,6.21875,1.875],"rotation":0,"texture":"#0","tintindex":0},"down":{"uv":[7.46875,1.875,6.84375,2.125],"rotation":0,"texture":"#0","tintindex":0}}},{"from":[10.6285715,4.0878916,-1.58564],"to":[10.6285715,6.945034,8.128646],"rotation":{"angle":22.5,"axis":"y","origin":[10.6285715,5.802177,4.2429314]},"faces":{"east":{"uv":[1.96875,6.75,2.5,6.90625],"rotation":0,"texture":"#0","tintindex":0},"south":{"uv":[3.03125,6.75,3.03125,6.90625],"rotation":0,"texture":"#0","tintindex":0},"north":{"uv":[2.5,6.75,2.5,6.90625],"rotation":0,"texture":"#0","tintindex":0},"west":{"uv":[2.5,6.75,3.03125,6.90625],"rotation":0,"texture":"#0","tintindex":0},"up":{"uv":[2.5,6.75,2.5,6.21875],"rotation":0,"texture":"#0","tintindex":0},"down":{"uv":[2.5,6.21875,2.5,6.75],"rotation":0,"texture":"#0","tintindex":0}}},{"from":[5.3714285,4.0878916,-1.58564],"to":[5.3714285,6.945034,8.128646],"rotation":{"angle":-22.5,"axis":"y","origin":[5.3714285,5.802177,4.2429314]},"faces":{"east":{"uv":[3.03125,6.75,2.5,6.90625],"rotation":0,"texture":"#0","tintindex":0},"south":{"uv":[3.03125,6.75,3.03125,6.90625],"rotation":0,"texture":"#0","tintindex":0},"north":{"uv":[2.5,6.75,2.5,6.90625],"rotation":0,"texture":"#0","tintindex":0},"west":{"uv":[2.5,6.75,1.96875,6.90625],"rotation":0,"texture":"#0","tintindex":0},"up":{"uv":[2.5,6.75,2.5,6.21875],"rotation":0,"texture":"#0","tintindex":0},"down":{"uv":[2.5,6.21875,2.5,6.75],"rotation":0,"texture":"#0","tintindex":0}}},{"from":[5.142857,9.230749,1.157217],"to":[10.857143,14.373606,2.300074],"rotation":{"angle":45.0,"axis":"x","origin":[8.0,6.0878916,3.4429312]},"faces":{"east":{"uv":[0.90625,8.625,0.96875,8.90625],"rotation":0,"texture":"#0","tintindex":0},"south":{"uv":[1.34375,8.625,1.65625,8.90625],"rotation":0,"texture":"#0","tintindex":0},"north":{"uv":[0.96875,8.625,1.28125,8.90625],"rotation":0,"texture":"#0","tintindex":0},"west":{"uv":[1.28125,8.625,1.34375,8.90625],"rotation":0,"texture":"#0","tintindex":0},"up":{"uv":[1.28125,8.625,0.96875,8.5625],"rotation":0,"texture":"#0","tintindex":0},"down":{"uv":[1.59375,8.5625,1.28125,8.625],"rotation":0,"texture":"#0","tintindex":0}}}],"textures":{"0":"modelengine:entity/scolopendre"},"display":{"head":{"translation":[0.0,-6.4,0.0],"scale":[4.0,4.0,4.0]}}}