{"elements":[{"from":[4.8,-16.0,22.8],"to":[11.2,62.4,29.2],"rotation":{"angle":0.0,"axis":"y","origin":[8.0,-16.0,26.0]},"faces":{"east":{"uv":[51.0,50.0,67.0,246.0],"rotation":0,"texture":"#missing","tintindex":0},"south":{"uv":[99.0,50.0,115.0,246.0],"rotation":0,"texture":"#missing","tintindex":0},"north":{"uv":[67.0,50.0,83.0,246.0],"rotation":0,"texture":"#missing","tintindex":0},"west":{"uv":[83.0,50.0,99.0,246.0],"rotation":0,"texture":"#missing","tintindex":0},"up":{"uv":[83.0,50.0,67.0,34.0],"rotation":0,"texture":"#missing","tintindex":0},"down":{"uv":[99.0,34.0,83.0,50.0],"rotation":0,"texture":"#missing","tintindex":0}}}],"textures":{},"display":{"head":{"translation":[0.0,-136.0,0.0],"scale":[4.0,4.0,4.0]}}}