{"elements":[{"from":[7.4142113,3.7979712,5.714286],"to":[13.699926,10.083686,10.285714],"rotation":{"angle":-45.0,"axis":"z","origin":[11.699926,7.7979712,8.0]},"faces":{"east":{"uv":[3.71875,8.28125,3.46875,8.625],"rotation":0,"texture":"#0","tintindex":0},"south":{"uv":[4.0625,8.28125,3.71875,8.625],"rotation":0,"texture":"#0","tintindex":0},"north":{"uv":[3.46875,8.28125,3.125,8.625],"rotation":0,"texture":"#0","tintindex":0},"west":{"uv":[3.125,8.28125,2.875,8.625],"rotation":0,"texture":"#0","tintindex":0},"up":{"uv":[3.125,8.28125,3.46875,8.03125],"rotation":0,"texture":"#0","tintindex":0},"down":{"uv":[3.46875,8.03125,3.8125,8.28125],"rotation":0,"texture":"#0","tintindex":0}}}],"textures":{"0":"modelengine:entity/scolopendre"},"display":{"head":{"translation":[0.0,-6.4,0.0],"scale":[4.0,4.0,4.0]}}}