{"elements":[{"from":[5.142857,6.3809543,4.8571424],"to":[10.857143,9.238097,8.285714],"rotation":{"angle":0.0,"axis":"y","origin":[8.0,1.2380967,8.285714]},"faces":{"east":{"uv":[8.40625,6.34375,8.59375,6.5],"rotation":0,"texture":"#0","tintindex":0},"south":{"uv":[9.09375,6.34375,9.40625,6.5],"rotation":0,"texture":"#0","tintindex":0},"north":{"uv":[8.59375,6.34375,8.90625,6.5],"rotation":0,"texture":"#0","tintindex":0},"west":{"uv":[8.90625,6.34375,9.09375,6.5],"rotation":0,"texture":"#0","tintindex":0},"up":{"uv":[8.90625,6.34375,8.59375,6.15625],"rotation":0,"texture":"#0","tintindex":0},"down":{"uv":[9.21875,6.15625,8.90625,6.34375],"rotation":0,"texture":"#0","tintindex":0}}},{"from":[6.285714,6.952383,0.85714245],"to":[9.714286,9.238097,4.8571424],"rotation":{"angle":0.0,"axis":"y","origin":[8.0,1.2380967,4.8571424]},"faces":{"east":{"uv":[8.40625,6.75,8.625,6.875],"rotation":0,"texture":"#0","tintindex":0},"south":{"uv":[9.03125,6.75,9.21875,6.875],"rotation":0,"texture":"#0","tintindex":0},"north":{"uv":[8.625,6.75,8.8125,6.875],"rotation":0,"texture":"#0","tintindex":0},"west":{"uv":[8.8125,6.75,9.03125,6.875],"rotation":0,"texture":"#0","tintindex":0},"up":{"uv":[8.8125,6.75,8.625,6.53125],"rotation":0,"texture":"#0","tintindex":0},"down":{"uv":[9.0,6.53125,8.8125,6.75],"rotation":0,"texture":"#0","tintindex":0}}},{"from":[8.928572,7.538097,0.8142848],"to":[11.185715,9.223811,8.214286],"rotation":{"angle":22.5,"axis":"y","origin":[10.6285715,8.09524,4.5142856]},"faces":{"east":{"uv":[8.25,4.5625,8.65625,4.65625],"rotation":0,"texture":"#0","tintindex":0},"south":{"uv":[9.1875,4.5625,9.3125,4.65625],"rotation":0,"texture":"#0","tintindex":0},"north":{"uv":[8.65625,4.5625,8.78125,4.65625],"rotation":0,"texture":"#0","tintindex":0},"west":{"uv":[8.78125,4.5625,9.1875,4.65625],"rotation":0,"texture":"#0","tintindex":0},"up":{"uv":[8.78125,4.5625,8.65625,4.15625],"rotation":0,"texture":"#0","tintindex":0},"down":{"uv":[8.90625,4.15625,8.78125,4.5625],"rotation":0,"texture":"#0","tintindex":0}}},{"from":[4.8142858,7.538097,0.8142848],"to":[7.0714283,9.223811,8.214286],"rotation":{"angle":-22.5,"axis":"y","origin":[5.3714285,8.09524,4.5142856]},"faces":{"east":{"uv":[9.1875,4.5625,8.78125,4.65625],"rotation":0,"texture":"#0","tintindex":0},"south":{"uv":[9.3125,4.5625,9.1875,4.65625],"rotation":0,"texture":"#0","tintindex":0},"north":{"uv":[8.78125,4.5625,8.65625,4.65625],"rotation":0,"texture":"#0","tintindex":0},"west":{"uv":[8.65625,4.5625,8.25,4.65625],"rotation":0,"texture":"#0","tintindex":0},"up":{"uv":[8.65625,4.5625,8.78125,4.15625],"rotation":0,"texture":"#0","tintindex":0},"down":{"uv":[8.78125,4.15625,8.90625,4.5625],"rotation":0,"texture":"#0","tintindex":0}}},{"from":[5.3714285,9.238097,0.9714279],"to":[5.3714285,10.952383,7.257143],"rotation":{"angle":-22.5,"axis":"y","origin":[5.3714285,9.8095255,4.5142856]},"faces":{"east":{"uv":[8.625,8.78125,8.28125,8.875],"rotation":0,"texture":"#0","tintindex":0},"south":{"uv":[8.625,8.78125,8.625,8.875],"rotation":0,"texture":"#0","tintindex":0},"north":{"uv":[8.28125,8.78125,8.28125,8.875],"rotation":0,"texture":"#0","tintindex":0},"west":{"uv":[8.28125,8.78125,7.9375,8.875],"rotation":0,"texture":"#0","tintindex":0},"up":{"uv":[8.28125,8.78125,8.28125,8.4375],"rotation":0,"texture":"#0","tintindex":0},"down":{"uv":[8.28125,8.4375,8.28125,8.78125],"rotation":0,"texture":"#0","tintindex":0}}},{"from":[10.6285715,9.238097,0.9714279],"to":[10.6285715,10.952383,7.257143],"rotation":{"angle":22.5,"axis":"y","origin":[10.6285715,9.8095255,4.5142856]},"faces":{"east":{"uv":[7.9375,8.78125,8.28125,8.875],"rotation":0,"texture":"#0","tintindex":0},"south":{"uv":[8.625,8.78125,8.625,8.875],"rotation":0,"texture":"#0","tintindex":0},"north":{"uv":[8.28125,8.78125,8.28125,8.875],"rotation":0,"texture":"#0","tintindex":0},"west":{"uv":[8.28125,8.78125,8.625,8.875],"rotation":0,"texture":"#0","tintindex":0},"up":{"uv":[8.28125,8.78125,8.28125,8.4375],"rotation":0,"texture":"#0","tintindex":0},"down":{"uv":[8.28125,8.4375,8.28125,8.78125],"rotation":0,"texture":"#0","tintindex":0}}},{"from":[6.785714,6.938097,-0.3571434],"to":[9.214286,9.252383,2.0714283],"rotation":{"angle":45.0,"axis":"y","origin":[8.0,8.09524,0.85714245]},"faces":{"east":{"uv":[4.84375,9.09375,4.96875,9.21875],"rotation":0,"texture":"#0","tintindex":0},"south":{"uv":[5.21875,9.09375,5.34375,9.21875],"rotation":0,"texture":"#0","tintindex":0},"north":{"uv":[4.96875,9.09375,5.09375,9.21875],"rotation":0,"texture":"#0","tintindex":0},"west":{"uv":[5.09375,9.09375,5.21875,9.21875],"rotation":0,"texture":"#0","tintindex":0},"up":{"uv":[5.09375,9.09375,4.96875,8.96875],"rotation":0,"texture":"#0","tintindex":0},"down":{"uv":[5.21875,8.96875,5.09375,9.09375],"rotation":0,"texture":"#0","tintindex":0}}},{"from":[6.785714,9.223811,0.21428537],"to":[8.642858,11.538097,2.0714283],"rotation":{"angle":45.0,"axis":"y","origin":[8.0,10.380955,0.85714245]},"faces":{"east":{"uv":[1.4375,9.125,1.53125,9.25],"rotation":0,"texture":"#0","tintindex":0},"south":{"uv":[1.71875,9.125,1.8125,9.25],"rotation":0,"texture":"#0","tintindex":0},"north":{"uv":[1.53125,9.125,1.625,9.25],"rotation":0,"texture":"#0","tintindex":0},"west":{"uv":[1.625,9.125,1.71875,9.25],"rotation":0,"texture":"#0","tintindex":0},"up":{"uv":[1.625,9.125,1.53125,9.03125],"rotation":0,"texture":"#0","tintindex":0},"down":{"uv":[1.71875,9.03125,1.625,9.125],"rotation":0,"texture":"#0","tintindex":0}}}],"textures":{"0":"modelengine:entity/scolopendre"},"display":{"head":{"translation":[0.0,-6.4,0.0],"scale":[4.0,4.0,4.0]}}}