{"elements":[{"from":[0.11428547,3.5428567,-4.285715],"to":[14.971429,14.4,8.857143],"rotation":{"angle":0.0,"axis":"y","origin":[7.542857,2.3999996,-26.57143]},"faces":{"east":{"uv":[0.0,5.59375,0.71875,6.1875],"rotation":0,"texture":"#0","tintindex":0},"south":{"uv":[2.25,5.59375,3.0625,6.1875],"rotation":0,"texture":"#0","tintindex":0},"north":{"uv":[0.71875,5.59375,1.53125,6.1875],"rotation":0,"texture":"#0","tintindex":0},"west":{"uv":[1.53125,5.59375,2.25,6.1875],"rotation":0,"texture":"#0","tintindex":0},"up":{"uv":[1.53125,5.59375,0.71875,4.875],"rotation":0,"texture":"#0","tintindex":0},"down":{"uv":[2.34375,4.875,1.53125,5.59375],"rotation":0,"texture":"#0","tintindex":0}}},{"from":[12.0,3.7142854,-3.7142859],"to":[19.428572,11.142858,8.285714],"rotation":{"angle":-45.0,"axis":"z","origin":[17.142857,9.142858,2.2857141]},"faces":{"east":{"uv":[7.6875,0.65625,7.03125,1.0625],"rotation":0,"texture":"#0","tintindex":0},"south":{"uv":[8.09375,0.65625,7.6875,1.0625],"rotation":0,"texture":"#0","tintindex":0},"north":{"uv":[7.03125,0.65625,6.625,1.0625],"rotation":0,"texture":"#0","tintindex":0},"west":{"uv":[6.625,0.65625,5.96875,1.0625],"rotation":0,"texture":"#0","tintindex":0},"up":{"uv":[6.625,0.65625,7.03125,0.0],"rotation":0,"texture":"#0","tintindex":0},"down":{"uv":[7.03125,0.0,7.4375,0.65625],"rotation":0,"texture":"#0","tintindex":0}}},{"from":[-4.3428583,3.7142854,-3.7142859],"to":[3.0857139,11.142858,8.285714],"rotation":{"angle":45.0,"axis":"z","origin":[-2.0571432,9.142858,2.2857141]},"faces":{"east":{"uv":[5.96875,0.65625,6.625,1.0625],"rotation":0,"texture":"#0","tintindex":0},"south":{"uv":[7.6875,0.65625,8.09375,1.0625],"rotation":0,"texture":"#0","tintindex":0},"north":{"uv":[6.625,0.65625,7.03125,1.0625],"rotation":0,"texture":"#0","tintindex":0},"west":{"uv":[7.03125,0.65625,7.6875,1.0625],"rotation":0,"texture":"#0","tintindex":0},"up":{"uv":[7.03125,0.65625,6.625,0.0],"rotation":0,"texture":"#0","tintindex":0},"down":{"uv":[7.4375,0.0,7.03125,0.65625],"rotation":0,"texture":"#0","tintindex":0}}}],"textures":{"0":"modelengine:entity/scolopendre"},"display":{"head":{"translation":[0.0,-6.4,0.0],"scale":[4.0,4.0,4.0]}}}