{"elements":[{"from":[-2.285715,0.97142696,-5.1428576],"to":[18.285715,14.1142845,9.714286],"rotation":{"angle":0.0,"axis":"y","origin":[8.0,0.97142696,2.8571424]},"faces":{"east":{"uv":[4.53125,3.40625,5.34375,4.125],"rotation":0,"texture":"#0","tintindex":0},"south":{"uv":[7.28125,3.40625,8.40625,4.125],"rotation":0,"texture":"#0","tintindex":0},"north":{"uv":[5.34375,3.40625,6.46875,4.125],"rotation":0,"texture":"#0","tintindex":0},"west":{"uv":[6.46875,3.40625,7.28125,4.125],"rotation":0,"texture":"#0","tintindex":0},"up":{"uv":[6.46875,3.40625,5.34375,2.59375],"rotation":0,"texture":"#0","tintindex":0},"down":{"uv":[7.59375,2.59375,6.46875,3.40625],"rotation":0,"texture":"#0","tintindex":0}}},{"from":[6.8714285,27.895075,11.6137085],"to":[9.1285715,30.266502,13.985138],"rotation":{"angle":0.0,"axis":"y","origin":[8.0,28.852219,13.027994]},"faces":{"east":{"uv":[6.78125,9.0625,6.90625,9.1875],"rotation":0,"texture":"#0","tintindex":0},"south":{"uv":[7.15625,9.0625,7.28125,9.1875],"rotation":0,"texture":"#0","tintindex":0},"north":{"uv":[6.90625,9.0625,7.03125,9.1875],"rotation":0,"texture":"#0","tintindex":0},"west":{"uv":[7.03125,9.0625,7.15625,9.1875],"rotation":0,"texture":"#0","tintindex":0},"up":{"uv":[7.03125,9.0625,6.90625,8.9375],"rotation":0,"texture":"#0","tintindex":0},"down":{"uv":[7.15625,8.9375,7.03125,9.0625],"rotation":0,"texture":"#0","tintindex":0}}},{"from":[6.857143,24.571428,-2.8571434],"to":[9.142858,32.0,0.5714283],"rotation":{"angle":45.0,"axis":"x","origin":[8.0,13.714285,2.2857141]},"faces":{"east":{"uv":[7.28125,8.5,7.46875,8.90625],"rotation":0,"texture":"#0","tintindex":0},"south":{"uv":[7.78125,8.5,7.90625,8.90625],"rotation":0,"texture":"#0","tintindex":0},"north":{"uv":[7.46875,8.5,7.59375,8.90625],"rotation":0,"texture":"#0","tintindex":0},"west":{"uv":[7.59375,8.5,7.78125,8.90625],"rotation":0,"texture":"#0","tintindex":0},"up":{"uv":[7.59375,8.5,7.46875,8.3125],"rotation":0,"texture":"#0","tintindex":0},"down":{"uv":[7.71875,8.3125,7.59375,8.5],"rotation":0,"texture":"#0","tintindex":0}}},{"from":[5.714286,9.142856,-2.8571434],"to":[10.285714,18.285713,6.285714],"rotation":{"angle":45.0,"axis":"x","origin":[8.0,13.714285,2.2857141]},"faces":{"east":{"uv":[0.0,7.71875,0.5,8.21875],"rotation":0,"texture":"#0","tintindex":0},"south":{"uv":[1.25,7.71875,1.5,8.21875],"rotation":0,"texture":"#0","tintindex":0},"north":{"uv":[0.5,7.71875,0.75,8.21875],"rotation":0,"texture":"#0","tintindex":0},"west":{"uv":[0.75,7.71875,1.25,8.21875],"rotation":0,"texture":"#0","tintindex":0},"up":{"uv":[0.75,7.71875,0.5,7.21875],"rotation":0,"texture":"#0","tintindex":0},"down":{"uv":[1.0,7.21875,0.75,7.71875],"rotation":0,"texture":"#0","tintindex":0}}},{"from":[6.285714,18.285713,-2.8571434],"to":[9.714286,24.571428,2.8571424],"rotation":{"angle":45.0,"axis":"x","origin":[8.0,13.714285,2.2857141]},"faces":{"east":{"uv":[8.125,0.625,8.4375,0.96875],"rotation":0,"texture":"#0","tintindex":0},"south":{"uv":[8.9375,0.625,9.125,0.96875],"rotation":0,"texture":"#0","tintindex":0},"north":{"uv":[8.4375,0.625,8.625,0.96875],"rotation":0,"texture":"#0","tintindex":0},"west":{"uv":[8.625,0.625,8.9375,0.96875],"rotation":0,"texture":"#0","tintindex":0},"up":{"uv":[8.625,0.625,8.4375,0.3125],"rotation":0,"texture":"#0","tintindex":0},"down":{"uv":[8.8125,0.3125,8.625,0.625],"rotation":0,"texture":"#0","tintindex":0}}},{"from":[-6.228572,3.6999984,-4.5714293],"to":[2.342857,12.271427,9.142858],"rotation":{"angle":45.0,"axis":"z","origin":[-1.6571426,7.414284,2.2857141]},"faces":{"east":{"uv":[5.9375,6.5625,6.6875,7.03125],"rotation":0,"texture":"#0","tintindex":0},"south":{"uv":[7.90625,6.5625,8.375,7.03125],"rotation":0,"texture":"#0","tintindex":0},"north":{"uv":[6.6875,6.5625,7.15625,7.03125],"rotation":0,"texture":"#0","tintindex":0},"west":{"uv":[7.15625,6.5625,7.90625,7.03125],"rotation":0,"texture":"#0","tintindex":0},"up":{"uv":[7.15625,6.5625,6.6875,5.8125],"rotation":0,"texture":"#0","tintindex":0},"down":{"uv":[7.625,5.8125,7.15625,6.5625],"rotation":0,"texture":"#0","tintindex":0}}},{"from":[13.657143,3.6999984,-4.5714293],"to":[22.228573,12.271427,9.142858],"rotation":{"angle":-45.0,"axis":"z","origin":[17.657143,7.414284,2.2857141]},"faces":{"east":{"uv":[7.90625,6.5625,7.15625,7.03125],"rotation":0,"texture":"#0","tintindex":0},"south":{"uv":[8.375,6.5625,7.90625,7.03125],"rotation":0,"texture":"#0","tintindex":0},"north":{"uv":[7.15625,6.5625,6.6875,7.03125],"rotation":0,"texture":"#0","tintindex":0},"west":{"uv":[6.6875,6.5625,5.9375,7.03125],"rotation":0,"texture":"#0","tintindex":0},"up":{"uv":[6.6875,6.5625,7.15625,5.8125],"rotation":0,"texture":"#0","tintindex":0},"down":{"uv":[7.15625,5.8125,7.625,6.5625],"rotation":0,"texture":"#0","tintindex":0}}}],"textures":{"0":"modelengine:entity/scolopendre"},"display":{"head":{"translation":[0.0,-1.1428514,0.0],"scale":[4.0,4.0,4.0]}}}