{"elements":[{"from":[-2.285715,2.2857141,7.428571],"to":[18.285715,15.428572,22.285715],"rotation":{"angle":0.0,"axis":"y","origin":[8.0,2.2857141,15.428572]},"faces":{"east":{"uv":[4.53125,3.40625,5.34375,4.125],"rotation":0,"texture":"#0","tintindex":0},"south":{"uv":[7.28125,3.40625,8.40625,4.125],"rotation":0,"texture":"#0","tintindex":0},"north":{"uv":[5.34375,3.40625,6.46875,4.125],"rotation":0,"texture":"#0","tintindex":0},"west":{"uv":[6.46875,3.40625,7.28125,4.125],"rotation":0,"texture":"#0","tintindex":0},"up":{"uv":[6.46875,3.40625,5.34375,2.59375],"rotation":0,"texture":"#0","tintindex":0},"down":{"uv":[7.59375,2.59375,6.46875,3.40625],"rotation":0,"texture":"#0","tintindex":0}}},{"from":[-6.228572,5.0142856,8.0],"to":[2.342857,13.585714,21.714287],"rotation":{"angle":45.0,"axis":"z","origin":[-1.6571426,8.728572,14.857143]},"faces":{"east":{"uv":[5.9375,6.5625,6.6875,7.03125],"rotation":0,"texture":"#0","tintindex":0},"south":{"uv":[7.90625,6.5625,8.375,7.03125],"rotation":0,"texture":"#0","tintindex":0},"north":{"uv":[6.6875,6.5625,7.15625,7.03125],"rotation":0,"texture":"#0","tintindex":0},"west":{"uv":[7.15625,6.5625,7.90625,7.03125],"rotation":0,"texture":"#0","tintindex":0},"up":{"uv":[7.15625,6.5625,6.6875,5.8125],"rotation":0,"texture":"#0","tintindex":0},"down":{"uv":[7.625,5.8125,7.15625,6.5625],"rotation":0,"texture":"#0","tintindex":0}}},{"from":[13.657143,5.0142856,8.0],"to":[22.228573,13.585714,21.714287],"rotation":{"angle":-45.0,"axis":"z","origin":[17.657143,8.728572,14.857143]},"faces":{"east":{"uv":[7.90625,6.5625,7.15625,7.03125],"rotation":0,"texture":"#0","tintindex":0},"south":{"uv":[8.375,6.5625,7.90625,7.03125],"rotation":0,"texture":"#0","tintindex":0},"north":{"uv":[7.15625,6.5625,6.6875,7.03125],"rotation":0,"texture":"#0","tintindex":0},"west":{"uv":[6.6875,6.5625,5.9375,7.03125],"rotation":0,"texture":"#0","tintindex":0},"up":{"uv":[6.6875,6.5625,7.15625,5.8125],"rotation":0,"texture":"#0","tintindex":0},"down":{"uv":[7.15625,5.8125,7.625,6.5625],"rotation":0,"texture":"#0","tintindex":0}}}],"textures":{"0":"modelengine:entity/scolopendre"},"display":{"head":{"translation":[0.0,-6.4,0.0],"scale":[4.0,4.0,4.0]}}}