{"elements":[{"from":[0.5714283,2.5918283,8.285714],"to":[15.428572,13.448972,21.428572],"rotation":{"angle":0.0,"axis":"y","origin":[8.0,1.4489713,-14.000002]},"faces":{"east":{"uv":[0.0,5.59375,0.71875,6.1875],"rotation":0,"texture":"#0","tintindex":0},"south":{"uv":[2.25,5.59375,3.0625,6.1875],"rotation":0,"texture":"#0","tintindex":0},"north":{"uv":[0.71875,5.59375,1.53125,6.1875],"rotation":0,"texture":"#0","tintindex":0},"west":{"uv":[1.53125,5.59375,2.25,6.1875],"rotation":0,"texture":"#0","tintindex":0},"up":{"uv":[1.53125,5.59375,0.71875,4.875],"rotation":0,"texture":"#0","tintindex":0},"down":{"uv":[2.34375,4.875,1.53125,5.59375],"rotation":0,"texture":"#0","tintindex":0}}},{"from":[12.457144,2.763257,8.857143],"to":[19.885715,10.191829,20.857143],"rotation":{"angle":-45.0,"axis":"z","origin":[17.6,8.191829,14.857143]},"faces":{"east":{"uv":[7.6875,0.65625,7.03125,1.0625],"rotation":0,"texture":"#0","tintindex":0},"south":{"uv":[8.09375,0.65625,7.6875,1.0625],"rotation":0,"texture":"#0","tintindex":0},"north":{"uv":[7.03125,0.65625,6.625,1.0625],"rotation":0,"texture":"#0","tintindex":0},"west":{"uv":[6.625,0.65625,5.96875,1.0625],"rotation":0,"texture":"#0","tintindex":0},"up":{"uv":[6.625,0.65625,7.03125,0.0],"rotation":0,"texture":"#0","tintindex":0},"down":{"uv":[7.03125,0.0,7.4375,0.65625],"rotation":0,"texture":"#0","tintindex":0}}},{"from":[-3.8857145,2.763257,8.857143],"to":[3.5428567,10.191829,20.857143],"rotation":{"angle":45.0,"axis":"z","origin":[-1.6000004,8.191829,14.857143]},"faces":{"east":{"uv":[5.96875,0.65625,6.625,1.0625],"rotation":0,"texture":"#0","tintindex":0},"south":{"uv":[7.6875,0.65625,8.09375,1.0625],"rotation":0,"texture":"#0","tintindex":0},"north":{"uv":[6.625,0.65625,7.03125,1.0625],"rotation":0,"texture":"#0","tintindex":0},"west":{"uv":[7.03125,0.65625,7.6875,1.0625],"rotation":0,"texture":"#0","tintindex":0},"up":{"uv":[7.03125,0.65625,6.625,0.0],"rotation":0,"texture":"#0","tintindex":0},"down":{"uv":[7.4375,0.0,7.03125,0.65625],"rotation":0,"texture":"#0","tintindex":0}}}],"textures":{"0":"modelengine:entity/scolopendre"},"display":{"head":{"translation":[0.0,-6.4,0.0],"scale":[4.0,4.0,4.0]}}}