{"elements":[{"from":[-2.285715,2.2857141,-5.714287],"to":[18.285715,15.428572,9.142858],"rotation":{"angle":0.0,"axis":"y","origin":[8.0,2.2857141,2.2857141]},"faces":{"east":{"uv":[4.53125,3.40625,5.34375,4.125],"rotation":0,"texture":"#0","tintindex":0},"south":{"uv":[7.28125,3.40625,8.40625,4.125],"rotation":0,"texture":"#0","tintindex":0},"north":{"uv":[5.34375,3.40625,6.46875,4.125],"rotation":0,"texture":"#0","tintindex":0},"west":{"uv":[6.46875,3.40625,7.28125,4.125],"rotation":0,"texture":"#0","tintindex":0},"up":{"uv":[6.46875,3.40625,5.34375,2.59375],"rotation":0,"texture":"#0","tintindex":0},"down":{"uv":[7.59375,2.59375,6.46875,3.40625],"rotation":0,"texture":"#0","tintindex":0}}},{"from":[6.8714285,26.009361,7.785137],"to":[9.1285715,28.380789,10.156566],"rotation":{"angle":0.0,"axis":"y","origin":[8.0,26.966503,9.199423]},"faces":{"east":{"uv":[6.78125,9.0625,6.90625,9.1875],"rotation":0,"texture":"#0","tintindex":0},"south":{"uv":[7.15625,9.0625,7.28125,9.1875],"rotation":0,"texture":"#0","tintindex":0},"north":{"uv":[6.90625,9.0625,7.03125,9.1875],"rotation":0,"texture":"#0","tintindex":0},"west":{"uv":[7.03125,9.0625,7.15625,9.1875],"rotation":0,"texture":"#0","tintindex":0},"up":{"uv":[7.03125,9.0625,6.90625,8.9375],"rotation":0,"texture":"#0","tintindex":0},"down":{"uv":[7.15625,8.9375,7.03125,9.0625],"rotation":0,"texture":"#0","tintindex":0}}},{"from":[6.857143,24.171429,-3.4285717],"to":[9.142858,28.742857,0.0],"rotation":{"angle":45.0,"axis":"x","origin":[8.0,15.028572,1.7142854]},"faces":{"east":{"uv":[2.34375,8.84375,2.53125,9.09375],"rotation":0,"texture":"#0","tintindex":0},"south":{"uv":[2.84375,8.84375,2.96875,9.09375],"rotation":0,"texture":"#0","tintindex":0},"north":{"uv":[2.53125,8.84375,2.65625,9.09375],"rotation":0,"texture":"#0","tintindex":0},"west":{"uv":[2.65625,8.84375,2.84375,9.09375],"rotation":0,"texture":"#0","tintindex":0},"up":{"uv":[2.65625,8.84375,2.53125,8.65625],"rotation":0,"texture":"#0","tintindex":0},"down":{"uv":[2.78125,8.65625,2.65625,8.84375],"rotation":0,"texture":"#0","tintindex":0}}},{"from":[5.714286,10.457143,-3.4285717],"to":[10.285714,19.6,5.714286],"rotation":{"angle":45.0,"axis":"x","origin":[8.0,15.028572,1.7142854]},"faces":{"east":{"uv":[0.0,7.71875,0.5,8.21875],"rotation":0,"texture":"#0","tintindex":0},"south":{"uv":[1.25,7.71875,1.5,8.21875],"rotation":0,"texture":"#0","tintindex":0},"north":{"uv":[0.5,7.71875,0.75,8.21875],"rotation":0,"texture":"#0","tintindex":0},"west":{"uv":[0.75,7.71875,1.25,8.21875],"rotation":0,"texture":"#0","tintindex":0},"up":{"uv":[0.75,7.71875,0.5,7.21875],"rotation":0,"texture":"#0","tintindex":0},"down":{"uv":[1.0,7.21875,0.75,7.71875],"rotation":0,"texture":"#0","tintindex":0}}},{"from":[6.285714,19.6,-3.4285717],"to":[9.714286,24.171429,2.2857141],"rotation":{"angle":45.0,"axis":"x","origin":[8.0,15.028572,1.7142854]},"faces":{"east":{"uv":[8.25,1.3125,8.5625,1.5625],"rotation":0,"texture":"#0","tintindex":0},"south":{"uv":[9.0625,1.3125,9.25,1.5625],"rotation":0,"texture":"#0","tintindex":0},"north":{"uv":[8.5625,1.3125,8.75,1.5625],"rotation":0,"texture":"#0","tintindex":0},"west":{"uv":[8.75,1.3125,9.0625,1.5625],"rotation":0,"texture":"#0","tintindex":0},"up":{"uv":[8.75,1.3125,8.5625,1.0],"rotation":0,"texture":"#0","tintindex":0},"down":{"uv":[8.9375,1.0,8.75,1.3125],"rotation":0,"texture":"#0","tintindex":0}}},{"from":[-6.228572,5.0142856,-5.1428576],"to":[2.342857,13.585714,8.571428],"rotation":{"angle":45.0,"axis":"z","origin":[-1.6571426,8.728572,1.7142854]},"faces":{"east":{"uv":[5.9375,6.5625,6.6875,7.03125],"rotation":0,"texture":"#0","tintindex":0},"south":{"uv":[7.90625,6.5625,8.375,7.03125],"rotation":0,"texture":"#0","tintindex":0},"north":{"uv":[6.6875,6.5625,7.15625,7.03125],"rotation":0,"texture":"#0","tintindex":0},"west":{"uv":[7.15625,6.5625,7.90625,7.03125],"rotation":0,"texture":"#0","tintindex":0},"up":{"uv":[7.15625,6.5625,6.6875,5.8125],"rotation":0,"texture":"#0","tintindex":0},"down":{"uv":[7.625,5.8125,7.15625,6.5625],"rotation":0,"texture":"#0","tintindex":0}}},{"from":[13.657143,5.0142856,-5.1428576],"to":[22.228573,13.585714,8.571428],"rotation":{"angle":-45.0,"axis":"z","origin":[17.657143,8.728572,1.7142854]},"faces":{"east":{"uv":[7.90625,6.5625,7.15625,7.03125],"rotation":0,"texture":"#0","tintindex":0},"south":{"uv":[8.375,6.5625,7.90625,7.03125],"rotation":0,"texture":"#0","tintindex":0},"north":{"uv":[7.15625,6.5625,6.6875,7.03125],"rotation":0,"texture":"#0","tintindex":0},"west":{"uv":[6.6875,6.5625,5.9375,7.03125],"rotation":0,"texture":"#0","tintindex":0},"up":{"uv":[6.6875,6.5625,7.15625,5.8125],"rotation":0,"texture":"#0","tintindex":0},"down":{"uv":[7.15625,5.8125,7.625,6.5625],"rotation":0,"texture":"#0","tintindex":0}}}],"textures":{"0":"modelengine:entity/scolopendre"},"display":{"head":{"translation":[0.0,-6.4,0.0],"scale":[4.0,4.0,4.0]}}}