{"elements":[{"from":[-2.285715,1.3795996,-1.7142868],"to":[18.285715,14.522457,32.0],"rotation":{"angle":0.0,"axis":"y","origin":[8.0,-70.04897,25.142857]},"faces":{"east":{"uv":[0.0,1.84375,1.84375,2.5625],"rotation":0,"texture":"#0","tintindex":0},"south":{"uv":[4.8125,1.84375,5.9375,2.5625],"rotation":0,"texture":"#0","tintindex":0},"north":{"uv":[1.84375,1.84375,2.96875,2.5625],"rotation":0,"texture":"#0","tintindex":0},"west":{"uv":[2.96875,1.84375,4.8125,2.5625],"rotation":0,"texture":"#0","tintindex":0},"up":{"uv":[2.96875,1.84375,1.84375,0.0],"rotation":0,"texture":"#0","tintindex":0},"down":{"uv":[4.09375,0.0,2.96875,1.84375],"rotation":0,"texture":"#0","tintindex":0}}},{"from":[-6.228572,4.1081715,-1.1428585],"to":[2.342857,12.6796,31.42857],"rotation":{"angle":45.0,"axis":"z","origin":[-1.6571426,7.8224573,5.714285]},"faces":{"east":{"uv":[4.03125,4.375,2.25,4.84375],"rotation":0,"texture":"#0","tintindex":0},"south":{"uv":[4.5,4.375,4.03125,4.84375],"rotation":0,"texture":"#0","tintindex":0},"north":{"uv":[2.25,4.375,1.78125,4.84375],"rotation":0,"texture":"#0","tintindex":0},"west":{"uv":[1.78125,4.375,0.0,4.84375],"rotation":0,"texture":"#0","tintindex":0},"up":{"uv":[1.78125,4.375,2.25,2.59375],"rotation":0,"texture":"#0","tintindex":0},"down":{"uv":[2.25,2.59375,2.71875,4.375],"rotation":0,"texture":"#0","tintindex":0}}},{"from":[13.657143,4.1081715,-1.1428585],"to":[22.228573,12.6796,31.42857],"rotation":{"angle":-45.0,"axis":"z","origin":[17.657143,7.8224573,5.714285]},"faces":{"east":{"uv":[0.0,4.375,1.78125,4.84375],"rotation":0,"texture":"#0","tintindex":0},"south":{"uv":[4.03125,4.375,4.5,4.84375],"rotation":0,"texture":"#0","tintindex":0},"north":{"uv":[1.78125,4.375,2.25,4.84375],"rotation":0,"texture":"#0","tintindex":0},"west":{"uv":[2.25,4.375,4.03125,4.84375],"rotation":0,"texture":"#0","tintindex":0},"up":{"uv":[2.25,4.375,1.78125,2.59375],"rotation":0,"texture":"#0","tintindex":0},"down":{"uv":[2.71875,2.59375,2.25,4.375],"rotation":0,"texture":"#0","tintindex":0}}}],"textures":{"0":"modelengine:entity/scolopendre"},"display":{"head":{"translation":[0.0,-6.4,42.28572],"scale":[4.0,4.0,4.0]}}}