{"elements":[{"from":[6.5714283,7.714286,3.4285712],"to":[9.428572,8.285714,8.0],"rotation":{"angle":0.0,"axis":"y","origin":[7.714286,7.142857,6.857143]},"faces":{"east":{"uv":[1.96875,7.1875,2.21875,7.21875],"rotation":0,"texture":"#0","tintindex":0},"south":{"uv":[2.625,7.1875,2.78125,7.21875],"rotation":0,"texture":"#0","tintindex":0},"north":{"uv":[2.21875,7.1875,2.375,7.21875],"rotation":0,"texture":"#0","tintindex":0},"west":{"uv":[2.375,7.1875,2.625,7.21875],"rotation":0,"texture":"#0","tintindex":0},"up":{"uv":[2.375,7.1875,2.21875,6.9375],"rotation":0,"texture":"#0","tintindex":0},"down":{"uv":[2.53125,6.9375,2.375,7.1875],"rotation":0,"texture":"#0","tintindex":0}}}],"textures":{"0":"modelengine:entity/scolopendre"},"display":{"head":{"translation":[0.0,-6.4,0.0],"scale":[4.0,4.0,4.0]}}}