{"elements":[{"from":[7.142857,7.714286,4.6285715],"to":[8.857143,8.285714,8.057143],"rotation":{"angle":0.0,"axis":"y","origin":[7.714286,7.142857,7.4857144]},"faces":{"east":{"uv":[6.625,2.53125,6.8125,2.5625],"rotation":0,"texture":"#0","tintindex":0},"south":{"uv":[7.09375,2.53125,7.1875,2.5625],"rotation":0,"texture":"#0","tintindex":0},"north":{"uv":[6.8125,2.53125,6.90625,2.5625],"rotation":0,"texture":"#0","tintindex":0},"west":{"uv":[6.90625,2.53125,7.09375,2.5625],"rotation":0,"texture":"#0","tintindex":0},"up":{"uv":[6.90625,2.53125,6.8125,2.34375],"rotation":0,"texture":"#0","tintindex":0},"down":{"uv":[7.0,2.34375,6.90625,2.53125],"rotation":0,"texture":"#0","tintindex":0}}}],"textures":{"0":"modelengine:entity/scolopendre"},"display":{"head":{"translation":[0.0,-6.4,0.0],"scale":[4.0,4.0,4.0]}}}