{"elements":[{"from":[7.553674,7.7285714,4.113063],"to":[8.325103,8.271429,4.884491],"rotation":{"angle":-45.0,"axis":"y","origin":[7.8822455,8.0,4.613063]},"faces":{"east":{"uv":[4.375,4.90625,4.40625,4.9375],"rotation":0,"texture":"#0","tintindex":0},"south":{"uv":[4.46875,4.90625,4.5,4.9375],"rotation":0,"texture":"#0","tintindex":0},"north":{"uv":[4.40625,4.90625,4.4375,4.9375],"rotation":0,"texture":"#0","tintindex":0},"west":{"uv":[4.4375,4.90625,4.46875,4.9375],"rotation":0,"texture":"#0","tintindex":0},"up":{"uv":[4.4375,4.90625,4.40625,4.875],"rotation":0,"texture":"#0","tintindex":0},"down":{"uv":[4.46875,4.875,4.4375,4.90625],"rotation":0,"texture":"#0","tintindex":0}}},{"from":[7.4251027,7.714286,4.5702057],"to":[8.56796,8.285714,7.998777],"rotation":{"angle":0.0,"axis":"y","origin":[7.9965315,7.142857,7.4273486]},"faces":{"east":{"uv":[7.21875,2.53125,7.40625,2.5625],"rotation":0,"texture":"#0","tintindex":0},"south":{"uv":[7.65625,2.53125,7.71875,2.5625],"rotation":0,"texture":"#0","tintindex":0},"north":{"uv":[7.40625,2.53125,7.46875,2.5625],"rotation":0,"texture":"#0","tintindex":0},"west":{"uv":[7.46875,2.53125,7.65625,2.5625],"rotation":0,"texture":"#0","tintindex":0},"up":{"uv":[7.46875,2.53125,7.40625,2.34375],"rotation":0,"texture":"#0","tintindex":0},"down":{"uv":[7.53125,2.34375,7.46875,2.53125],"rotation":0,"texture":"#0","tintindex":0}}}],"textures":{"0":"modelengine:entity/scolopendre"},"display":{"head":{"translation":[0.0,-6.4,0.0],"scale":[4.0,4.0,4.0]}}}