{"elements":[{"from":[3.4285712,9.714286,3.4285712],"to":[12.571428,21.714287,12.571428],"rotation":{"angle":0.0,"axis":"y","origin":[8.0,6.857143,8.0]},"faces":{"east":{"uv":[4.0,0.0,8.0,5.25],"rotation":0,"texture":"#0","tintindex":0},"south":{"uv":[0.0,5.25,4.0,10.5],"rotation":0,"texture":"#0","tintindex":0},"north":{"uv":[0.0,0.0,4.0,5.25],"rotation":0,"texture":"#0","tintindex":0},"west":{"uv":[4.0,5.25,8.0,10.5],"rotation":0,"texture":"#0","tintindex":0},"up":{"uv":[12.0,4.0,8.0,0.0],"rotation":0,"texture":"#0","tintindex":0},"down":{"uv":[12.0,4.0,8.0,8.0],"rotation":0,"texture":"#0","tintindex":0}}},{"from":[4.0,8.0,4.0],"to":[12.0,9.714286,12.0],"rotation":{"angle":0.0,"axis":"y","origin":[8.0,4.0,8.0]},"faces":{"east":{"uv":[11.5,8.75,15.0,9.5],"rotation":0,"texture":"#0","tintindex":0},"south":{"uv":[11.5,9.5,15.0,10.25],"rotation":0,"texture":"#0","tintindex":0},"north":{"uv":[11.5,8.0,15.0,8.75],"rotation":0,"texture":"#0","tintindex":0},"west":{"uv":[11.5,10.25,15.0,11.0],"rotation":0,"texture":"#0","tintindex":0},"up":{"uv":[11.5,11.5,8.0,8.0],"rotation":0,"texture":"#0","tintindex":0},"down":{"uv":[3.5,10.5,0.0,14.0],"rotation":0,"texture":"#0","tintindex":0}}},{"from":[4.0,21.714287,4.0],"to":[12.0,23.428572,12.0],"rotation":{"angle":0.0,"axis":"y","origin":[8.0,17.714287,8.0]},"faces":{"east":{"uv":[12.0,0.0,15.5,0.75],"rotation":0,"texture":"#0","tintindex":0},"south":{"uv":[12.0,0.75,15.5,1.5],"rotation":0,"texture":"#0","tintindex":0},"north":{"uv":[10.5,11.5,14.0,12.25],"rotation":0,"texture":"#0","tintindex":0},"west":{"uv":[12.0,1.5,15.5,2.25],"rotation":0,"texture":"#0","tintindex":0},"up":{"uv":[7.0,14.0,3.5,10.5],"rotation":0,"texture":"#0","tintindex":0},"down":{"uv":[10.5,11.5,7.0,15.0],"rotation":0,"texture":"#0","tintindex":0}}},{"from":[6.5714283,9.714286,2.8571424],"to":[9.428572,12.571428,3.4285712],"rotation":{"angle":0.0,"axis":"y","origin":[8.285714,6.857143,-1.1428576]},"faces":{"east":{"uv":[10.5,12.25,10.75,13.5],"rotation":0,"texture":"#0","tintindex":0},"south":{"uv":[12.0,3.5,13.25,4.75],"rotation":0,"texture":"#0","tintindex":0},"north":{"uv":[12.0,2.25,13.25,3.5],"rotation":0,"texture":"#0","tintindex":0},"west":{"uv":[10.75,12.25,11.0,13.5],"rotation":0,"texture":"#0","tintindex":0},"up":{"uv":[12.75,11.25,11.5,11.0],"rotation":0,"texture":"#0","tintindex":0},"down":{"uv":[12.75,11.25,11.5,11.5],"rotation":0,"texture":"#0","tintindex":0}}},{"from":[7.428571,10.571428,1.1428566],"to":[8.571428,11.714286,2.8571424],"rotation":{"angle":0.0,"axis":"y","origin":[8.0,11.142858,1.9999995]},"faces":{"east":{"uv":[7.0,10.5,7.75,11.0],"rotation":0,"texture":"#0","tintindex":0},"south":{"uv":[11.5,12.25,12.0,12.75],"rotation":0,"texture":"#0","tintindex":0},"north":{"uv":[11.0,12.25,11.5,12.75],"rotation":0,"texture":"#0","tintindex":0},"west":{"uv":[7.0,11.0,7.75,11.5],"rotation":0,"texture":"#0","tintindex":0},"up":{"uv":[12.5,5.5,12.0,4.75],"rotation":0,"texture":"#0","tintindex":0},"down":{"uv":[12.5,5.5,12.0,6.25],"rotation":0,"texture":"#0","tintindex":0}}},{"from":[7.428571,11.714286,0.5714283],"to":[8.571428,13.428572,1.1428566],"rotation":{"angle":-22.5,"axis":"x","origin":[8.0,12.857143,0.85714245]},"faces":{"east":{"uv":[7.75,10.5,8.0,11.25],"rotation":0,"texture":"#0","tintindex":0},"south":{"uv":[12.0,7.0,12.5,7.75],"rotation":0,"texture":"#0","tintindex":0},"north":{"uv":[12.0,6.25,12.5,7.0],"rotation":0,"texture":"#0","tintindex":0},"west":{"uv":[12.5,7.25,12.75,8.0],"rotation":0,"texture":"#0","tintindex":0},"up":{"uv":[12.5,8.0,12.0,7.75],"rotation":0,"texture":"#0","tintindex":0},"down":{"uv":[13.0,12.25,12.5,12.5],"rotation":0,"texture":"#0","tintindex":0}}},{"from":[7.428571,9.428572,1.1428566],"to":[8.571428,10.571428,2.2857141],"rotation":{"angle":0.0,"axis":"y","origin":[8.0,11.142858,1.9999995]},"faces":{"east":{"uv":[12.5,4.75,13.0,5.25],"rotation":0,"texture":"#0","tintindex":0},"south":{"uv":[12.5,5.25,13.0,5.75],"rotation":0,"texture":"#0","tintindex":0},"north":{"uv":[12.0,12.25,12.5,12.75],"rotation":0,"texture":"#0","tintindex":0},"west":{"uv":[12.5,5.75,13.0,6.25],"rotation":0,"texture":"#0","tintindex":0},"up":{"uv":[13.0,6.75,12.5,6.25],"rotation":0,"texture":"#0","tintindex":0},"down":{"uv":[13.0,6.75,12.5,7.25],"rotation":0,"texture":"#0","tintindex":0}}}],"textures":{"0":"modelengine:entity/tap"},"display":{"head":{"translation":[0.0,-6.4,0.0],"scale":[4.0,4.0,4.0]}}}