{"elements":[{"from":[-0.3510704,-1.1002941,8.0],"to":[16.22036,8.042564,8.0],"rotation":{"angle":0.0,"axis":"y","origin":[4.0,14.142858,-5.285715]},"faces":{"east":{"uv":[15.125,1.9375,15.125,2.9375],"rotation":0,"texture":"#8","tintindex":0},"south":{"uv":[0.0,11.6875,1.8125,12.6875],"rotation":0,"texture":"#8","tintindex":0},"north":{"uv":[1.8125,11.6875,0.0,12.6875],"rotation":0,"texture":"#8","tintindex":0},"west":{"uv":[15.125,1.9375,15.125,2.9375],"rotation":0,"texture":"#8","tintindex":0},"up":{"uv":[15.125,2.75,13.3125,2.75],"rotation":0,"texture":"#8","tintindex":0},"down":{"uv":[16.0,0.0,14.1875,0.0],"rotation":0,"texture":"#8","tintindex":0}}}],"textures":{"8":"modelengine:entity/pirate_captain_seaweed_hit"},"display":{"head":{"translation":[0.0,-6.4,0.0],"scale":[4.0,4.0,4.0]}}}