{"elements":[{"from":[7.8060617,8.135105,4.6462045],"to":[13.520348,10.992248,13.7890625],"rotation":{"angle":0.0,"axis":"y","origin":[4.02642,9.092541,8.503347]},"faces":{"east":{"uv":[9.625,2.8125,10.625,3.125],"rotation":0,"texture":"#8","tintindex":0},"south":{"uv":[10.4375,3.4375,11.0625,3.75],"rotation":0,"texture":"#8","tintindex":0},"north":{"uv":[10.4375,0.3125,11.0625,0.625],"rotation":0,"texture":"#8","tintindex":0},"west":{"uv":[9.625,3.125,10.625,3.4375],"rotation":0,"texture":"#8","tintindex":0},"up":{"uv":[8.0,3.375,7.375,2.375],"rotation":0,"texture":"#8","tintindex":0},"down":{"uv":[8.0625,0.625,7.4375,1.625],"rotation":0,"texture":"#8","tintindex":0}}},{"from":[12.8179,3.4788575,4.6462045],"to":[12.8179,7.4788575,13.7890625],"rotation":{"angle":22.5,"axis":"z","origin":[11.234105,8.134887,4.6462045]},"faces":{"east":{"uv":[4.6875,3.3125,5.6875,3.75],"rotation":0,"texture":"#8","tintindex":0},"south":{"uv":[0.0,0.0,0.0,0.4375],"rotation":0,"texture":"#8","tintindex":0},"north":{"uv":[0.0,0.0,0.0,0.4375],"rotation":0,"texture":"#8","tintindex":0},"west":{"uv":[8.25,4.75,9.25,5.1875],"rotation":0,"texture":"#8","tintindex":0},"up":{"uv":[0.0,1.0,0.0,0.0],"rotation":0,"texture":"#8","tintindex":0},"down":{"uv":[0.0,0.0,0.0,1.0],"rotation":0,"texture":"#8","tintindex":0}}}],"textures":{"8":"modelengine:entity/pirate_captain_seaweed_hit"},"display":{"head":{"translation":[0.0,-6.4,0.0],"scale":[4.0,4.0,4.0]}}}