{"elements":[{"from":[11.930876,0.28571415,4.930472],"to":[13.645163,11.714286,11.216187],"rotation":{"angle":0.0,"axis":"y","origin":[8.0,8.0,12.0]},"faces":{"east":{"uv":[5.625,7.75,7.0,10.25],"rotation":0,"texture":"#4","tintindex":0},"south":{"uv":[2.625,10.125,3.0,12.625],"rotation":0,"texture":"#4","tintindex":0},"north":{"uv":[2.25,10.125,2.625,12.625],"rotation":0,"texture":"#4","tintindex":0},"west":{"uv":[7.0,7.75,8.375,10.25],"rotation":0,"texture":"#4","tintindex":0},"up":{"uv":[8.375,11.625,8.0,10.25],"rotation":0,"texture":"#4","tintindex":0},"down":{"uv":[7.875,11.0,7.5,12.375],"rotation":0,"texture":"#4","tintindex":0}}},{"from":[-1.1037493,0.28571415,4.930472],"to":[0.6105366,11.714286,11.216187],"rotation":{"angle":0.0,"axis":"y","origin":[-21.744303,8.0,12.0]},"faces":{"east":{"uv":[8.375,7.75,7.0,10.25],"rotation":0,"texture":"#4","tintindex":0},"south":{"uv":[3.0,10.125,2.625,12.625],"rotation":0,"texture":"#4","tintindex":0},"north":{"uv":[2.625,10.125,2.25,12.625],"rotation":0,"texture":"#4","tintindex":0},"west":{"uv":[7.0,7.75,5.625,10.25],"rotation":0,"texture":"#4","tintindex":0},"up":{"uv":[8.0,11.625,8.375,10.25],"rotation":0,"texture":"#4","tintindex":0},"down":{"uv":[7.5,11.0,7.875,12.375],"rotation":0,"texture":"#4","tintindex":0}}},{"from":[-1.2119808,-2.5714293,4.930472],"to":[13.645163,0.28571415,11.216187],"rotation":{"angle":0.0,"axis":"y","origin":[8.0,8.0,12.0]},"faces":{"east":{"uv":[10.25,7.75,11.625,8.375],"rotation":0,"texture":"#4","tintindex":0},"south":{"uv":[8.375,3.125,11.625,3.75],"rotation":0,"texture":"#4","tintindex":0},"north":{"uv":[8.375,2.5,11.625,3.125],"rotation":0,"texture":"#4","tintindex":0},"west":{"uv":[10.25,8.375,11.625,9.0],"rotation":0,"texture":"#4","tintindex":0},"up":{"uv":[7.0,5.125,3.75,3.75],"rotation":0,"texture":"#4","tintindex":0},"down":{"uv":[8.25,0.0,5.0,1.375],"rotation":0,"texture":"#4","tintindex":0}}}],"textures":{"4":"modelengine:entity/pirate_captain_cannon_hit"},"display":{"head":{"translation":[0.0,-6.4,0.0],"scale":[4.0,4.0,4.0]}}}