{"elements":[{"from":[4.5714283,13.730852,-1.154499],"to":[12.571428,17.730854,6.845502],"rotation":{"angle":-22.5,"axis":"x","origin":[8.857143,15.730852,2.845502]},"faces":{"east":{"uv":[9.125,0.6875,10.0,1.125],"rotation":0,"texture":"#8","tintindex":0},"south":{"uv":[9.25,6.375,10.0625,6.8125],"rotation":0,"texture":"#8","tintindex":0},"north":{"uv":[9.25,4.75,10.0625,5.1875],"rotation":0,"texture":"#8","tintindex":0},"west":{"uv":[9.125,7.625,10.0,8.0625],"rotation":0,"texture":"#8","tintindex":0},"up":{"uv":[7.4375,5.3125,6.625,4.4375],"rotation":0,"texture":"#8","tintindex":0},"down":{"uv":[6.125,6.6875,5.3125,7.5625],"rotation":0,"texture":"#8","tintindex":0}}},{"from":[0.5714283,8.016566,-0.011641502],"to":[16.57143,16.016567,7.988359],"rotation":{"angle":0.0,"axis":"y","origin":[4.922498,14.688289,4.41693]},"faces":{"east":{"uv":[2.125,6.4375,3.0,7.3125],"rotation":0,"texture":"#8","tintindex":0},"south":{"uv":[2.875,3.8125,4.625,4.6875],"rotation":0,"texture":"#8","tintindex":0},"north":{"uv":[3.75,1.0625,5.5,1.9375],"rotation":0,"texture":"#8","tintindex":0},"west":{"uv":[3.0,6.4375,2.125,7.3125],"rotation":0,"texture":"#8","tintindex":0},"up":{"uv":[1.75,5.25,0.0,4.375],"rotation":0,"texture":"#8","tintindex":0},"down":{"uv":[6.375,3.8125,4.625,4.6875],"rotation":0,"texture":"#8","tintindex":0}}},{"from":[13.077612,7.445138,-1.6517134],"to":[18.220469,15.445139,-1.6517134],"rotation":{"angle":22.5,"axis":"y","origin":[17.232834,12.016567,-0.9956846]},"faces":{"east":{"uv":[0.0,0.0,0.0,0.875],"rotation":0,"texture":"#8","tintindex":0},"south":{"uv":[5.6875,8.375,5.125,9.25],"rotation":0,"texture":"#8","tintindex":0},"north":{"uv":[5.125,8.375,5.6875,9.25],"rotation":0,"texture":"#8","tintindex":0},"west":{"uv":[0.0,0.0,0.0,0.875],"rotation":0,"texture":"#8","tintindex":0},"up":{"uv":[0.5625,0.0,0.0,0.0],"rotation":0,"texture":"#8","tintindex":0},"down":{"uv":[0.5625,0.0,0.0,0.0],"rotation":0,"texture":"#8","tintindex":0}}},{"from":[-1.1646061,7.445138,-2.0890656],"to":[3.978251,15.445139,-2.0890656],"rotation":{"angle":-22.5,"axis":"y","origin":[-1.2328329,12.016567,-0.9956846]},"faces":{"east":{"uv":[0.0,0.0,0.0,0.875],"rotation":0,"texture":"#8","tintindex":0},"south":{"uv":[5.125,8.375,5.6875,9.25],"rotation":0,"texture":"#8","tintindex":0},"north":{"uv":[5.6875,8.375,5.125,9.25],"rotation":0,"texture":"#8","tintindex":0},"west":{"uv":[0.0,0.0,0.0,0.875],"rotation":0,"texture":"#8","tintindex":0},"up":{"uv":[0.0,0.0,0.5625,0.0],"rotation":0,"texture":"#8","tintindex":0},"down":{"uv":[0.0,0.0,0.5625,0.0],"rotation":0,"texture":"#8","tintindex":0}}},{"from":[5.495308,7.633883,-4.0116415],"to":[5.495308,17.34817,-0.011641502],"rotation":{"angle":22.5,"axis":"z","origin":[4.5714283,12.016567,2.2740731]},"faces":{"east":{"uv":[2.3125,8.375,2.75,9.4375],"rotation":0,"texture":"#8","tintindex":0},"south":{"uv":[0.0,0.0,0.0,1.0625],"rotation":0,"texture":"#8","tintindex":0},"north":{"uv":[0.0,0.0,0.0,1.0625],"rotation":0,"texture":"#8","tintindex":0},"west":{"uv":[2.75,8.375,2.3125,9.4375],"rotation":0,"texture":"#8","tintindex":0},"up":{"uv":[0.0,0.4375,0.0,0.0],"rotation":0,"texture":"#8","tintindex":0},"down":{"uv":[0.0,0.0,0.0,0.4375],"rotation":0,"texture":"#8","tintindex":0}}},{"from":[11.5605545,8.071236,-4.0116415],"to":[11.5605545,17.785522,-0.011641502],"rotation":{"angle":-22.5,"axis":"z","origin":[11.428572,12.016567,2.2740731]},"faces":{"east":{"uv":[2.3125,8.375,2.75,9.4375],"rotation":0,"texture":"#8","tintindex":0},"south":{"uv":[0.0,0.0,0.0,1.0625],"rotation":0,"texture":"#8","tintindex":0},"north":{"uv":[0.0,0.0,0.0,1.0625],"rotation":0,"texture":"#8","tintindex":0},"west":{"uv":[2.75,8.375,2.3125,9.4375],"rotation":0,"texture":"#8","tintindex":0},"up":{"uv":[0.0,0.4375,0.0,0.0],"rotation":0,"texture":"#8","tintindex":0},"down":{"uv":[0.0,0.0,0.0,0.4375],"rotation":0,"texture":"#8","tintindex":0}}},{"from":[6.5714283,15.445139,1.7026448],"to":[10.0,20.016567,5.131216],"rotation":{"angle":-45.0,"axis":"x","origin":[8.571428,16.016567,3.7026443]},"faces":{"east":{"uv":[8.375,10.5,8.75,11.0],"rotation":0,"texture":"#8","tintindex":0},"south":{"uv":[8.75,10.5,9.125,11.0],"rotation":0,"texture":"#8","tintindex":0},"north":{"uv":[10.5,7.9375,10.875,8.4375],"rotation":0,"texture":"#8","tintindex":0},"west":{"uv":[9.125,10.5,9.5,11.0],"rotation":0,"texture":"#8","tintindex":0},"up":{"uv":[11.25,8.3125,10.875,7.9375],"rotation":0,"texture":"#8","tintindex":0},"down":{"uv":[0.6875,10.9375,0.3125,11.3125],"rotation":0,"texture":"#8","tintindex":0}}},{"from":[4.5714283,16.016567,5.131216],"to":[12.571428,19.445139,7.988359],"rotation":{"angle":0.0,"axis":"y","origin":[4.922498,14.688289,4.41693]},"faces":{"east":{"uv":[6.3125,11.0625,6.625,11.4375],"rotation":0,"texture":"#8","tintindex":0},"south":{"uv":[9.5625,5.9375,10.4375,6.3125],"rotation":0,"texture":"#8","tintindex":0},"north":{"uv":[5.625,9.5625,6.5,9.9375],"rotation":0,"texture":"#8","tintindex":0},"west":{"uv":[11.0625,6.3125,11.375,6.6875],"rotation":0,"texture":"#8","tintindex":0},"up":{"uv":[10.5625,5.5,9.6875,5.1875],"rotation":0,"texture":"#8","tintindex":0},"down":{"uv":[0.875,9.9375,0.0,10.25],"rotation":0,"texture":"#8","tintindex":0}}},{"from":[15.463761,15.468245,-2.2973557],"to":[18.892332,15.468245,1.131216],"rotation":{"angle":-22.5,"axis":"z","origin":[11.077502,14.688289,4.41693]},"faces":{"east":{"uv":[0.0,0.0,0.375,0.0],"rotation":0,"texture":"#8","tintindex":0},"south":{"uv":[0.0,0.0,0.375,0.0],"rotation":0,"texture":"#8","tintindex":0},"north":{"uv":[0.0,0.0,0.375,0.0],"rotation":0,"texture":"#8","tintindex":0},"west":{"uv":[0.0,0.0,0.375,0.0],"rotation":0,"texture":"#8","tintindex":0},"up":{"uv":[4.6875,11.3125,4.3125,10.9375],"rotation":0,"texture":"#8","tintindex":0},"down":{"uv":[11.3125,9.3125,10.9375,9.6875],"rotation":0,"texture":"#8","tintindex":0}}},{"from":[-1.8364706,15.030891,-2.2973557],"to":[1.5921011,15.030891,1.131216],"rotation":{"angle":22.5,"axis":"z","origin":[4.9224977,14.688289,4.41693]},"faces":{"east":{"uv":[0.375,0.0,0.0,0.0],"rotation":0,"texture":"#8","tintindex":0},"south":{"uv":[0.375,0.0,0.0,0.0],"rotation":0,"texture":"#8","tintindex":0},"north":{"uv":[0.375,0.0,0.0,0.0],"rotation":0,"texture":"#8","tintindex":0},"west":{"uv":[0.375,0.0,0.0,0.0],"rotation":0,"texture":"#8","tintindex":0},"up":{"uv":[4.3125,11.3125,4.6875,10.9375],"rotation":0,"texture":"#8","tintindex":0},"down":{"uv":[10.9375,9.3125,11.3125,9.6875],"rotation":0,"texture":"#8","tintindex":0}}},{"from":[12.571428,13.730852,-2.2973557],"to":[15.428572,19.445139,7.988359],"rotation":{"angle":0.0,"axis":"y","origin":[11.077501,14.688289,4.41693]},"faces":{"east":{"uv":[3.875,7.125,5.0,7.75],"rotation":0,"texture":"#8","tintindex":0},"south":{"uv":[10.375,10.4375,10.6875,11.0625],"rotation":0,"texture":"#8","tintindex":0},"north":{"uv":[10.0625,10.4375,10.375,11.0625],"rotation":0,"texture":"#8","tintindex":0},"west":{"uv":[7.25,6.875,8.375,7.5],"rotation":0,"texture":"#8","tintindex":0},"up":{"uv":[8.8125,10.5,8.5,9.375],"rotation":0,"texture":"#8","tintindex":0},"down":{"uv":[9.125,9.375,8.8125,10.5],"rotation":0,"texture":"#8","tintindex":0}}},{"from":[1.7142854,13.730852,-2.2973557],"to":[4.5714283,19.445139,7.988359],"rotation":{"angle":0.0,"axis":"y","origin":[4.922498,14.688289,4.41693]},"faces":{"east":{"uv":[8.375,6.875,7.25,7.5],"rotation":0,"texture":"#8","tintindex":0},"south":{"uv":[10.6875,10.4375,10.375,11.0625],"rotation":0,"texture":"#8","tintindex":0},"north":{"uv":[10.375,10.4375,10.0625,11.0625],"rotation":0,"texture":"#8","tintindex":0},"west":{"uv":[5.0,7.125,3.875,7.75],"rotation":0,"texture":"#8","tintindex":0},"up":{"uv":[8.5,10.5,8.8125,9.375],"rotation":0,"texture":"#8","tintindex":0},"down":{"uv":[8.8125,9.375,9.125,10.5],"rotation":0,"texture":"#8","tintindex":0}}}],"textures":{"8":"modelengine:entity/pirate_captain_seaweed_hit"},"display":{"head":{"translation":[0.0,-6.4,0.0],"scale":[4.0,4.0,4.0]}}}