{"elements":[{"from":[5.142857,5.142857,3.5714283],"to":[10.857143,10.857143,8.714286],"rotation":{"angle":0.0,"axis":"y","origin":[8.0,5.142857,-1.5714293]},"faces":{"east":{"uv":[5.375,0.0,6.5,1.25],"rotation":0,"texture":"#0","tintindex":0},"south":{"uv":[2.25,4.75,3.5,6.0],"rotation":0,"texture":"#0","tintindex":0},"north":{"uv":[2.25,4.75,3.5,6.0],"rotation":0,"texture":"#0","tintindex":0},"west":{"uv":[5.375,0.0,6.5,1.25],"rotation":0,"texture":"#0","tintindex":0},"up":{"uv":[6.625,2.375,5.375,1.25],"rotation":0,"texture":"#0","tintindex":0},"down":{"uv":[7.0,4.25,5.75,5.375],"rotation":0,"texture":"#0","tintindex":0}}},{"from":[5.714286,5.714286,8.714286],"to":[10.285714,10.285714,11.0],"rotation":{"angle":0.0,"axis":"y","origin":[8.0,5.142857,-1.5714293]},"faces":{"east":{"uv":[2.0,8.125,2.5,9.125],"rotation":0,"texture":"#0","tintindex":0},"south":{"uv":[0.0,6.625,1.0,7.625],"rotation":0,"texture":"#0","tintindex":0},"north":{"uv":[6.5,0.0,7.5,1.0],"rotation":0,"texture":"#0","tintindex":0},"west":{"uv":[2.5,8.125,3.0,9.125],"rotation":0,"texture":"#0","tintindex":0},"up":{"uv":[1.0,8.75,0.0,8.25],"rotation":0,"texture":"#0","tintindex":0},"down":{"uv":[9.25,1.25,8.25,1.75],"rotation":0,"texture":"#0","tintindex":0}}}],"textures":{"0":"modelengine:entity/texture"},"display":{"head":{"translation":[0.0,-6.4,0.0],"scale":[4.0,4.0,4.0]}}}