{"elements":[{"from":[7.142857,9.142855,9.428572],"to":[8.857143,10.8571415,11.142858],"rotation":{"angle":0.0,"axis":"y","origin":[8.0,4.5714264,8.0]},"faces":{"east":{"uv":[1.625,8.875,2.0,9.25],"rotation":0,"texture":"#0","tintindex":0},"south":{"uv":[8.875,8.375,9.25,8.75],"rotation":0,"texture":"#0","tintindex":0},"north":{"uv":[5.25,4.25,5.625,4.625],"rotation":0,"texture":"#0","tintindex":0},"west":{"uv":[9.0,3.625,9.375,4.0],"rotation":0,"texture":"#0","tintindex":0},"up":{"uv":[2.375,9.5,2.0,9.125],"rotation":0,"texture":"#0","tintindex":0},"down":{"uv":[2.75,9.125,2.375,9.5],"rotation":0,"texture":"#0","tintindex":0}}},{"from":[7.3142858,10.8571415,9.6],"to":[8.685715,32.0,10.971429],"rotation":{"angle":0.0,"axis":"y","origin":[8.0,4.5714264,8.0]},"faces":{"east":{"uv":[4.5,6.125,4.75,10.75],"rotation":0,"texture":"#0","tintindex":0},"south":{"uv":[4.75,6.125,5.0,10.75],"rotation":0,"texture":"#0","tintindex":0},"north":{"uv":[4.25,6.125,4.5,10.75],"rotation":0,"texture":"#0","tintindex":0},"west":{"uv":[5.0,6.125,5.25,10.75],"rotation":0,"texture":"#0","tintindex":0},"up":{"uv":[5.5,4.875,5.25,4.625],"rotation":0,"texture":"#0","tintindex":0},"down":{"uv":[5.75,4.625,5.5,4.875],"rotation":0,"texture":"#0","tintindex":0}}},{"from":[0.5714283,25.657143,9.328571],"to":[15.428572,27.02857,10.414286],"rotation":{"angle":0.0,"axis":"y","origin":[8.0,4.5714264,8.0]},"faces":{"east":{"uv":[5.25,6.125,5.5,6.375],"rotation":0,"texture":"#0","tintindex":0},"south":{"uv":[7.0,6.0,10.25,6.25],"rotation":0,"texture":"#0","tintindex":0},"north":{"uv":[7.0,5.75,10.25,6.0],"rotation":0,"texture":"#0","tintindex":0},"west":{"uv":[5.5,6.125,5.75,6.375],"rotation":0,"texture":"#0","tintindex":0},"up":{"uv":[9.375,7.625,6.125,7.375],"rotation":0,"texture":"#0","tintindex":0},"down":{"uv":[10.75,0.0,7.5,0.25],"rotation":0,"texture":"#0","tintindex":0}}},{"from":[15.4,25.828571,9.5],"to":[25.042858,26.857141,10.242857],"rotation":{"angle":0.0,"axis":"y","origin":[8.0,4.5714264,8.0]},"faces":{"east":{"uv":[6.5,4.0,6.375,4.25],"rotation":0,"texture":"#0","tintindex":0},"south":{"uv":[10.125,5.375,8.0,5.625],"rotation":0,"texture":"#0","tintindex":0},"north":{"uv":[9.625,7.0,7.5,7.25],"rotation":0,"texture":"#0","tintindex":0},"west":{"uv":[5.75,4.25,5.625,4.5],"rotation":0,"texture":"#0","tintindex":0},"up":{"uv":[7.5,7.375,9.625,7.25],"rotation":0,"texture":"#0","tintindex":0},"down":{"uv":[8.0,5.625,10.125,5.75],"rotation":0,"texture":"#0","tintindex":0}}},{"from":[-9.042858,25.828571,9.5],"to":[0.5999999,26.857141,10.242857],"rotation":{"angle":0.0,"axis":"y","origin":[8.0,4.5714264,8.0]},"faces":{"east":{"uv":[5.625,4.25,5.75,4.5],"rotation":0,"texture":"#0","tintindex":0},"south":{"uv":[8.0,5.375,10.125,5.625],"rotation":0,"texture":"#0","tintindex":0},"north":{"uv":[7.5,7.0,9.625,7.25],"rotation":0,"texture":"#0","tintindex":0},"west":{"uv":[6.375,4.0,6.5,4.25],"rotation":0,"texture":"#0","tintindex":0},"up":{"uv":[9.625,7.375,7.5,7.25],"rotation":0,"texture":"#0","tintindex":0},"down":{"uv":[10.125,5.625,8.0,5.75],"rotation":0,"texture":"#0","tintindex":0}}}],"textures":{"0":"modelengine:entity/texture"},"display":{"head":{"translation":[0.0,7.3142943,0.0],"scale":[4.0,4.0,4.0]}}}