{"elements":[{"from":[5.485714,5.7287226,13.351812],"to":[10.514286,10.300152,19.066097],"rotation":{"angle":0.0,"axis":"y","origin":[8.0,5.7287226,13.923242]},"faces":{"east":{"uv":[5.75,5.375,7.0,6.375],"rotation":0,"texture":"#0","tintindex":0},"south":{"uv":[6.375,6.375,7.5,7.375],"rotation":0,"texture":"#0","tintindex":0},"north":{"uv":[5.25,6.375,6.375,7.375],"rotation":0,"texture":"#0","tintindex":0},"west":{"uv":[1.0,6.0,2.25,7.0],"rotation":0,"texture":"#0","tintindex":0},"up":{"uv":[4.625,6.125,3.5,4.875],"rotation":0,"texture":"#0","tintindex":0},"down":{"uv":[5.75,4.875,4.625,6.125],"rotation":0,"texture":"#0","tintindex":0}}},{"from":[5.714286,5.7287226,11.808956],"to":[10.285714,9.957294,13.351812],"rotation":{"angle":0.0,"axis":"y","origin":[8.0,5.7287226,13.923242]},"faces":{"east":{"uv":[6.875,8.75,7.25,9.625],"rotation":0,"texture":"#0","tintindex":0},"south":{"uv":[2.0,7.25,3.0,8.125],"rotation":0,"texture":"#0","tintindex":0},"north":{"uv":[7.0,4.875,8.0,5.75],"rotation":0,"texture":"#0","tintindex":0},"west":{"uv":[7.25,8.75,7.625,9.625],"rotation":0,"texture":"#0","tintindex":0},"up":{"uv":[9.25,3.375,8.25,3.0],"rotation":0,"texture":"#0","tintindex":0},"down":{"uv":[7.875,8.375,6.875,8.75],"rotation":0,"texture":"#0","tintindex":0}}},{"from":[6.8,5.7287226,3.4660978],"to":[9.2,6.87158,11.808956],"rotation":{"angle":0.0,"axis":"y","origin":[8.0,5.7287226,13.923242]},"faces":{"east":{"uv":[8.25,1.75,10.125,2.0],"rotation":0,"texture":"#0","tintindex":0},"south":{"uv":[3.75,3.0,4.25,3.25],"rotation":0,"texture":"#0","tintindex":0},"north":{"uv":[3.25,3.0,3.75,3.25],"rotation":0,"texture":"#0","tintindex":0},"west":{"uv":[8.25,2.0,10.125,2.25],"rotation":0,"texture":"#0","tintindex":0},"up":{"uv":[1.5,8.875,1.0,7.0],"rotation":0,"texture":"#0","tintindex":0},"down":{"uv":[2.0,7.0,1.5,8.875],"rotation":0,"texture":"#0","tintindex":0}}},{"from":[4.0571427,5.1001515,14.09467],"to":[5.485714,9.443008,18.323242],"rotation":{"angle":0.0,"axis":"y","origin":[8.0,5.7287226,13.923242]},"faces":{"east":{"uv":[0.0,6.625,1.0,7.625],"rotation":0,"texture":"#0","tintindex":0},"south":{"uv":[2.5,8.125,3.0,9.125],"rotation":0,"texture":"#0","tintindex":0},"north":{"uv":[3.0,8.125,2.5,9.125],"rotation":0,"texture":"#0","tintindex":0},"west":{"uv":[0.0,6.625,1.0,7.625],"rotation":0,"texture":"#0","tintindex":0},"up":{"uv":[8.0,9.625,7.625,8.75],"rotation":0,"texture":"#0","tintindex":0},"down":{"uv":[8.375,8.75,8.0,9.625],"rotation":0,"texture":"#0","tintindex":0}}},{"from":[5.714286,7.614437,0.95181227],"to":[10.285714,9.500152,6.49467],"rotation":{"angle":0.0,"axis":"y","origin":[8.0,5.7287226,13.923242]},"faces":{"east":{"uv":[8.25,2.25,9.5,2.625],"rotation":0,"texture":"#0","tintindex":0},"south":{"uv":[7.875,8.375,8.875,8.75],"rotation":0,"texture":"#0","tintindex":0},"north":{"uv":[8.375,7.625,9.375,8.0],"rotation":0,"texture":"#0","tintindex":0},"west":{"uv":[8.25,2.625,9.5,3.0],"rotation":0,"texture":"#0","tintindex":0},"up":{"uv":[3.25,7.25,2.25,6.0],"rotation":0,"texture":"#0","tintindex":0},"down":{"uv":[4.25,6.125,3.25,7.375],"rotation":0,"texture":"#0","tintindex":0}}},{"from":[5.8,7.2532887,-4.198412],"to":[10.2,9.939003,4.1444454],"rotation":{"angle":22.5,"axis":"x","origin":[8.0,8.196146,-0.026983261]},"faces":{"east":{"uv":[9.375,6.625,7.5,7.0],"rotation":0,"texture":"#0","tintindex":0},"south":{"uv":[6.125,7.625,7.125,8.25],"rotation":0,"texture":"#0","tintindex":0},"north":{"uv":[9.125,9.125,9.375,9.5],"rotation":0,"texture":"#0","tintindex":0},"west":{"uv":[7.5,6.625,9.375,7.0],"rotation":0,"texture":"#0","tintindex":0},"up":{"uv":[5.25,4.875,4.25,3.0],"rotation":0,"texture":"#0","tintindex":0},"down":{"uv":[2.0,7.0,1.5,8.875],"rotation":0,"texture":"#0","tintindex":0}}},{"from":[6.1571426,11.477728,-7.613228],"to":[9.842857,13.806299,-2.0703707],"rotation":{"angle":45.0,"axis":"x","origin":[8.0,12.820585,-6.2417994]},"faces":{"east":{"uv":[9.375,6.625,7.5,7.0],"rotation":0,"texture":"#0","tintindex":0},"south":{"uv":[0.0,8.75,0.75,9.25],"rotation":0,"texture":"#0","tintindex":0},"north":{"uv":[9.125,9.125,9.375,9.5],"rotation":0,"texture":"#0","tintindex":0},"west":{"uv":[7.5,6.625,9.375,7.0],"rotation":0,"texture":"#0","tintindex":0},"up":{"uv":[5.25,4.875,4.25,3.0],"rotation":0,"texture":"#0","tintindex":0},"down":{"uv":[2.0,7.0,1.5,8.875],"rotation":0,"texture":"#0","tintindex":0}}},{"from":[5.942857,8.185865,4.0375266],"to":[10.057143,10.071581,6.780384],"rotation":{"angle":0.0,"axis":"y","origin":[8.0,5.7287226,13.923242]},"faces":{"east":{"uv":[6.375,3.625,7.0,4.0],"rotation":0,"texture":"#0","tintindex":0},"south":{"uv":[8.875,4.625,9.75,5.0],"rotation":0,"texture":"#0","tintindex":0},"north":{"uv":[0.75,8.875,1.625,9.25],"rotation":0,"texture":"#0","tintindex":0},"west":{"uv":[8.875,5.0,9.5,5.375],"rotation":0,"texture":"#0","tintindex":0},"up":{"uv":[8.625,4.75,7.75,4.125],"rotation":0,"texture":"#0","tintindex":0},"down":{"uv":[8.875,4.75,8.0,5.375],"rotation":0,"texture":"#0","tintindex":0}}},{"from":[5.714286,5.7287226,3.4660978],"to":[6.8,7.614437,11.808956],"rotation":{"angle":0.0,"axis":"y","origin":[8.0,5.7287226,13.923242]},"faces":{"east":{"uv":[7.5,6.25,9.375,6.625],"rotation":0,"texture":"#0","tintindex":0},"south":{"uv":[0.0,9.25,0.25,9.625],"rotation":0,"texture":"#0","tintindex":0},"north":{"uv":[9.125,9.125,9.375,9.5],"rotation":0,"texture":"#0","tintindex":0},"west":{"uv":[7.5,6.625,9.375,7.0],"rotation":0,"texture":"#0","tintindex":0},"up":{"uv":[6.625,10.125,6.375,8.25],"rotation":0,"texture":"#0","tintindex":0},"down":{"uv":[6.875,8.25,6.625,10.125],"rotation":0,"texture":"#0","tintindex":0}}},{"from":[9.2,5.7287226,3.4660978],"to":[10.285714,7.614437,11.808956],"rotation":{"angle":0.0,"axis":"y","origin":[8.0,5.7287226,13.923242]},"faces":{"east":{"uv":[9.375,6.625,7.5,7.0],"rotation":0,"texture":"#0","tintindex":0},"south":{"uv":[0.25,9.25,0.0,9.625],"rotation":0,"texture":"#0","tintindex":0},"north":{"uv":[9.375,9.125,9.125,9.5],"rotation":0,"texture":"#0","tintindex":0},"west":{"uv":[9.375,6.25,7.5,6.625],"rotation":0,"texture":"#0","tintindex":0},"up":{"uv":[6.375,10.125,6.625,8.25],"rotation":0,"texture":"#0","tintindex":0},"down":{"uv":[6.625,8.25,6.875,10.125],"rotation":0,"texture":"#0","tintindex":0}}},{"from":[10.514286,5.1001515,14.09467],"to":[11.942858,9.443008,18.323242],"rotation":{"angle":0.0,"axis":"y","origin":[8.0,5.7287226,13.923242]},"faces":{"east":{"uv":[1.0,6.625,0.0,7.625],"rotation":0,"texture":"#0","tintindex":0},"south":{"uv":[3.0,8.125,2.5,9.125],"rotation":0,"texture":"#0","tintindex":0},"north":{"uv":[2.5,8.125,3.0,9.125],"rotation":0,"texture":"#0","tintindex":0},"west":{"uv":[0.0,6.625,1.0,7.625],"rotation":0,"texture":"#0","tintindex":0},"up":{"uv":[7.625,9.625,8.0,8.75],"rotation":0,"texture":"#0","tintindex":0},"down":{"uv":[8.0,8.75,8.375,9.625],"rotation":0,"texture":"#0","tintindex":0}}}],"textures":{"0":"modelengine:entity/texture"},"display":{"head":{"translation":[0.0,-6.4,0.0],"scale":[4.0,4.0,4.0]}}}