{"elements":[{"from":[-9.042858,4.6,8.057143],"to":[0.5999999,11.685715,8.057143],"rotation":{"angle":0.0,"axis":"y","origin":[8.0,-9.857143,6.4142857]},"faces":{"east":{"uv":[0.0,0.0,0.0,1.5],"rotation":0,"texture":"#0","tintindex":0},"south":{"uv":[2.125,3.25,0.0,4.75],"rotation":0,"texture":"#0","tintindex":0},"north":{"uv":[0.0,3.25,2.125,4.75],"rotation":0,"texture":"#0","tintindex":0},"west":{"uv":[0.0,0.0,0.0,1.5],"rotation":0,"texture":"#0","tintindex":0},"up":{"uv":[2.125,0.0,0.0,0.0],"rotation":0,"texture":"#0","tintindex":0},"down":{"uv":[2.125,0.0,0.0,0.0],"rotation":0,"texture":"#0","tintindex":0}}},{"from":[0.5714283,3.8571424,7.885714],"to":[15.428572,11.571428,7.885714],"rotation":{"angle":0.0,"axis":"y","origin":[8.0,-9.857143,6.4142857]},"faces":{"east":{"uv":[0.0,0.0,0.0,1.625],"rotation":0,"texture":"#0","tintindex":0},"south":{"uv":[0.0,1.625,3.25,3.25],"rotation":0,"texture":"#0","tintindex":0},"north":{"uv":[0.0,0.0,3.25,1.625],"rotation":0,"texture":"#0","tintindex":0},"west":{"uv":[0.0,0.0,0.0,1.625],"rotation":0,"texture":"#0","tintindex":0},"up":{"uv":[3.25,0.0,0.0,0.0],"rotation":0,"texture":"#0","tintindex":0},"down":{"uv":[3.25,0.0,0.0,0.0],"rotation":0,"texture":"#0","tintindex":0}}},{"from":[15.4,4.6,8.057143],"to":[25.042858,11.685715,8.057143],"rotation":{"angle":0.0,"axis":"y","origin":[8.0,-9.857143,6.4142857]},"faces":{"east":{"uv":[0.0,0.0,0.0,1.5],"rotation":0,"texture":"#0","tintindex":0},"south":{"uv":[0.0,3.25,2.125,4.75],"rotation":0,"texture":"#0","tintindex":0},"north":{"uv":[2.125,3.25,0.0,4.75],"rotation":0,"texture":"#0","tintindex":0},"west":{"uv":[0.0,0.0,0.0,1.5],"rotation":0,"texture":"#0","tintindex":0},"up":{"uv":[0.0,0.0,2.125,0.0],"rotation":0,"texture":"#0","tintindex":0},"down":{"uv":[0.0,0.0,2.125,0.0],"rotation":0,"texture":"#0","tintindex":0}}}],"textures":{"0":"modelengine:entity/texture"},"display":{"head":{"translation":[0.0,-6.4,0.0],"scale":[4.0,4.0,4.0]}}}