{"elements":[{"from":[-0.17152023,14.574936,17.676443],"to":[16.17152,23.767895,17.676443],"rotation":{"angle":22.5,"axis":"x","origin":[8.0,15.163301,8.0]},"faces":{"east":{"uv":[1.25,6.625,1.25,7.75],"rotation":0,"texture":"#0","tintindex":0},"south":{"uv":[2.0,0.0,0.0,1.125],"rotation":0,"texture":"#0","tintindex":0},"north":{"uv":[0.0,0.0,2.0,1.125],"rotation":0,"texture":"#0","tintindex":0},"west":{"uv":[1.375,6.625,1.375,7.75],"rotation":0,"texture":"#0","tintindex":0},"up":{"uv":[9.0,0.0,7.0,0.0],"rotation":0,"texture":"#0","tintindex":0},"down":{"uv":[9.0,0.125,7.0,0.125],"rotation":0,"texture":"#0","tintindex":0}}},{"from":[17.676443,14.574936,-0.17152023],"to":[17.676443,23.767895,16.17152],"rotation":{"angle":-22.5,"axis":"z","origin":[8.0,15.163301,8.0]},"faces":{"east":{"uv":[0.0,0.0,2.0,1.125],"rotation":0,"texture":"#0","tintindex":0},"south":{"uv":[1.25,6.625,1.25,7.75],"rotation":0,"texture":"#0","tintindex":0},"north":{"uv":[1.375,6.625,1.375,7.75],"rotation":0,"texture":"#0","tintindex":0},"west":{"uv":[2.0,0.0,0.0,1.125],"rotation":0,"texture":"#0","tintindex":0},"up":{"uv":[9.0,0.0,7.0,0.0],"rotation":90,"texture":"#0","tintindex":0},"down":{"uv":[9.0,0.125,7.0,0.125],"rotation":270,"texture":"#0","tintindex":0}}},{"from":[-0.17152023,14.574936,-1.6764431],"to":[16.17152,23.767895,-1.6764431],"rotation":{"angle":-22.5,"axis":"x","origin":[8.0,15.163301,8.0]},"faces":{"east":{"uv":[1.25,6.625,1.25,7.75],"rotation":0,"texture":"#0","tintindex":0},"south":{"uv":[2.0,0.0,0.0,1.125],"rotation":0,"texture":"#0","tintindex":0},"north":{"uv":[0.0,0.0,2.0,1.125],"rotation":0,"texture":"#0","tintindex":0},"west":{"uv":[1.375,6.625,1.375,7.75],"rotation":0,"texture":"#0","tintindex":0},"up":{"uv":[9.0,0.0,7.0,0.0],"rotation":0,"texture":"#0","tintindex":0},"down":{"uv":[9.0,0.125,7.0,0.125],"rotation":0,"texture":"#0","tintindex":0}}},{"from":[-1.6764431,14.574936,-0.17152023],"to":[-1.6764431,23.767895,16.17152],"rotation":{"angle":22.5,"axis":"z","origin":[8.0,15.163301,8.0]},"faces":{"east":{"uv":[0.0,0.0,2.0,1.125],"rotation":0,"texture":"#0","tintindex":0},"south":{"uv":[1.25,6.625,1.25,7.75],"rotation":0,"texture":"#0","tintindex":0},"north":{"uv":[1.375,6.625,1.375,7.75],"rotation":0,"texture":"#0","tintindex":0},"west":{"uv":[2.0,0.0,0.0,1.125],"rotation":0,"texture":"#0","tintindex":0},"up":{"uv":[9.0,0.0,7.0,0.0],"rotation":90,"texture":"#0","tintindex":0},"down":{"uv":[9.0,0.125,7.0,0.125],"rotation":270,"texture":"#0","tintindex":0}}},{"from":[3.91424,-0.43193626,15.038561],"to":[12.08576,6.718145,15.038561],"rotation":{"angle":22.5,"axis":"x","origin":[8.0,8.228917,8.0]},"faces":{"east":{"uv":[2.375,6.125,2.375,7.0],"rotation":0,"texture":"#0","tintindex":0},"south":{"uv":[7.0,5.0,6.0,5.875],"rotation":0,"texture":"#0","tintindex":0},"north":{"uv":[6.0,5.0,7.0,5.875],"rotation":0,"texture":"#0","tintindex":0},"west":{"uv":[2.5,6.125,2.5,7.0],"rotation":0,"texture":"#0","tintindex":0},"up":{"uv":[2.25,6.375,1.25,6.375],"rotation":0,"texture":"#0","tintindex":0},"down":{"uv":[2.25,6.5,1.25,6.5],"rotation":0,"texture":"#0","tintindex":0}}},{"from":[15.038561,-0.43193626,3.91424],"to":[15.038561,6.718145,12.08576],"rotation":{"angle":-22.5,"axis":"z","origin":[8.0,8.228917,8.0]},"faces":{"east":{"uv":[6.0,5.0,7.0,5.875],"rotation":0,"texture":"#0","tintindex":0},"south":{"uv":[2.375,6.125,2.375,7.0],"rotation":0,"texture":"#0","tintindex":0},"north":{"uv":[2.5,6.125,2.5,7.0],"rotation":0,"texture":"#0","tintindex":0},"west":{"uv":[7.0,5.0,6.0,5.875],"rotation":0,"texture":"#0","tintindex":0},"up":{"uv":[2.25,6.375,1.25,6.375],"rotation":90,"texture":"#0","tintindex":0},"down":{"uv":[2.25,6.5,1.25,6.5],"rotation":270,"texture":"#0","tintindex":0}}},{"from":[0.96143866,-0.43193626,3.91424],"to":[0.96143866,6.718145,12.08576],"rotation":{"angle":22.5,"axis":"z","origin":[8.0,8.228917,8.0]},"faces":{"east":{"uv":[6.0,5.0,7.0,5.875],"rotation":0,"texture":"#0","tintindex":0},"south":{"uv":[2.375,6.125,2.375,7.0],"rotation":0,"texture":"#0","tintindex":0},"north":{"uv":[2.5,6.125,2.5,7.0],"rotation":0,"texture":"#0","tintindex":0},"west":{"uv":[7.0,5.0,6.0,5.875],"rotation":0,"texture":"#0","tintindex":0},"up":{"uv":[2.25,6.375,1.25,6.375],"rotation":90,"texture":"#0","tintindex":0},"down":{"uv":[2.25,6.5,1.25,6.5],"rotation":270,"texture":"#0","tintindex":0}}},{"from":[3.91424,-0.43193626,0.96143866],"to":[12.08576,6.718145,0.96143866],"rotation":{"angle":-22.5,"axis":"x","origin":[8.0,8.228917,8.0]},"faces":{"east":{"uv":[2.375,6.125,2.375,7.0],"rotation":0,"texture":"#0","tintindex":0},"south":{"uv":[7.0,5.0,6.0,5.875],"rotation":0,"texture":"#0","tintindex":0},"north":{"uv":[6.0,5.0,7.0,5.875],"rotation":0,"texture":"#0","tintindex":0},"west":{"uv":[2.5,6.125,2.5,7.0],"rotation":0,"texture":"#0","tintindex":0},"up":{"uv":[2.25,6.375,1.25,6.375],"rotation":0,"texture":"#0","tintindex":0},"down":{"uv":[2.25,6.5,1.25,6.5],"rotation":0,"texture":"#0","tintindex":0}}}],"textures":{"0":"modelengine:entity/sand_tornado"},"display":{"head":{"translation":[0.0,-6.4,0.0],"scale":[4.0,4.0,4.0]}}}