{"elements":[{"from":[1.8713598,6.80379,0.96143866],"to":[14.12864,14.97531,0.96143866],"rotation":{"angle":-22.5,"axis":"x","origin":[8.0,8.314563,8.0]},"faces":{"east":{"uv":[2.625,6.125,2.625,7.125],"rotation":0,"texture":"#0","tintindex":0},"south":{"uv":[5.75,0.0,4.25,1.0],"rotation":0,"texture":"#0","tintindex":0},"north":{"uv":[4.25,0.0,5.75,1.0],"rotation":0,"texture":"#0","tintindex":0},"west":{"uv":[2.75,6.125,2.75,7.125],"rotation":0,"texture":"#0","tintindex":0},"up":{"uv":[4.375,6.75,2.875,6.75],"rotation":0,"texture":"#0","tintindex":0},"down":{"uv":[4.375,6.875,2.875,6.875],"rotation":0,"texture":"#0","tintindex":0}}},{"from":[1.8713598,6.80379,15.038561],"to":[14.12864,14.97531,15.038561],"rotation":{"angle":22.5,"axis":"x","origin":[8.0,8.314563,8.0]},"faces":{"east":{"uv":[2.625,6.125,2.625,7.125],"rotation":0,"texture":"#0","tintindex":0},"south":{"uv":[5.75,0.0,4.25,1.0],"rotation":0,"texture":"#0","tintindex":0},"north":{"uv":[4.25,0.0,5.75,1.0],"rotation":0,"texture":"#0","tintindex":0},"west":{"uv":[2.75,6.125,2.75,7.125],"rotation":0,"texture":"#0","tintindex":0},"up":{"uv":[4.375,6.75,2.875,6.75],"rotation":0,"texture":"#0","tintindex":0},"down":{"uv":[4.375,6.875,2.875,6.875],"rotation":0,"texture":"#0","tintindex":0}}},{"from":[15.038561,6.80379,1.8713598],"to":[15.038561,14.97531,14.12864],"rotation":{"angle":-22.5,"axis":"z","origin":[8.0,8.314563,8.0]},"faces":{"east":{"uv":[4.25,0.0,5.75,1.0],"rotation":0,"texture":"#0","tintindex":0},"south":{"uv":[2.625,6.125,2.625,7.125],"rotation":0,"texture":"#0","tintindex":0},"north":{"uv":[2.75,6.125,2.75,7.125],"rotation":0,"texture":"#0","tintindex":0},"west":{"uv":[5.75,0.0,4.25,1.0],"rotation":0,"texture":"#0","tintindex":0},"up":{"uv":[4.375,6.75,2.875,6.75],"rotation":90,"texture":"#0","tintindex":0},"down":{"uv":[4.375,6.875,2.875,6.875],"rotation":270,"texture":"#0","tintindex":0}}},{"from":[0.96143866,6.80379,1.8713598],"to":[0.96143866,14.97531,14.12864],"rotation":{"angle":22.5,"axis":"z","origin":[8.0,8.314563,8.0]},"faces":{"east":{"uv":[4.25,0.0,5.75,1.0],"rotation":0,"texture":"#0","tintindex":0},"south":{"uv":[2.625,6.125,2.625,7.125],"rotation":0,"texture":"#0","tintindex":0},"north":{"uv":[2.75,6.125,2.75,7.125],"rotation":0,"texture":"#0","tintindex":0},"west":{"uv":[5.75,0.0,4.25,1.0],"rotation":0,"texture":"#0","tintindex":0},"up":{"uv":[4.375,6.75,2.875,6.75],"rotation":90,"texture":"#0","tintindex":0},"down":{"uv":[4.375,6.875,2.875,6.875],"rotation":270,"texture":"#0","tintindex":0}}}],"textures":{"0":"modelengine:entity/sand_tornado"},"display":{"head":{"translation":[0.0,-6.4,0.0],"scale":[4.0,4.0,4.0]}}}