{"elements":[{"from":[6.0,6.7904763,3.2952375],"to":[10.0,10.047619,6.3809524],"rotation":{"angle":0.0,"axis":"y","origin":[8.0,6.439452,6.7359824]},"faces":{"east":{"uv":[7.5,6.25,8.75,7.75],"rotation":0,"texture":"#0","tintindex":0},"south":{"uv":[4.5,4.75,6.25,6.25],"rotation":0,"texture":"#0","tintindex":0},"north":{"uv":[4.75,0.0,6.5,1.5],"rotation":0,"texture":"#0","tintindex":0},"west":{"uv":[1.75,7.75,3.0,9.25],"rotation":0,"texture":"#0","tintindex":0},"up":{"uv":[4.25,7.75,2.5,6.5],"rotation":0,"texture":"#0","tintindex":0},"down":{"uv":[8.5,1.5,6.75,2.75],"rotation":0,"texture":"#0","tintindex":0}}},{"from":[6.285714,6.7904763,6.3809524],"to":[9.714286,9.476191,11.752381],"rotation":{"angle":0.0,"axis":"y","origin":[8.0,6.439452,6.7359824]},"faces":{"east":{"uv":[1.0,4.0,3.25,5.25],"rotation":0,"texture":"#0","tintindex":0},"south":{"uv":[7.75,4.0,9.25,5.25],"rotation":0,"texture":"#0","tintindex":0},"north":{"uv":[3.0,7.75,4.5,9.0],"rotation":0,"texture":"#0","tintindex":0},"west":{"uv":[4.5,3.5,6.75,4.75],"rotation":0,"texture":"#0","tintindex":0},"up":{"uv":[1.5,2.25,0.0,0.0],"rotation":0,"texture":"#0","tintindex":0},"down":{"uv":[3.0,0.0,1.5,2.25],"rotation":0,"texture":"#0","tintindex":0}}},{"from":[6.857143,6.390476,3.638095],"to":[9.142858,6.7904763,10.72381],"rotation":{"angle":0.0,"axis":"y","origin":[8.0,6.439452,6.7359824]},"faces":{"east":{"uv":[11.0,6.25,14.0,6.5],"rotation":0,"texture":"#0","tintindex":0},"south":{"uv":[12.75,6.0,13.75,6.25],"rotation":0,"texture":"#0","tintindex":0},"north":{"uv":[11.0,6.75,12.0,7.0],"rotation":0,"texture":"#0","tintindex":0},"west":{"uv":[11.0,6.5,14.0,6.75],"rotation":0,"texture":"#0","tintindex":0},"up":{"uv":[4.5,6.5,3.5,3.5],"rotation":0,"texture":"#0","tintindex":0},"down":{"uv":[1.0,4.0,0.0,7.0],"rotation":0,"texture":"#0","tintindex":0}}}],"textures":{"0":"modelengine:entity/wolftex"},"display":{"head":{"translation":[0.0,-6.4,0.0],"scale":[4.0,4.0,4.0]}}}