{"elements":[{"from":[6.914012,9.835848,4.7067156],"to":[8.0568695,10.69299,7.563859],"rotation":{"angle":-22.5,"axis":"x","origin":[7.5425835,5.4737544,11.837815]},"faces":{"east":{"uv":[11.25,2.0,12.5,2.5],"rotation":0,"texture":"#0","tintindex":0},"south":{"uv":[13.25,8.5,13.75,9.0],"rotation":0,"texture":"#0","tintindex":0},"north":{"uv":[7.75,13.25,8.25,13.75],"rotation":0,"texture":"#0","tintindex":0},"west":{"uv":[11.25,7.5,12.5,8.0],"rotation":0,"texture":"#0","tintindex":0},"up":{"uv":[7.0,12.5,6.5,11.25],"rotation":0,"texture":"#0","tintindex":0},"down":{"uv":[7.5,11.25,7.0,12.5],"rotation":0,"texture":"#0","tintindex":0}}},{"from":[10.122915,6.5219216,3.8271651],"to":[11.494345,7.6647787,7.884308],"rotation":{"angle":22.5,"axis":"y","origin":[7.5425835,5.4737544,11.837815]},"faces":{"east":{"uv":[10.5,10.0,12.0,10.5],"rotation":0,"texture":"#0","tintindex":0},"south":{"uv":[13.25,9.5,13.75,10.0],"rotation":0,"texture":"#0","tintindex":0},"north":{"uv":[13.25,9.0,13.75,9.5],"rotation":0,"texture":"#0","tintindex":0},"west":{"uv":[10.75,0.5,12.25,1.0],"rotation":0,"texture":"#0","tintindex":0},"up":{"uv":[11.25,2.5,10.75,1.0],"rotation":0,"texture":"#0","tintindex":0},"down":{"uv":[11.25,7.5,10.75,9.0],"rotation":0,"texture":"#0","tintindex":0}}},{"from":[3.5908227,6.5219216,3.8271651],"to":[4.9622517,7.6647787,7.884308],"rotation":{"angle":-22.5,"axis":"y","origin":[7.5425835,5.4737544,11.837815]},"faces":{"east":{"uv":[12.25,0.5,10.75,1.0],"rotation":0,"texture":"#0","tintindex":0},"south":{"uv":[13.75,9.5,13.25,10.0],"rotation":0,"texture":"#0","tintindex":0},"north":{"uv":[13.75,9.0,13.25,9.5],"rotation":0,"texture":"#0","tintindex":0},"west":{"uv":[12.0,10.0,10.5,10.5],"rotation":0,"texture":"#0","tintindex":0},"up":{"uv":[10.75,2.5,11.25,1.0],"rotation":0,"texture":"#0","tintindex":0},"down":{"uv":[10.75,7.5,11.25,9.0],"rotation":0,"texture":"#0","tintindex":0}}},{"from":[6.856869,3.9164457,5.0212827],"to":[8.228298,4.3735886,7.1927114],"rotation":{"angle":22.5,"axis":"x","origin":[7.5425835,5.4737544,11.837815]},"faces":{"east":{"uv":[1.0,6.75,1.75,7.0],"rotation":0,"texture":"#0","tintindex":0},"south":{"uv":[12.75,7.25,13.25,7.5],"rotation":0,"texture":"#0","tintindex":0},"north":{"uv":[10.0,12.25,10.5,12.5],"rotation":0,"texture":"#0","tintindex":0},"west":{"uv":[13.5,8.25,14.25,8.5],"rotation":0,"texture":"#0","tintindex":0},"up":{"uv":[13.25,5.5,12.75,4.75],"rotation":0,"texture":"#0","tintindex":0},"down":{"uv":[5.5,12.75,5.0,13.5],"rotation":0,"texture":"#0","tintindex":0}}},{"from":[5.8282976,7.6095834,7.2467623],"to":[9.256869,11.038156,9.246762],"rotation":{"angle":-22.5,"axis":"x","origin":[7.5425835,5.4737544,11.837815]},"faces":{"east":{"uv":[0.0,8.25,0.75,9.75],"rotation":0,"texture":"#0","tintindex":0},"south":{"uv":[5.25,1.5,6.75,3.0],"rotation":0,"texture":"#0","tintindex":0},"north":{"uv":[1.0,5.25,2.5,6.75],"rotation":0,"texture":"#0","tintindex":0},"west":{"uv":[0.75,8.25,1.5,9.75],"rotation":0,"texture":"#0","tintindex":0},"up":{"uv":[10.0,2.0,8.5,1.25],"rotation":0,"texture":"#0","tintindex":0},"down":{"uv":[10.0,2.0,8.5,2.75],"rotation":0,"texture":"#0","tintindex":0}}}],"textures":{"0":"modelengine:entity/wolftex"},"display":{"head":{"translation":[0.0,-6.4,0.0],"scale":[4.0,4.0,4.0]}}}