{"elements":[{"from":[8.280952,6.774567,9.112056],"to":[8.738095,7.345996,9.683484],"rotation":{"angle":22.5,"axis":"x","origin":[5.4238095,11.710725,10.953609]},"faces":{"east":{"uv":[14.25,13.75,14.0,14.0],"rotation":0,"texture":"#0","tintindex":0},"south":{"uv":[14.0,14.0,13.75,14.25],"rotation":0,"texture":"#0","tintindex":0},"north":{"uv":[14.25,13.25,14.0,13.5],"rotation":0,"texture":"#0","tintindex":0},"west":{"uv":[14.25,13.5,14.0,13.75],"rotation":0,"texture":"#0","tintindex":0},"up":{"uv":[14.0,14.25,14.25,14.0],"rotation":0,"texture":"#0","tintindex":0},"down":{"uv":[14.25,0.0,14.5,0.25],"rotation":0,"texture":"#0","tintindex":0}}},{"from":[8.338096,6.9205027,8.979668],"to":[8.62381,7.3776455,9.151096],"rotation":{"angle":22.5,"axis":"x","origin":[5.4238095,11.710725,10.953609]},"faces":{"east":{"uv":[14.25,9.75,14.0,10.0],"rotation":0,"texture":"#0","tintindex":0},"south":{"uv":[10.0,14.0,9.75,14.25],"rotation":0,"texture":"#0","tintindex":0},"north":{"uv":[9.75,14.0,9.5,14.25],"rotation":0,"texture":"#0","tintindex":0},"west":{"uv":[14.25,9.5,14.0,9.75],"rotation":0,"texture":"#0","tintindex":0},"up":{"uv":[14.0,10.25,14.25,10.0],"rotation":0,"texture":"#0","tintindex":0},"down":{"uv":[14.0,10.25,14.25,10.5],"rotation":0,"texture":"#0","tintindex":0}}},{"from":[7.8809524,6.9205027,8.979668],"to":[8.166667,7.3776455,9.151096],"rotation":{"angle":22.5,"axis":"x","origin":[5.4238095,11.710725,10.953609]},"faces":{"east":{"uv":[12.0,14.0,11.75,14.25],"rotation":0,"texture":"#0","tintindex":0},"south":{"uv":[14.25,11.5,14.0,11.75],"rotation":0,"texture":"#0","tintindex":0},"north":{"uv":[14.25,11.0,14.0,11.25],"rotation":0,"texture":"#0","tintindex":0},"west":{"uv":[14.25,11.25,14.0,11.5],"rotation":0,"texture":"#0","tintindex":0},"up":{"uv":[14.0,12.0,14.25,11.75],"rotation":0,"texture":"#0","tintindex":0},"down":{"uv":[14.0,12.0,14.25,12.25],"rotation":0,"texture":"#0","tintindex":0}}},{"from":[7.366667,6.9205027,8.979668],"to":[7.652381,7.3776455,9.151096],"rotation":{"angle":22.5,"axis":"x","origin":[5.4238095,11.710725,10.953609]},"faces":{"east":{"uv":[13.0,14.0,12.75,14.25],"rotation":0,"texture":"#0","tintindex":0},"south":{"uv":[14.25,12.5,14.0,12.75],"rotation":0,"texture":"#0","tintindex":0},"north":{"uv":[14.25,12.25,14.0,12.5],"rotation":0,"texture":"#0","tintindex":0},"west":{"uv":[12.75,14.0,12.5,14.25],"rotation":0,"texture":"#0","tintindex":0},"up":{"uv":[14.0,13.0,14.25,12.75],"rotation":0,"texture":"#0","tintindex":0},"down":{"uv":[14.0,13.0,14.25,13.25],"rotation":0,"texture":"#0","tintindex":0}}},{"from":[7.7666664,6.774567,9.112056],"to":[8.223809,7.345996,9.683484],"rotation":{"angle":22.5,"axis":"x","origin":[5.4238095,11.710725,10.953609]},"faces":{"east":{"uv":[14.5,1.0,14.25,1.25],"rotation":0,"texture":"#0","tintindex":0},"south":{"uv":[14.5,0.75,14.25,1.0],"rotation":0,"texture":"#0","tintindex":0},"north":{"uv":[14.5,0.25,14.25,0.5],"rotation":0,"texture":"#0","tintindex":0},"west":{"uv":[14.5,0.5,14.25,0.75],"rotation":0,"texture":"#0","tintindex":0},"up":{"uv":[14.25,1.5,14.5,1.25],"rotation":0,"texture":"#0","tintindex":0},"down":{"uv":[14.25,1.5,14.5,1.75],"rotation":0,"texture":"#0","tintindex":0}}},{"from":[7.252381,6.774567,9.112056],"to":[7.7095237,7.345996,9.683484],"rotation":{"angle":22.5,"axis":"x","origin":[5.4238095,11.710725,10.953609]},"faces":{"east":{"uv":[2.75,14.25,2.5,14.5],"rotation":0,"texture":"#0","tintindex":0},"south":{"uv":[14.5,2.0,14.25,2.25],"rotation":0,"texture":"#0","tintindex":0},"north":{"uv":[2.0,14.25,1.75,14.5],"rotation":0,"texture":"#0","tintindex":0},"west":{"uv":[14.5,1.75,14.25,2.0],"rotation":0,"texture":"#0","tintindex":0},"up":{"uv":[2.75,14.5,3.0,14.25],"rotation":0,"texture":"#0","tintindex":0},"down":{"uv":[3.0,14.25,3.25,14.5],"rotation":0,"texture":"#0","tintindex":0}}}],"textures":{"0":"modelengine:entity/wolftex"},"display":{"head":{"translation":[0.0,-6.4,0.0],"scale":[4.0,4.0,4.0]}}}