{"elements":[{"from":[7.428571,5.3877916,8.324937],"to":[8.571428,8.244935,9.467794],"rotation":{"angle":22.5,"axis":"x","origin":[10.571428,9.548626,9.355376]},"faces":{"east":{"uv":[5.5,12.0,6.0,13.25],"rotation":0,"texture":"#0","tintindex":0},"south":{"uv":[7.5,12.0,8.0,13.25],"rotation":0,"texture":"#0","tintindex":0},"north":{"uv":[3.5,12.0,4.0,13.25],"rotation":0,"texture":"#0","tintindex":0},"west":{"uv":[8.0,12.0,8.5,13.25],"rotation":0,"texture":"#0","tintindex":0},"up":{"uv":[14.0,6.0,13.5,5.5],"rotation":0,"texture":"#0","tintindex":0},"down":{"uv":[14.0,6.75,13.5,7.25],"rotation":0,"texture":"#0","tintindex":0}}}],"textures":{"0":"modelengine:entity/wolftex"},"display":{"head":{"translation":[0.0,-6.4,0.0],"scale":[4.0,4.0,4.0]}}}