{"elements":[{"from":[7.257143,7.4857144,6.6857142],"to":[8.742857,8.057143,8.4],"rotation":{"angle":0.0,"axis":"y","origin":[10.571428,11.565264,9.740583]},"faces":{"east":{"uv":[13.75,3.0,14.5,3.25],"rotation":0,"texture":"#0","tintindex":0},"south":{"uv":[13.75,3.25,14.5,3.5],"rotation":0,"texture":"#0","tintindex":0},"north":{"uv":[13.75,2.75,14.5,3.0],"rotation":0,"texture":"#0","tintindex":0},"west":{"uv":[13.75,3.5,14.5,3.75],"rotation":0,"texture":"#0","tintindex":0},"up":{"uv":[6.75,13.25,6.0,12.5],"rotation":0,"texture":"#0","tintindex":0},"down":{"uv":[7.5,12.5,6.75,13.25],"rotation":0,"texture":"#0","tintindex":0}}}],"textures":{"0":"modelengine:entity/wolftex"},"display":{"head":{"translation":[0.0,-6.4,0.0],"scale":[4.0,4.0,4.0]}}}