{"elements":[{"from":[7.257143,7.542857,6.742857],"to":[8.742857,8.114285,8.457143],"rotation":{"angle":0.0,"axis":"y","origin":[5.428571,11.622407,9.797727]},"faces":{"east":{"uv":[14.5,3.5,13.75,3.75],"rotation":0,"texture":"#0","tintindex":0},"south":{"uv":[14.5,3.25,13.75,3.5],"rotation":0,"texture":"#0","tintindex":0},"north":{"uv":[14.5,2.75,13.75,3.0],"rotation":0,"texture":"#0","tintindex":0},"west":{"uv":[14.5,3.0,13.75,3.25],"rotation":0,"texture":"#0","tintindex":0},"up":{"uv":[6.0,13.25,6.75,12.5],"rotation":0,"texture":"#0","tintindex":0},"down":{"uv":[6.75,12.5,7.5,13.25],"rotation":0,"texture":"#0","tintindex":0}}}],"textures":{"0":"modelengine:entity/wolftex"},"display":{"head":{"translation":[0.0,-6.4,0.0],"scale":[4.0,4.0,4.0]}}}