{"elements":[{"from":[6.8714285,7.1195297,7.861694],"to":[9.157143,8.090959,10.947409],"rotation":{"angle":0.0,"axis":"y","origin":[8.014286,6.700935,1.434339]},"faces":{"east":{"uv":[12.75,3.75,13.75,4.25],"rotation":0,"texture":"#0","tintindex":0},"south":{"uv":[4.0,12.75,5.0,13.25],"rotation":0,"texture":"#0","tintindex":0},"north":{"uv":[12.75,3.25,13.75,3.75],"rotation":0,"texture":"#0","tintindex":0},"west":{"uv":[12.75,4.25,13.75,4.75],"rotation":0,"texture":"#0","tintindex":0},"up":{"uv":[10.5,10.5,9.5,9.5],"rotation":0,"texture":"#0","tintindex":0},"down":{"uv":[1.0,9.75,0.0,10.75],"rotation":0,"texture":"#0","tintindex":0}}},{"from":[6.757143,7.909042,8.309734],"to":[9.214286,8.88047,11.966878],"rotation":{"angle":0.0,"axis":"y","origin":[8.014286,4.74759,0.6252365]},"faces":{"east":{"uv":[11.25,8.0,12.5,8.5],"rotation":0,"texture":"#0","tintindex":0},"south":{"uv":[12.75,2.75,13.75,3.25],"rotation":0,"texture":"#0","tintindex":0},"north":{"uv":[12.75,2.25,13.75,2.75],"rotation":0,"texture":"#0","tintindex":0},"west":{"uv":[11.25,8.5,12.5,9.0],"rotation":0,"texture":"#0","tintindex":0},"up":{"uv":[3.5,6.5,2.5,5.25],"rotation":0,"texture":"#0","tintindex":0},"down":{"uv":[9.0,0.0,8.0,1.25],"rotation":0,"texture":"#0","tintindex":0}}}],"textures":{"0":"modelengine:entity/wolftex"},"display":{"head":{"translation":[0.0,-6.4,0.0],"scale":[4.0,4.0,4.0]}}}