{"elements":[{"from":[4.7799816,7.184707,9.216781],"to":[5.35141,10.04185,9.788209],"rotation":{"angle":-45.0,"axis":"z","origin":[5.674539,4.813504,8.143239]},"faces":{"east":{"uv":[0.75,13.5,1.0,14.5],"rotation":0,"texture":"#0","tintindex":0},"south":{"uv":[2.0,13.5,2.25,14.5],"rotation":0,"texture":"#0","tintindex":0},"north":{"uv":[0.5,13.5,0.75,14.5],"rotation":0,"texture":"#0","tintindex":0},"west":{"uv":[2.25,13.5,2.5,14.5],"rotation":0,"texture":"#0","tintindex":0},"up":{"uv":[14.0,14.0,13.75,13.75],"rotation":0,"texture":"#0","tintindex":0},"down":{"uv":[14.25,0.0,14.0,0.25],"rotation":0,"texture":"#0","tintindex":0}}},{"from":[4.4942675,7.184707,9.216781],"to":[4.7799816,9.470422,9.788209],"rotation":{"angle":-45.0,"axis":"z","origin":[5.674539,4.813504,8.143239]},"faces":{"east":{"uv":[13.75,10.0,14.0,10.5],"rotation":0,"texture":"#0","tintindex":0},"south":{"uv":[10.5,13.75,10.75,14.25],"rotation":0,"texture":"#0","tintindex":0},"north":{"uv":[13.75,9.5,14.0,10.0],"rotation":0,"texture":"#0","tintindex":0},"west":{"uv":[10.75,13.75,11.0,14.25],"rotation":0,"texture":"#0","tintindex":0},"up":{"uv":[14.0,12.75,13.75,12.5],"rotation":0,"texture":"#0","tintindex":0},"down":{"uv":[13.0,13.75,12.75,14.0],"rotation":0,"texture":"#0","tintindex":0}}},{"from":[5.35141,7.180978,9.21658],"to":[5.637124,9.752407,9.788009],"rotation":{"angle":-45.0,"axis":"z","origin":[5.674539,4.813504,8.143239]},"faces":{"east":{"uv":[7.25,13.25,7.5,14.5],"rotation":0,"texture":"#0","tintindex":0},"south":{"uv":[13.25,7.25,13.5,8.5],"rotation":0,"texture":"#0","tintindex":0},"north":{"uv":[7.0,13.25,7.25,14.5],"rotation":0,"texture":"#0","tintindex":0},"west":{"uv":[7.5,13.25,7.75,14.5],"rotation":0,"texture":"#0","tintindex":0},"up":{"uv":[14.25,1.0,14.0,0.75],"rotation":0,"texture":"#0","tintindex":0},"down":{"uv":[14.25,1.0,14.0,1.25],"rotation":0,"texture":"#0","tintindex":0}}}],"textures":{"0":"modelengine:entity/wolftex"},"display":{"head":{"translation":[0.0,-6.4,0.0],"scale":[4.0,4.0,4.0]}}}