{"elements":[{"from":[7.428571,6.104636,7.2214217],"to":[8.571428,8.961779,8.935708],"rotation":{"angle":-22.5,"axis":"x","origin":[10.571428,7.5428896,9.249846]},"faces":{"east":{"uv":[6.0,10.0,6.75,11.25],"rotation":0,"texture":"#0","tintindex":0},"south":{"uv":[11.0,11.25,11.5,12.5],"rotation":0,"texture":"#0","tintindex":0},"north":{"uv":[10.5,11.25,11.0,12.5],"rotation":0,"texture":"#0","tintindex":0},"west":{"uv":[6.75,10.0,7.5,11.25],"rotation":0,"texture":"#0","tintindex":0},"up":{"uv":[12.0,13.75,11.5,13.0],"rotation":0,"texture":"#0","tintindex":0},"down":{"uv":[13.5,12.0,13.0,12.75],"rotation":0,"texture":"#0","tintindex":0}}}],"textures":{"0":"modelengine:entity/wolftex"},"display":{"head":{"translation":[0.0,-6.4,0.0],"scale":[4.0,4.0,4.0]}}}