{"elements":[{"from":[7.2619047,6.945996,9.169199],"to":[7.7190475,7.517424,9.740627],"rotation":{"angle":22.5,"axis":"x","origin":[10.576191,11.8821535,11.010752]},"faces":{"east":{"uv":[14.0,13.5,14.25,13.75],"rotation":0,"texture":"#0","tintindex":0},"south":{"uv":[13.75,14.0,14.0,14.25],"rotation":0,"texture":"#0","tintindex":0},"north":{"uv":[14.0,13.25,14.25,13.5],"rotation":0,"texture":"#0","tintindex":0},"west":{"uv":[14.0,13.75,14.25,14.0],"rotation":0,"texture":"#0","tintindex":0},"up":{"uv":[14.25,14.25,14.0,14.0],"rotation":0,"texture":"#0","tintindex":0},"down":{"uv":[14.5,0.0,14.25,0.25],"rotation":0,"texture":"#0","tintindex":0}}},{"from":[7.37619,7.091931,9.03681],"to":[7.661905,7.5490737,9.208239],"rotation":{"angle":22.5,"axis":"x","origin":[10.576191,11.8821535,11.010752]},"faces":{"east":{"uv":[14.0,9.5,14.25,9.75],"rotation":0,"texture":"#0","tintindex":0},"south":{"uv":[9.75,14.0,10.0,14.25],"rotation":0,"texture":"#0","tintindex":0},"north":{"uv":[9.5,14.0,9.75,14.25],"rotation":0,"texture":"#0","tintindex":0},"west":{"uv":[14.0,9.75,14.25,10.0],"rotation":0,"texture":"#0","tintindex":0},"up":{"uv":[14.25,10.25,14.0,10.0],"rotation":0,"texture":"#0","tintindex":0},"down":{"uv":[14.25,10.25,14.0,10.5],"rotation":0,"texture":"#0","tintindex":0}}},{"from":[7.7761903,6.945996,9.169199],"to":[8.233334,7.517424,9.740627],"rotation":{"angle":22.5,"axis":"x","origin":[10.576191,11.8821535,11.010752]},"faces":{"east":{"uv":[14.25,0.5,14.5,0.75],"rotation":0,"texture":"#0","tintindex":0},"south":{"uv":[14.25,0.75,14.5,1.0],"rotation":0,"texture":"#0","tintindex":0},"north":{"uv":[14.25,0.25,14.5,0.5],"rotation":0,"texture":"#0","tintindex":0},"west":{"uv":[14.25,1.0,14.5,1.25],"rotation":0,"texture":"#0","tintindex":0},"up":{"uv":[14.5,1.5,14.25,1.25],"rotation":0,"texture":"#0","tintindex":0},"down":{"uv":[14.5,1.5,14.25,1.75],"rotation":0,"texture":"#0","tintindex":0}}},{"from":[7.8333335,7.091931,9.03681],"to":[8.119047,7.5490737,9.208239],"rotation":{"angle":22.5,"axis":"x","origin":[10.576191,11.8821535,11.010752]},"faces":{"east":{"uv":[14.0,11.25,14.25,11.5],"rotation":0,"texture":"#0","tintindex":0},"south":{"uv":[14.0,11.5,14.25,11.75],"rotation":0,"texture":"#0","tintindex":0},"north":{"uv":[14.0,11.0,14.25,11.25],"rotation":0,"texture":"#0","tintindex":0},"west":{"uv":[11.75,14.0,12.0,14.25],"rotation":0,"texture":"#0","tintindex":0},"up":{"uv":[14.25,12.0,14.0,11.75],"rotation":0,"texture":"#0","tintindex":0},"down":{"uv":[14.25,12.0,14.0,12.25],"rotation":0,"texture":"#0","tintindex":0}}},{"from":[8.290476,6.945996,9.169199],"to":[8.747619,7.517424,9.740627],"rotation":{"angle":22.5,"axis":"x","origin":[10.576191,11.8821535,11.010752]},"faces":{"east":{"uv":[14.25,1.75,14.5,2.0],"rotation":0,"texture":"#0","tintindex":0},"south":{"uv":[14.25,2.0,14.5,2.25],"rotation":0,"texture":"#0","tintindex":0},"north":{"uv":[1.75,14.25,2.0,14.5],"rotation":0,"texture":"#0","tintindex":0},"west":{"uv":[2.5,14.25,2.75,14.5],"rotation":0,"texture":"#0","tintindex":0},"up":{"uv":[3.0,14.5,2.75,14.25],"rotation":0,"texture":"#0","tintindex":0},"down":{"uv":[3.25,14.25,3.0,14.5],"rotation":0,"texture":"#0","tintindex":0}}},{"from":[8.347619,7.091931,9.03681],"to":[8.633333,7.5490737,9.208239],"rotation":{"angle":22.5,"axis":"x","origin":[10.576191,11.8821535,11.010752]},"faces":{"east":{"uv":[12.5,14.0,12.75,14.25],"rotation":0,"texture":"#0","tintindex":0},"south":{"uv":[14.0,12.5,14.25,12.75],"rotation":0,"texture":"#0","tintindex":0},"north":{"uv":[14.0,12.25,14.25,12.5],"rotation":0,"texture":"#0","tintindex":0},"west":{"uv":[12.75,14.0,13.0,14.25],"rotation":0,"texture":"#0","tintindex":0},"up":{"uv":[14.25,13.0,14.0,12.75],"rotation":0,"texture":"#0","tintindex":0},"down":{"uv":[14.25,13.0,14.0,13.25],"rotation":0,"texture":"#0","tintindex":0}}}],"textures":{"0":"modelengine:entity/wolftex"},"display":{"head":{"translation":[0.0,-6.4,0.0],"scale":[4.0,4.0,4.0]}}}