{"elements":[{"from":[7.428571,5.216363,8.210651],"to":[8.571428,8.073506,9.353509],"rotation":{"angle":22.5,"axis":"x","origin":[5.428571,9.377197,9.24109]},"faces":{"east":{"uv":[8.5,12.0,8.0,13.25],"rotation":0,"texture":"#0","tintindex":0},"south":{"uv":[8.0,12.0,7.5,13.25],"rotation":0,"texture":"#0","tintindex":0},"north":{"uv":[4.0,12.0,3.5,13.25],"rotation":0,"texture":"#0","tintindex":0},"west":{"uv":[6.0,12.0,5.5,13.25],"rotation":0,"texture":"#0","tintindex":0},"up":{"uv":[13.5,6.0,14.0,5.5],"rotation":0,"texture":"#0","tintindex":0},"down":{"uv":[13.5,6.75,14.0,7.25],"rotation":0,"texture":"#0","tintindex":0}}}],"textures":{"0":"modelengine:entity/wolftex"},"display":{"head":{"translation":[0.0,-6.4,0.0],"scale":[4.0,4.0,4.0]}}}