{"elements":[{"from":[11.220018,7.184707,9.216781],"to":[11.505733,9.470422,9.788209],"rotation":{"angle":45.0,"axis":"z","origin":[10.32546,4.813504,8.143239]},"faces":{"east":{"uv":[11.0,13.75,10.75,14.25],"rotation":0,"texture":"#0","tintindex":0},"south":{"uv":[10.75,13.75,10.5,14.25],"rotation":0,"texture":"#0","tintindex":0},"north":{"uv":[14.0,9.5,13.75,10.0],"rotation":0,"texture":"#0","tintindex":0},"west":{"uv":[14.0,10.0,13.75,10.5],"rotation":0,"texture":"#0","tintindex":0},"up":{"uv":[13.75,12.75,14.0,12.5],"rotation":0,"texture":"#0","tintindex":0},"down":{"uv":[12.75,13.75,13.0,14.0],"rotation":0,"texture":"#0","tintindex":0}}},{"from":[10.362876,7.180978,9.21658],"to":[10.64859,9.752407,9.788009],"rotation":{"angle":45.0,"axis":"z","origin":[10.32546,4.813504,8.143239]},"faces":{"east":{"uv":[7.75,13.25,7.5,14.5],"rotation":0,"texture":"#0","tintindex":0},"south":{"uv":[13.5,7.25,13.25,8.5],"rotation":0,"texture":"#0","tintindex":0},"north":{"uv":[7.25,13.25,7.0,14.5],"rotation":0,"texture":"#0","tintindex":0},"west":{"uv":[7.5,13.25,7.25,14.5],"rotation":0,"texture":"#0","tintindex":0},"up":{"uv":[14.0,1.0,14.25,0.75],"rotation":0,"texture":"#0","tintindex":0},"down":{"uv":[14.0,1.0,14.25,1.25],"rotation":0,"texture":"#0","tintindex":0}}},{"from":[10.64859,7.184707,9.216781],"to":[11.220018,10.04185,9.788209],"rotation":{"angle":45.0,"axis":"z","origin":[10.32546,4.813504,8.143239]},"faces":{"east":{"uv":[2.5,13.5,2.25,14.5],"rotation":0,"texture":"#0","tintindex":0},"south":{"uv":[2.25,13.5,2.0,14.5],"rotation":0,"texture":"#0","tintindex":0},"north":{"uv":[0.75,13.5,0.5,14.5],"rotation":0,"texture":"#0","tintindex":0},"west":{"uv":[1.0,13.5,0.75,14.5],"rotation":0,"texture":"#0","tintindex":0},"up":{"uv":[13.75,14.0,14.0,13.75],"rotation":0,"texture":"#0","tintindex":0},"down":{"uv":[14.0,0.0,14.25,0.25],"rotation":0,"texture":"#0","tintindex":0}}}],"textures":{"0":"modelengine:entity/wolftex"},"display":{"head":{"translation":[0.0,-6.4,0.0],"scale":[4.0,4.0,4.0]}}}