{"elements":[{"from":[5.7781324,7.4685555,8.474119],"to":[10.235275,10.839984,9.902691],"rotation":{"angle":-22.5,"axis":"x","origin":[8.009157,6.0032763,11.008029]},"faces":{"east":{"uv":[10.0,0.75,10.75,2.0],"rotation":0,"texture":"#0","tintindex":0},"south":{"uv":[0.0,7.0,1.75,8.25],"rotation":0,"texture":"#0","tintindex":0},"north":{"uv":[6.75,2.75,8.5,4.0],"rotation":0,"texture":"#0","tintindex":0},"west":{"uv":[10.0,2.0,10.75,3.25],"rotation":0,"texture":"#0","tintindex":0},"up":{"uv":[7.75,8.5,6.0,7.75],"rotation":0,"texture":"#0","tintindex":0},"down":{"uv":[9.5,7.75,7.75,8.5],"rotation":0,"texture":"#0","tintindex":0}}},{"from":[5.976081,8.497127,9.902691],"to":[10.033224,10.611412,11.331263],"rotation":{"angle":-22.5,"axis":"x","origin":[8.009157,6.0032763,11.008029]},"faces":{"east":{"uv":[1.75,6.75,2.5,7.75],"rotation":0,"texture":"#0","tintindex":0},"south":{"uv":[7.75,5.25,9.25,6.25],"rotation":0,"texture":"#0","tintindex":0},"north":{"uv":[4.5,7.75,6.0,8.75],"rotation":0,"texture":"#0","tintindex":0},"west":{"uv":[2.5,11.0,3.25,12.0],"rotation":0,"texture":"#0","tintindex":0},"up":{"uv":[10.5,0.75,9.0,0.0],"rotation":0,"texture":"#0","tintindex":0},"down":{"uv":[4.5,9.0,3.0,9.75],"rotation":0,"texture":"#0","tintindex":0}}}],"textures":{"0":"modelengine:entity/wolftex"},"display":{"head":{"translation":[0.0,-6.4,0.0],"scale":[4.0,4.0,4.0]}}}