{"elements":[{"from":[6.857143,5.749249,6.6223187],"to":[8.0,8.263535,8.336605],"rotation":{"angle":22.5,"axis":"x","origin":[10.0,5.9661636,9.088227]},"faces":{"east":{"uv":[2.5,9.75,3.25,11.0],"rotation":0,"texture":"#0","tintindex":0},"south":{"uv":[9.5,11.0,10.0,12.25],"rotation":0,"texture":"#0","tintindex":0},"north":{"uv":[9.0,11.0,9.5,12.25],"rotation":0,"texture":"#0","tintindex":0},"west":{"uv":[3.25,9.75,4.0,11.0],"rotation":0,"texture":"#0","tintindex":0},"up":{"uv":[10.0,8.5,9.5,7.75],"rotation":0,"texture":"#0","tintindex":0},"down":{"uv":[2.5,12.75,2.0,13.5],"rotation":0,"texture":"#0","tintindex":0}}}],"textures":{"0":"modelengine:entity/wolftex"},"display":{"head":{"translation":[0.0,-6.4,0.0],"scale":[4.0,4.0,4.0]}}}