{"elements":[{"from":[8.057143,5.9206777,6.6223187],"to":[9.2,8.434963,8.336605],"rotation":{"angle":22.5,"axis":"x","origin":[6.0571427,6.137592,9.088227]},"faces":{"east":{"uv":[4.0,9.75,3.25,11.0],"rotation":0,"texture":"#0","tintindex":0},"south":{"uv":[10.0,11.0,9.5,12.25],"rotation":0,"texture":"#0","tintindex":0},"north":{"uv":[9.5,11.0,9.0,12.25],"rotation":0,"texture":"#0","tintindex":0},"west":{"uv":[3.25,9.75,2.5,11.0],"rotation":0,"texture":"#0","tintindex":0},"up":{"uv":[9.5,8.5,10.0,7.75],"rotation":0,"texture":"#0","tintindex":0},"down":{"uv":[2.0,12.75,2.5,13.5],"rotation":0,"texture":"#0","tintindex":0}}}],"textures":{"0":"modelengine:entity/wolftex"},"display":{"head":{"translation":[0.0,-6.4,0.0],"scale":[4.0,4.0,4.0]}}}