{"elements":[{"from":[8.0,5.6480126,6.556716],"to":[9.142858,8.505156,8.271002],"rotation":{"angle":22.5,"axis":"x","origin":[6.0,5.864927,9.022624]},"faces":{"east":{"uv":[4.0,9.75,3.25,11.0],"rotation":0,"texture":"#0","tintindex":0},"south":{"uv":[10.0,11.0,9.5,12.25],"rotation":0,"texture":"#0","tintindex":0},"north":{"uv":[9.5,11.0,9.0,12.25],"rotation":0,"texture":"#0","tintindex":0},"west":{"uv":[3.25,9.75,2.5,11.0],"rotation":0,"texture":"#0","tintindex":0},"up":{"uv":[9.5,8.5,10.0,7.75],"rotation":0,"texture":"#0","tintindex":0},"down":{"uv":[2.0,12.75,2.5,13.5],"rotation":0,"texture":"#0","tintindex":0}}}],"textures":{"0":"modelengine:entity/wolftex"},"display":{"head":{"translation":[0.0,-6.4,0.0],"scale":[4.0,4.0,4.0]}}}