{"elements":[{"from":[7.3142858,9.616961,6.166845],"to":[8.685715,10.474104,9.138273],"rotation":{"angle":-22.5,"axis":"x","origin":[8.0,6.2773705,13.144188]},"faces":{"east":{"uv":[11.25,1.0,12.5,1.5],"rotation":0,"texture":"#0","tintindex":0},"south":{"uv":[4.0,9.75,4.5,10.25],"rotation":0,"texture":"#0","tintindex":0},"north":{"uv":[1.0,9.75,1.5,10.25],"rotation":0,"texture":"#0","tintindex":0},"west":{"uv":[11.25,1.5,12.5,2.0],"rotation":0,"texture":"#0","tintindex":0},"up":{"uv":[10.5,12.25,10.0,11.0],"rotation":0,"texture":"#0","tintindex":0},"down":{"uv":[6.5,11.25,6.0,12.5],"rotation":0,"texture":"#0","tintindex":0}}}],"textures":{"0":"modelengine:entity/wolftex"},"display":{"head":{"translation":[0.0,-6.4,0.0],"scale":[4.0,4.0,4.0]}}}