{"elements":[{"from":[7.428571,4.280419,7.6974554],"to":[8.571428,4.7947044,8.326027],"rotation":{"angle":22.5,"axis":"x","origin":[8.057143,6.298294,16.709297]},"faces":{"east":{"uv":[10.0,3.25,10.25,3.5],"rotation":0,"texture":"#0","tintindex":0},"south":{"uv":[8.0,1.25,8.5,1.5],"rotation":0,"texture":"#0","tintindex":0},"north":{"uv":[4.75,1.5,5.25,1.75],"rotation":0,"texture":"#0","tintindex":0},"west":{"uv":[10.5,0.5,10.75,0.75],"rotation":0,"texture":"#0","tintindex":0},"up":{"uv":[9.0,9.5,8.5,9.25],"rotation":0,"texture":"#0","tintindex":0},"down":{"uv":[10.75,7.5,10.25,7.75],"rotation":0,"texture":"#0","tintindex":0}}}],"textures":{"0":"modelengine:entity/wolftex"},"display":{"head":{"translation":[0.0,-6.4,0.0],"scale":[4.0,4.0,4.0]}}}