{"elements":[{"from":[6.7714286,8.8469515,6.6272974],"to":[9.228572,10.961237,9.713012],"rotation":{"angle":22.5,"axis":"x","origin":[7.5714283,6.2204986,3.1806211]},"faces":{"east":{"uv":[1.5,9.25,2.5,10.25],"rotation":0,"texture":"#0","tintindex":0},"south":{"uv":[9.25,3.5,10.25,4.5],"rotation":0,"texture":"#0","tintindex":0},"north":{"uv":[9.0,8.5,10.0,9.5],"rotation":0,"texture":"#0","tintindex":0},"west":{"uv":[9.25,4.5,10.25,5.5],"rotation":0,"texture":"#0","tintindex":0},"up":{"uv":[8.5,10.25,7.5,9.25],"rotation":0,"texture":"#0","tintindex":0},"down":{"uv":[9.5,9.5,8.5,10.5],"rotation":0,"texture":"#0","tintindex":0}}}],"textures":{"0":"modelengine:entity/wolftex"},"display":{"head":{"translation":[0.0,-6.4,0.0],"scale":[4.0,4.0,4.0]}}}