{"elements":[{"from":[6.857143,4.0,5.428571],"to":[9.142858,6.285714,8.285714],"rotation":{"angle":0.0,"axis":"y","origin":[9.142858,6.285714,7.428571]},"faces":{"east":{"uv":[11.475,3.775,10.275,4.725],"rotation":0,"texture":"#0","tintindex":0},"south":{"uv":[8.725,10.775,7.775,11.725],"rotation":0,"texture":"#0","tintindex":0},"north":{"uv":[11.725,2.525,10.775,3.475],"rotation":0,"texture":"#0","tintindex":0},"west":{"uv":[11.475,0.025,10.275,0.975],"rotation":0,"texture":"#0","tintindex":0},"up":{"uv":[10.275,5.975,11.225,4.775],"rotation":0,"texture":"#0","tintindex":0},"down":{"uv":[10.275,6.025,11.225,7.225],"rotation":0,"texture":"#0","tintindex":0}}},{"from":[8.0,2.8571424,5.428571],"to":[9.142858,4.0,8.285714],"rotation":{"angle":0.0,"axis":"y","origin":[9.142858,4.0,7.428571]},"faces":{"east":{"uv":[8.975,11.775,7.775,12.225],"rotation":0,"texture":"#0","tintindex":0},"south":{"uv":[6.475,1.525,6.025,1.975],"rotation":0,"texture":"#0","tintindex":0},"north":{"uv":[4.475,3.525,4.025,3.975],"rotation":0,"texture":"#0","tintindex":0},"west":{"uv":[12.975,3.025,11.775,3.475],"rotation":0,"texture":"#0","tintindex":0},"up":{"uv":[9.025,12.975,9.475,11.775],"rotation":0,"texture":"#0","tintindex":0},"down":{"uv":[0.025,12.025,0.475,13.225],"rotation":0,"texture":"#0","tintindex":0}}},{"from":[7.428571,3.7142854,4.8571424],"to":[8.571428,4.285714,8.857143],"rotation":{"angle":0.0,"axis":"y","origin":[8.571428,4.8571424,7.428571]},"faces":{"east":{"uv":[13.725,6.525,12.025,6.725],"rotation":0,"texture":"#0","tintindex":0},"south":{"uv":[6.975,12.525,6.525,12.725],"rotation":0,"texture":"#0","tintindex":0},"north":{"uv":[12.975,2.275,12.525,2.475],"rotation":0,"texture":"#0","tintindex":0},"west":{"uv":[13.225,4.525,11.525,4.725],"rotation":0,"texture":"#0","tintindex":0},"up":{"uv":[5.275,12.225,5.725,10.525],"rotation":0,"texture":"#0","tintindex":0},"down":{"uv":[1.525,11.275,1.975,12.975],"rotation":0,"texture":"#0","tintindex":0}}},{"from":[7.428571,2.5714283,4.8571424],"to":[8.571428,3.7142854,5.428571],"rotation":{"angle":0.0,"axis":"y","origin":[8.571428,3.7142854,7.428571]},"faces":{"east":{"uv":[7.225,12.525,7.025,12.975],"rotation":0,"texture":"#0","tintindex":0},"south":{"uv":[12.725,12.275,12.275,12.725],"rotation":0,"texture":"#0","tintindex":0},"north":{"uv":[12.725,11.775,12.275,12.225],"rotation":0,"texture":"#0","tintindex":0},"west":{"uv":[12.725,6.775,12.525,7.225],"rotation":0,"texture":"#0","tintindex":0},"up":{"uv":[12.525,7.475,12.975,7.275],"rotation":0,"texture":"#0","tintindex":0},"down":{"uv":[12.525,7.525,12.975,7.725],"rotation":0,"texture":"#0","tintindex":0}}},{"from":[7.428571,2.5714283,8.285714],"to":[8.571428,3.7142854,8.857143],"rotation":{"angle":0.0,"axis":"y","origin":[8.571428,3.7142854,11.428572]},"faces":{"east":{"uv":[12.725,9.025,12.525,9.475],"rotation":0,"texture":"#0","tintindex":0},"south":{"uv":[12.975,1.025,12.525,1.475],"rotation":0,"texture":"#0","tintindex":0},"north":{"uv":[1.225,12.525,0.775,12.975],"rotation":0,"texture":"#0","tintindex":0},"west":{"uv":[12.725,7.775,12.525,8.225],"rotation":0,"texture":"#0","tintindex":0},"up":{"uv":[12.525,9.725,12.975,9.525],"rotation":0,"texture":"#0","tintindex":0},"down":{"uv":[12.525,9.775,12.975,9.975],"rotation":0,"texture":"#0","tintindex":0}}},{"from":[6.857143,0.28571415,4.5714283],"to":[9.142858,2.5714283,9.142858],"rotation":{"angle":0.0,"axis":"y","origin":[8.571428,2.5714283,7.714286]},"faces":{"east":{"uv":[10.225,4.275,8.275,5.225],"rotation":0,"texture":"#0","tintindex":0},"south":{"uv":[4.225,11.025,3.275,11.975],"rotation":0,"texture":"#0","tintindex":0},"north":{"uv":[9.725,10.775,8.775,11.725],"rotation":0,"texture":"#0","tintindex":0},"west":{"uv":[10.225,0.025,8.275,0.975],"rotation":0,"texture":"#0","tintindex":0},"up":{"uv":[2.525,10.225,3.475,8.275],"rotation":0,"texture":"#0","tintindex":0},"down":{"uv":[8.275,5.275,9.225,7.225],"rotation":0,"texture":"#0","tintindex":0}}},{"from":[6.5714283,0.0,4.0],"to":[9.428572,2.8571424,5.142857],"rotation":{"angle":0.0,"axis":"y","origin":[8.571428,2.5714283,7.714286]},"faces":{"east":{"uv":[16.0,3.75,15.5,5.0],"rotation":0,"texture":"#0","tintindex":0},"south":{"uv":[16.0,1.25,14.75,2.5],"rotation":0,"texture":"#0","tintindex":0},"north":{"uv":[16.0,0.0,14.75,1.25],"rotation":0,"texture":"#0","tintindex":0},"west":{"uv":[16.0,2.5,15.5,3.75],"rotation":0,"texture":"#0","tintindex":0},"up":{"uv":[14.75,5.5,16.0,5.0],"rotation":0,"texture":"#0","tintindex":0},"down":{"uv":[14.75,5.5,16.0,6.0],"rotation":0,"texture":"#0","tintindex":0}}},{"from":[6.857143,2.8571424,5.428571],"to":[8.0,4.0,7.142857],"rotation":{"angle":0.0,"axis":"y","origin":[8.0,4.0,7.428571]},"faces":{"east":{"uv":[12.975,8.275,12.275,8.725],"rotation":0,"texture":"#0","tintindex":0},"south":{"uv":[7.225,10.025,6.775,10.475],"rotation":0,"texture":"#0","tintindex":0},"north":{"uv":[10.225,3.775,9.775,4.225],"rotation":0,"texture":"#0","tintindex":0},"west":{"uv":[8.475,12.275,7.775,12.725],"rotation":0,"texture":"#0","tintindex":0},"up":{"uv":[6.025,12.975,6.475,12.275],"rotation":0,"texture":"#0","tintindex":0},"down":{"uv":[8.525,12.275,8.975,12.975],"rotation":0,"texture":"#0","tintindex":0}}},{"from":[7.142857,6.285714,5.714286],"to":[8.857143,8.0,8.0],"rotation":{"angle":0.0,"axis":"y","origin":[9.428572,8.0,7.142857]},"faces":{"east":{"uv":[12.475,9.775,11.525,10.475],"rotation":0,"texture":"#0","tintindex":0},"south":{"uv":[12.975,0.025,12.275,0.725],"rotation":0,"texture":"#0","tintindex":0},"north":{"uv":[10.975,12.025,10.275,12.725],"rotation":0,"texture":"#0","tintindex":0},"west":{"uv":[12.475,9.025,11.525,9.725],"rotation":0,"texture":"#0","tintindex":0},"up":{"uv":[11.525,11.475,12.225,10.525],"rotation":0,"texture":"#0","tintindex":0},"down":{"uv":[11.525,11.525,12.225,12.475],"rotation":0,"texture":"#0","tintindex":0}}}],"textures":{"0":"modelengine:entity/tavern"},"display":{"head":{"translation":[0.0,-6.4,0.0],"scale":[4.0,4.0,4.0]}}}