{"elements":[{"from":[7.142857,6.285714,8.0],"to":[8.857143,8.0,9.714286],"rotation":{"angle":0.0,"axis":"y","origin":[8.285714,5.714286,9.428572]},"faces":{"east":{"uv":[4.725,12.025,4.025,12.725],"rotation":0,"texture":"#0","tintindex":0},"south":{"uv":[3.975,12.025,3.275,12.725],"rotation":0,"texture":"#0","tintindex":0},"north":{"uv":[4.225,7.025,3.525,7.725],"rotation":0,"texture":"#0","tintindex":0},"west":{"uv":[6.725,7.775,6.025,8.475],"rotation":0,"texture":"#0","tintindex":0},"up":{"uv":[12.025,6.475,12.725,5.775],"rotation":0,"texture":"#0","tintindex":0},"down":{"uv":[9.525,12.025,10.225,12.725],"rotation":0,"texture":"#0","tintindex":0}}},{"from":[6.857143,3.4285712,7.714286],"to":[9.142858,6.285714,10.0],"rotation":{"angle":0.0,"axis":"y","origin":[8.0,4.0,9.142858]},"faces":{"east":{"uv":[2.225,10.025,1.275,11.225],"rotation":0,"texture":"#0","tintindex":0},"south":{"uv":[10.725,2.525,9.775,3.725],"rotation":0,"texture":"#0","tintindex":0},"north":{"uv":[9.475,9.525,8.525,10.725],"rotation":0,"texture":"#0","tintindex":0},"west":{"uv":[10.475,9.525,9.525,10.725],"rotation":0,"texture":"#0","tintindex":0},"up":{"uv":[10.275,9.225,11.225,8.275],"rotation":0,"texture":"#0","tintindex":0},"down":{"uv":[6.775,10.525,7.725,11.475],"rotation":0,"texture":"#0","tintindex":0}}},{"from":[6.857143,3.4285712,7.142857],"to":[9.142858,4.5714283,7.714286],"rotation":{"angle":0.0,"axis":"y","origin":[8.0,4.0,6.285714]},"faces":{"east":{"uv":[2.725,12.525,2.525,12.975],"rotation":0,"texture":"#0","tintindex":0},"south":{"uv":[13.225,3.525,12.275,3.975],"rotation":0,"texture":"#0","tintindex":0},"north":{"uv":[10.225,6.775,9.275,7.225],"rotation":0,"texture":"#0","tintindex":0},"west":{"uv":[2.475,12.525,2.275,12.975],"rotation":0,"texture":"#0","tintindex":0},"up":{"uv":[12.275,4.475,13.225,4.275],"rotation":0,"texture":"#0","tintindex":0},"down":{"uv":[12.275,8.775,13.225,8.975],"rotation":0,"texture":"#0","tintindex":0}}}],"textures":{"0":"modelengine:entity/tavern"},"display":{"head":{"translation":[0.0,-6.4,0.0],"scale":[4.0,4.0,4.0]}}}