{"elements":[{"from":[7.714286,7.428571,6.5714283],"to":[10.0,9.142858,9.428572],"rotation":{"angle":0.0,"axis":"y","origin":[10.0,9.142858,8.571428]},"faces":{"east":{"uv":[12.475,1.775,11.275,2.475],"rotation":0,"texture":"#0","tintindex":0},"south":{"uv":[11.475,11.275,10.525,11.975],"rotation":0,"texture":"#0","tintindex":0},"north":{"uv":[12.225,8.275,11.275,8.975],"rotation":0,"texture":"#0","tintindex":0},"west":{"uv":[12.475,1.025,11.275,1.725],"rotation":0,"texture":"#0","tintindex":0},"up":{"uv":[5.775,11.225,6.725,10.025],"rotation":0,"texture":"#0","tintindex":0},"down":{"uv":[2.275,10.275,3.225,11.475],"rotation":0,"texture":"#0","tintindex":0}}},{"from":[8.0,5.142857,6.857143],"to":[9.714286,7.428571,9.142858],"rotation":{"angle":0.0,"axis":"y","origin":[10.285714,7.428571,8.285714]},"faces":{"east":{"uv":[11.475,10.275,10.525,11.225],"rotation":0,"texture":"#0","tintindex":0},"south":{"uv":[2.725,11.525,2.025,12.475],"rotation":0,"texture":"#0","tintindex":0},"north":{"uv":[12.225,0.025,11.525,0.975],"rotation":0,"texture":"#0","tintindex":0},"west":{"uv":[11.475,9.275,10.525,10.225],"rotation":0,"texture":"#0","tintindex":0},"up":{"uv":[11.525,4.475,12.225,3.525],"rotation":0,"texture":"#0","tintindex":0},"down":{"uv":[6.525,11.525,7.225,12.475],"rotation":0,"texture":"#0","tintindex":0}}}],"textures":{"0":"modelengine:entity/tavern"},"display":{"head":{"translation":[0.0,-6.4,0.0],"scale":[4.0,4.0,4.0]}}}