{"elements":[{"from":[7.142857,5.142857,6.857143],"to":[8.857143,8.571428,9.142858],"rotation":{"angle":0.0,"axis":"y","origin":[8.285714,6.285714,8.285714]},"faces":{"east":{"uv":[4.475,9.525,3.525,10.975],"rotation":0,"texture":"#0","tintindex":0},"south":{"uv":[5.225,10.525,4.525,11.975],"rotation":0,"texture":"#0","tintindex":0},"north":{"uv":[0.725,10.525,0.025,11.975],"rotation":0,"texture":"#0","tintindex":0},"west":{"uv":[10.225,5.275,9.275,6.725],"rotation":0,"texture":"#0","tintindex":0},"up":{"uv":[5.775,12.225,6.475,11.275],"rotation":0,"texture":"#0","tintindex":0},"down":{"uv":[11.275,5.775,11.975,6.725],"rotation":0,"texture":"#0","tintindex":0}}}],"textures":{"0":"modelengine:entity/tavern"},"display":{"head":{"translation":[0.0,-6.4,0.0],"scale":[4.0,4.0,4.0]}}}