{"elements":[{"from":[6.857143,4.0,5.428571],"to":[9.142858,6.285714,8.285714],"rotation":{"angle":0.0,"axis":"y","origin":[6.857143,6.285714,7.428571]},"faces":{"east":{"uv":[10.275,0.025,11.475,0.975],"rotation":0,"texture":"#0","tintindex":0},"south":{"uv":[7.775,10.775,8.725,11.725],"rotation":0,"texture":"#0","tintindex":0},"north":{"uv":[10.775,2.525,11.725,3.475],"rotation":0,"texture":"#0","tintindex":0},"west":{"uv":[10.275,3.775,11.475,4.725],"rotation":0,"texture":"#0","tintindex":0},"up":{"uv":[11.225,5.975,10.275,4.775],"rotation":0,"texture":"#0","tintindex":0},"down":{"uv":[11.225,6.025,10.275,7.225],"rotation":0,"texture":"#0","tintindex":0}}},{"from":[6.857143,2.8571424,5.428571],"to":[8.0,4.0,8.285714],"rotation":{"angle":0.0,"axis":"y","origin":[6.857143,4.0,7.428571]},"faces":{"east":{"uv":[11.775,3.025,12.975,3.475],"rotation":0,"texture":"#0","tintindex":0},"south":{"uv":[6.025,1.525,6.475,1.975],"rotation":0,"texture":"#0","tintindex":0},"north":{"uv":[4.025,3.525,4.475,3.975],"rotation":0,"texture":"#0","tintindex":0},"west":{"uv":[7.775,11.775,8.975,12.225],"rotation":0,"texture":"#0","tintindex":0},"up":{"uv":[9.475,12.975,9.025,11.775],"rotation":0,"texture":"#0","tintindex":0},"down":{"uv":[0.475,12.025,0.025,13.225],"rotation":0,"texture":"#0","tintindex":0}}},{"from":[8.0,2.8571424,5.428571],"to":[9.142858,4.0,7.142857],"rotation":{"angle":0.0,"axis":"y","origin":[8.0,4.0,7.428571]},"faces":{"east":{"uv":[7.775,12.275,8.475,12.725],"rotation":0,"texture":"#0","tintindex":0},"south":{"uv":[6.775,10.025,7.225,10.475],"rotation":0,"texture":"#0","tintindex":0},"north":{"uv":[9.775,3.775,10.225,4.225],"rotation":0,"texture":"#0","tintindex":0},"west":{"uv":[12.275,8.275,12.975,8.725],"rotation":0,"texture":"#0","tintindex":0},"up":{"uv":[6.475,12.975,6.025,12.275],"rotation":0,"texture":"#0","tintindex":0},"down":{"uv":[8.975,12.275,8.525,12.975],"rotation":0,"texture":"#0","tintindex":0}}},{"from":[7.142857,6.285714,5.714286],"to":[8.857143,8.0,8.0],"rotation":{"angle":0.0,"axis":"y","origin":[6.5714283,8.0,7.142857]},"faces":{"east":{"uv":[11.525,9.025,12.475,9.725],"rotation":0,"texture":"#0","tintindex":0},"south":{"uv":[12.275,0.025,12.975,0.725],"rotation":0,"texture":"#0","tintindex":0},"north":{"uv":[10.275,12.025,10.975,12.725],"rotation":0,"texture":"#0","tintindex":0},"west":{"uv":[11.525,9.775,12.475,10.475],"rotation":0,"texture":"#0","tintindex":0},"up":{"uv":[12.225,11.475,11.525,10.525],"rotation":0,"texture":"#0","tintindex":0},"down":{"uv":[12.225,11.525,11.525,12.475],"rotation":0,"texture":"#0","tintindex":0}}}],"textures":{"0":"modelengine:entity/tavern"},"display":{"head":{"translation":[0.0,-6.4,0.0],"scale":[4.0,4.0,4.0]}}}