{"elements":[{"from":[1.1428566,4.0,4.0],"to":[8.0,9.142858,8.571428],"rotation":{"angle":0.0,"axis":"y","origin":[8.0,8.0,8.0]},"faces":{"east":{"uv":[6.0,8.0,10.0,12.5],"rotation":0,"texture":"#3","tintindex":0},"south":{"uv":[0.0,0.0,6.0,4.5],"rotation":0,"texture":"#3","tintindex":0},"north":{"uv":[0.0,0.0,6.0,4.5],"rotation":0,"texture":"#3","tintindex":0},"west":{"uv":[0.0,9.0,4.0,13.5],"rotation":0,"texture":"#3","tintindex":0},"up":{"uv":[12.0,4.0,6.0,0.0],"rotation":0,"texture":"#3","tintindex":0},"down":{"uv":[12.0,0.0,6.0,4.0],"rotation":0,"texture":"#3","tintindex":0}}}],"textures":{"3":"modelengine:entity/pirate_crew_crate"},"display":{"head":{"translation":[0.0,-6.4,0.0],"scale":[4.0,4.0,4.0]}}}