{"elements":[{"from":[-1.2028933,0.53932524,12.390554],"to":[6.225679,8.539326,12.390554],"rotation":{"angle":0.0,"axis":"y","origin":[18.57143,1.1428566,19.485714]},"faces":{"east":{"uv":[0.0,9.5,0.0,6.0],"rotation":0,"texture":"#2","tintindex":0},"south":{"uv":[16.0,3.5,12.75,0.0],"rotation":0,"texture":"#2","tintindex":0},"north":{"uv":[16.0,3.5,12.75,0.0],"rotation":0,"texture":"#2","tintindex":0},"west":{"uv":[0.0,9.5,0.0,6.0],"rotation":0,"texture":"#2","tintindex":0},"up":{"uv":[10.25,6.0,7.0,6.0],"rotation":0,"texture":"#2","tintindex":0},"down":{"uv":[10.25,6.0,7.0,6.0],"rotation":0,"texture":"#2","tintindex":0}}},{"from":[-1.2028933,1.110754,4.3334103],"to":[6.225679,9.110754,12.33341],"rotation":{"angle":0.0,"axis":"y","origin":[13.714286,-1.7142859,16.57143]},"faces":{"east":{"uv":[3.5,9.5,0.0,6.0],"rotation":0,"texture":"#2","tintindex":0},"south":{"uv":[10.25,9.5,7.0,6.0],"rotation":0,"texture":"#2","tintindex":0},"north":{"uv":[10.25,9.5,7.0,6.0],"rotation":0,"texture":"#2","tintindex":0},"west":{"uv":[3.5,9.5,0.0,6.0],"rotation":0,"texture":"#2","tintindex":0},"up":{"uv":[10.25,6.0,7.0,9.5],"rotation":0,"texture":"#2","tintindex":0},"down":{"uv":[10.25,9.5,7.0,6.0],"rotation":0,"texture":"#2","tintindex":0}}},{"from":[-2.917179,1.6821828,4.904839],"to":[7.939965,8.539326,11.761982],"rotation":{"angle":0.0,"axis":"y","origin":[13.714286,-1.7142859,16.57143]},"faces":{"east":{"uv":[9.5,12.5,6.5,9.5],"rotation":0,"texture":"#2","tintindex":0},"south":{"uv":[4.75,3.0,0.0,0.0],"rotation":0,"texture":"#2","tintindex":0},"north":{"uv":[4.75,3.0,0.0,0.0],"rotation":0,"texture":"#2","tintindex":0},"west":{"uv":[9.5,12.5,6.5,9.5],"rotation":0,"texture":"#2","tintindex":0},"up":{"uv":[4.75,0.0,0.0,3.0],"rotation":0,"texture":"#2","tintindex":0},"down":{"uv":[4.75,3.0,0.0,0.0],"rotation":0,"texture":"#2","tintindex":0}}}],"textures":{"2":"modelengine:entity/pirate_crew_barrel"},"display":{"head":{"translation":[0.0,-6.4,0.0],"scale":[4.0,4.0,4.0]}}}