{"elements":[{"from":[4.837186,9.428572,7.250998],"to":[5.408614,11.142858,8.393855],"rotation":{"angle":-22.5,"axis":"y","origin":[5.1229,10.285714,7.8224263]},"faces":{"east":{"uv":[5.375,8.5,5.625,8.875],"rotation":0,"texture":"#4","tintindex":0},"south":{"uv":[8.75,5.125,8.875,5.5],"rotation":0,"texture":"#4","tintindex":0},"north":{"uv":[8.75,4.75,8.875,5.125],"rotation":0,"texture":"#4","tintindex":0},"west":{"uv":[5.625,8.5,5.875,8.875],"rotation":0,"texture":"#4","tintindex":0},"up":{"uv":[9.0,1.875,8.875,1.625],"rotation":0,"texture":"#4","tintindex":0},"down":{"uv":[2.0,8.875,1.875,9.125],"rotation":0,"texture":"#4","tintindex":0}}},{"from":[9.405031,9.428572,6.8136454],"to":[9.9764595,11.142858,7.9565024],"rotation":{"angle":22.5,"axis":"y","origin":[10.746608,10.285714,7.8224263]},"faces":{"east":{"uv":[8.0,8.5,8.25,8.875],"rotation":0,"texture":"#4","tintindex":0},"south":{"uv":[6.0,8.75,6.125,9.125],"rotation":0,"texture":"#4","tintindex":0},"north":{"uv":[5.875,8.75,6.0,9.125],"rotation":0,"texture":"#4","tintindex":0},"west":{"uv":[0.0,8.625,0.25,9.0],"rotation":0,"texture":"#4","tintindex":0},"up":{"uv":[2.25,9.125,2.125,8.875],"rotation":0,"texture":"#4","tintindex":0},"down":{"uv":[9.0,2.375,8.875,2.625],"rotation":0,"texture":"#4","tintindex":0}}},{"from":[5.077611,8.0,5.185157],"to":[9.649039,12.571428,9.756586],"rotation":{"angle":0.0,"axis":"y","origin":[7.363325,-5.714287,7.4708714]},"faces":{"east":{"uv":[1.0,3.5,2.0,4.5],"rotation":0,"texture":"#4","tintindex":0},"south":{"uv":[4.0,0.0,5.0,1.0],"rotation":0,"texture":"#4","tintindex":0},"north":{"uv":[0.0,3.5,1.0,4.5],"rotation":0,"texture":"#4","tintindex":0},"west":{"uv":[4.0,1.0,5.0,2.0],"rotation":0,"texture":"#4","tintindex":0},"up":{"uv":[3.0,5.0,2.0,4.0],"rotation":0,"texture":"#4","tintindex":0},"down":{"uv":[5.0,2.0,4.0,3.0],"rotation":0,"texture":"#4","tintindex":0}}},{"from":[5.077611,9.738496,9.647624],"to":[9.649039,9.738496,13.076195],"rotation":{"angle":22.5,"axis":"x","origin":[7.363325,9.738496,11.076195]},"faces":{"east":{"uv":[0.0,0.0,0.75,0.0],"rotation":0,"texture":"#4","tintindex":0},"south":{"uv":[0.0,0.0,1.0,0.0],"rotation":0,"texture":"#4","tintindex":0},"north":{"uv":[0.0,0.0,1.0,0.0],"rotation":0,"texture":"#4","tintindex":0},"west":{"uv":[0.0,0.0,0.75,0.0],"rotation":0,"texture":"#4","tintindex":0},"up":{"uv":[3.625,6.75,2.625,6.0],"rotation":0,"texture":"#4","tintindex":0},"down":{"uv":[7.0,3.5,6.0,4.25],"rotation":0,"texture":"#4","tintindex":0}}},{"from":[6.791897,9.077017,4.8541536],"to":[7.934754,10.219873,5.425582],"rotation":{"angle":22.5,"axis":"x","origin":[7.363325,9.648445,5.139868]},"faces":{"east":{"uv":[8.875,1.875,9.0,2.125],"rotation":0,"texture":"#4","tintindex":0},"south":{"uv":[8.625,3.125,8.875,3.375],"rotation":0,"texture":"#4","tintindex":0},"north":{"uv":[8.625,1.0,8.875,1.25],"rotation":0,"texture":"#4","tintindex":0},"west":{"uv":[2.0,8.875,2.125,9.125],"rotation":0,"texture":"#4","tintindex":0},"up":{"uv":[9.125,2.25,8.875,2.125],"rotation":0,"texture":"#4","tintindex":0},"down":{"uv":[9.125,2.25,8.875,2.375],"rotation":0,"texture":"#4","tintindex":0}}},{"from":[4.7495966,8.0,6.8341966],"to":[4.7495966,10.857143,8.548483],"rotation":{"angle":-22.5,"axis":"y","origin":[4.7495966,10.285714,7.6913395]},"faces":{"east":{"uv":[7.875,6.0,8.25,6.625],"rotation":0,"texture":"#4","tintindex":0},"south":{"uv":[0.0,0.0,0.0,0.625],"rotation":0,"texture":"#4","tintindex":0},"north":{"uv":[0.0,0.0,0.0,0.625],"rotation":0,"texture":"#4","tintindex":0},"west":{"uv":[8.0,3.75,8.375,4.375],"rotation":0,"texture":"#4","tintindex":0},"up":{"uv":[0.0,0.375,0.0,0.0],"rotation":0,"texture":"#4","tintindex":0},"down":{"uv":[0.0,0.0,0.0,0.375],"rotation":0,"texture":"#4","tintindex":0}}},{"from":[10.064049,8.0,6.3968444],"to":[10.064049,10.857143,8.11113],"rotation":{"angle":22.5,"axis":"y","origin":[11.119911,10.285714,7.6913395]},"faces":{"east":{"uv":[8.0,4.375,8.375,5.0],"rotation":0,"texture":"#4","tintindex":0},"south":{"uv":[0.0,0.0,0.0,0.625],"rotation":0,"texture":"#4","tintindex":0},"north":{"uv":[0.0,0.0,0.0,0.625],"rotation":0,"texture":"#4","tintindex":0},"west":{"uv":[8.0,6.625,8.375,7.25],"rotation":0,"texture":"#4","tintindex":0},"up":{"uv":[0.0,0.375,0.0,0.0],"rotation":0,"texture":"#4","tintindex":0},"down":{"uv":[0.0,0.0,0.0,0.375],"rotation":0,"texture":"#4","tintindex":0}}}],"textures":{"4":"modelengine:entity/pirate_crew_variations"},"display":{"head":{"translation":[0.0,-6.4,0.0],"scale":[4.0,4.0,4.0]}}}