{"elements":[{"from":[4.837186,9.428572,7.250998],"to":[5.408614,11.142858,8.393855],"rotation":{"angle":-22.5,"axis":"y","origin":[5.1229,10.285714,7.8224263]},"faces":{"east":{"uv":[8.625,0.25,8.875,0.625],"rotation":0,"texture":"#4","tintindex":0},"south":{"uv":[6.5,8.75,6.625,9.125],"rotation":0,"texture":"#4","tintindex":0},"north":{"uv":[8.75,6.375,8.875,6.75],"rotation":0,"texture":"#4","tintindex":0},"west":{"uv":[0.625,8.625,0.875,9.0],"rotation":0,"texture":"#4","tintindex":0},"up":{"uv":[3.25,9.125,3.125,8.875],"rotation":0,"texture":"#4","tintindex":0},"down":{"uv":[9.0,3.125,8.875,3.375],"rotation":0,"texture":"#4","tintindex":0}}},{"from":[9.405031,9.428572,6.8136454],"to":[9.9764595,11.142858,7.9565024],"rotation":{"angle":22.5,"axis":"y","origin":[10.746608,10.285714,7.8224263]},"faces":{"east":{"uv":[8.625,0.625,8.875,1.0],"rotation":0,"texture":"#4","tintindex":0},"south":{"uv":[8.75,7.125,8.875,7.5],"rotation":0,"texture":"#4","tintindex":0},"north":{"uv":[8.75,6.75,8.875,7.125],"rotation":0,"texture":"#4","tintindex":0},"west":{"uv":[0.875,8.625,1.125,9.0],"rotation":0,"texture":"#4","tintindex":0},"up":{"uv":[9.0,4.625,8.875,4.375],"rotation":0,"texture":"#4","tintindex":0},"down":{"uv":[9.0,4.625,8.875,4.875],"rotation":0,"texture":"#4","tintindex":0}}},{"from":[5.077611,8.0,5.185157],"to":[9.649039,12.571428,9.756586],"rotation":{"angle":0.0,"axis":"y","origin":[7.363325,-5.714287,7.4708714]},"faces":{"east":{"uv":[1.0,4.5,0.0,5.5],"rotation":0,"texture":"#4","tintindex":0},"south":{"uv":[4.0,4.0,5.0,5.0],"rotation":0,"texture":"#4","tintindex":0},"north":{"uv":[3.0,4.0,4.0,5.0],"rotation":0,"texture":"#4","tintindex":0},"west":{"uv":[0.0,4.5,1.0,5.5],"rotation":0,"texture":"#4","tintindex":0},"up":{"uv":[2.0,5.5,1.0,4.5],"rotation":0,"texture":"#4","tintindex":0},"down":{"uv":[6.0,0.0,5.0,1.0],"rotation":0,"texture":"#4","tintindex":0}}},{"from":[7.077611,12.571428,5.185157],"to":[7.077611,14.857143,9.756586],"rotation":{"angle":22.5,"axis":"z","origin":[7.363325,13.714286,7.4708714]},"faces":{"east":{"uv":[10.125,0.0,9.125,0.5],"rotation":0,"texture":"#4","tintindex":0},"south":{"uv":[4.0,4.0,4.0,4.5],"rotation":0,"texture":"#4","tintindex":0},"north":{"uv":[3.0,4.0,3.0,4.5],"rotation":0,"texture":"#4","tintindex":0},"west":{"uv":[9.125,0.0,10.125,0.5],"rotation":0,"texture":"#4","tintindex":0},"up":{"uv":[1.0,5.5,1.0,4.5],"rotation":0,"texture":"#4","tintindex":0},"down":{"uv":[5.0,0.0,5.0,1.0],"rotation":0,"texture":"#4","tintindex":0}}},{"from":[6.791897,9.077017,4.8541536],"to":[7.934754,10.219873,5.425582],"rotation":{"angle":22.5,"axis":"x","origin":[7.363325,9.648445,5.139868]},"faces":{"east":{"uv":[4.875,8.875,5.0,9.125],"rotation":0,"texture":"#4","tintindex":0},"south":{"uv":[8.75,3.625,9.0,3.875],"rotation":0,"texture":"#4","tintindex":0},"north":{"uv":[8.75,3.375,9.0,3.625],"rotation":0,"texture":"#4","tintindex":0},"west":{"uv":[8.875,4.875,9.0,5.125],"rotation":0,"texture":"#4","tintindex":0},"up":{"uv":[5.25,9.0,5.0,8.875],"rotation":0,"texture":"#4","tintindex":0},"down":{"uv":[9.125,5.125,8.875,5.25],"rotation":0,"texture":"#4","tintindex":0}}}],"textures":{"4":"modelengine:entity/pirate_crew_variations"},"display":{"head":{"translation":[0.0,-6.4,0.0],"scale":[4.0,4.0,4.0]}}}