{"elements":[{"from":[5.077611,5.2516003,4.638467],"to":[9.649039,8.108744,4.638467],"rotation":{"angle":22.5,"axis":"x","origin":[7.363325,6.680172,4.638467]},"faces":{"east":{"uv":[0.0,0.0,0.0,0.625],"rotation":0,"texture":"#4","tintindex":0},"south":{"uv":[6.625,2.0,7.625,2.625],"rotation":0,"texture":"#4","tintindex":0},"north":{"uv":[6.625,2.0,7.625,2.625],"rotation":0,"texture":"#4","tintindex":0},"west":{"uv":[0.0,0.0,0.0,0.625],"rotation":0,"texture":"#4","tintindex":0},"up":{"uv":[1.0,0.0,0.0,0.0],"rotation":0,"texture":"#4","tintindex":0},"down":{"uv":[1.0,0.0,0.0,0.0],"rotation":0,"texture":"#4","tintindex":0}}},{"from":[4.837186,9.428572,7.250998],"to":[5.408614,11.142858,8.393855],"rotation":{"angle":-22.5,"axis":"y","origin":[5.1229,10.285714,7.8224263]},"faces":{"east":{"uv":[8.625,5.875,8.875,6.25],"rotation":0,"texture":"#4","tintindex":0},"south":{"uv":[7.875,8.75,8.0,9.125],"rotation":0,"texture":"#4","tintindex":0},"north":{"uv":[7.75,8.75,7.875,9.125],"rotation":0,"texture":"#4","tintindex":0},"west":{"uv":[8.25,8.625,8.5,9.0],"rotation":0,"texture":"#4","tintindex":0},"up":{"uv":[5.875,9.125,5.75,8.875],"rotation":0,"texture":"#4","tintindex":0},"down":{"uv":[9.0,6.0,8.875,6.25],"rotation":0,"texture":"#4","tintindex":0}}},{"from":[9.405031,9.428572,6.8136454],"to":[9.9764595,11.142858,7.9565024],"rotation":{"angle":22.5,"axis":"y","origin":[10.746608,10.285714,7.8224263]},"faces":{"east":{"uv":[8.5,8.625,8.75,9.0],"rotation":0,"texture":"#4","tintindex":0},"south":{"uv":[8.75,8.25,8.875,8.625],"rotation":0,"texture":"#4","tintindex":0},"north":{"uv":[8.75,7.875,8.875,8.25],"rotation":0,"texture":"#4","tintindex":0},"west":{"uv":[2.5,8.75,2.75,9.125],"rotation":0,"texture":"#4","tintindex":0},"up":{"uv":[6.25,9.125,6.125,8.875],"rotation":0,"texture":"#4","tintindex":0},"down":{"uv":[6.375,8.875,6.25,9.125],"rotation":0,"texture":"#4","tintindex":0}}},{"from":[5.077611,8.0,5.185157],"to":[9.649039,12.571428,9.756586],"rotation":{"angle":0.0,"axis":"y","origin":[7.363325,-5.714287,7.4708714]},"faces":{"east":{"uv":[5.0,5.0,6.0,6.0],"rotation":0,"texture":"#4","tintindex":0},"south":{"uv":[0.0,5.5,1.0,6.5],"rotation":0,"texture":"#4","tintindex":0},"north":{"uv":[5.0,4.0,6.0,5.0],"rotation":0,"texture":"#4","tintindex":0},"west":{"uv":[6.0,5.0,5.0,6.0],"rotation":0,"texture":"#4","tintindex":0},"up":{"uv":[7.0,1.0,6.0,0.0],"rotation":0,"texture":"#4","tintindex":0},"down":{"uv":[7.0,1.0,6.0,2.0],"rotation":0,"texture":"#4","tintindex":0}}},{"from":[6.791897,9.714286,2.8994427],"to":[6.791897,13.142858,5.7565856],"rotation":{"angle":22.5,"axis":"y","origin":[6.791897,12.0,4.8994427]},"faces":{"east":{"uv":[10.5,0.0,11.125,0.75],"rotation":0,"texture":"#4","tintindex":0},"south":{"uv":[0.0,5.5,0.0,6.25],"rotation":0,"texture":"#4","tintindex":0},"north":{"uv":[5.0,4.0,5.0,4.75],"rotation":0,"texture":"#4","tintindex":0},"west":{"uv":[11.125,0.0,10.5,0.75],"rotation":0,"texture":"#4","tintindex":0},"up":{"uv":[6.0,0.625,6.0,0.0],"rotation":0,"texture":"#4","tintindex":0},"down":{"uv":[6.0,1.0,6.0,1.625],"rotation":0,"texture":"#4","tintindex":0}}},{"from":[5.077611,6.526515,9.253459],"to":[9.649039,9.955087,9.253459],"rotation":{"angle":-22.5,"axis":"x","origin":[7.363325,11.097944,10.110602]},"faces":{"east":{"uv":[5.0,5.0,5.0,5.75],"rotation":0,"texture":"#4","tintindex":0},"south":{"uv":[0.0,9.5,1.0,10.25],"rotation":0,"texture":"#4","tintindex":0},"north":{"uv":[1.0,9.5,0.0,10.25],"rotation":0,"texture":"#4","tintindex":0},"west":{"uv":[1.0,5.5,1.0,6.25],"rotation":0,"texture":"#4","tintindex":0},"up":{"uv":[7.0,0.0,6.0,0.0],"rotation":0,"texture":"#4","tintindex":0},"down":{"uv":[7.0,1.0,6.0,1.0],"rotation":0,"texture":"#4","tintindex":0}}},{"from":[6.791897,9.077017,4.8541536],"to":[7.934754,10.219873,5.425582],"rotation":{"angle":22.5,"axis":"x","origin":[7.363325,9.648445,5.139868]},"faces":{"east":{"uv":[6.375,8.875,6.5,9.125],"rotation":0,"texture":"#4","tintindex":0},"south":{"uv":[4.25,8.75,4.5,9.0],"rotation":0,"texture":"#4","tintindex":0},"north":{"uv":[8.75,4.125,9.0,4.375],"rotation":0,"texture":"#4","tintindex":0},"west":{"uv":[8.875,6.375,9.0,6.625],"rotation":0,"texture":"#4","tintindex":0},"up":{"uv":[6.875,9.0,6.625,8.875],"rotation":0,"texture":"#4","tintindex":0},"down":{"uv":[9.125,6.625,8.875,6.75],"rotation":0,"texture":"#4","tintindex":0}}},{"from":[4.7495966,8.0,6.8341966],"to":[4.7495966,10.857143,8.548483],"rotation":{"angle":-22.5,"axis":"y","origin":[4.7495966,10.285714,7.6913395]},"faces":{"east":{"uv":[1.875,8.25,2.25,8.875],"rotation":0,"texture":"#4","tintindex":0},"south":{"uv":[0.0,0.0,0.0,0.625],"rotation":0,"texture":"#4","tintindex":0},"north":{"uv":[0.0,0.0,0.0,0.625],"rotation":0,"texture":"#4","tintindex":0},"west":{"uv":[8.25,2.75,8.625,3.375],"rotation":0,"texture":"#4","tintindex":0},"up":{"uv":[0.0,0.375,0.0,0.0],"rotation":0,"texture":"#4","tintindex":0},"down":{"uv":[0.0,0.0,0.0,0.375],"rotation":0,"texture":"#4","tintindex":0}}},{"from":[10.064049,8.0,6.3968444],"to":[10.064049,10.857143,8.11113],"rotation":{"angle":22.5,"axis":"y","origin":[11.119911,10.285714,7.6913395]},"faces":{"east":{"uv":[2.875,8.25,3.25,8.875],"rotation":0,"texture":"#4","tintindex":0},"south":{"uv":[0.0,0.0,0.0,0.625],"rotation":0,"texture":"#4","tintindex":0},"north":{"uv":[0.0,0.0,0.0,0.625],"rotation":0,"texture":"#4","tintindex":0},"west":{"uv":[8.25,5.625,8.625,6.25],"rotation":0,"texture":"#4","tintindex":0},"up":{"uv":[0.0,0.375,0.0,0.0],"rotation":0,"texture":"#4","tintindex":0},"down":{"uv":[0.0,0.0,0.0,0.375],"rotation":0,"texture":"#4","tintindex":0}}}],"textures":{"4":"modelengine:entity/pirate_crew_variations"},"display":{"head":{"translation":[0.0,-6.4,0.0],"scale":[4.0,4.0,4.0]}}}