{"elements":[{"from":[4.837186,9.428572,7.250998],"to":[5.408614,11.142858,8.393855],"rotation":{"angle":-22.5,"axis":"y","origin":[5.1229,10.285714,7.8224263]},"faces":{"east":{"uv":[8.5,4.75,8.75,5.125],"rotation":0,"texture":"#4","tintindex":0},"south":{"uv":[4.5,8.75,4.625,9.125],"rotation":0,"texture":"#4","tintindex":0},"north":{"uv":[8.75,4.375,8.875,4.75],"rotation":0,"texture":"#4","tintindex":0},"west":{"uv":[4.875,8.5,5.125,8.875],"rotation":0,"texture":"#4","tintindex":0},"up":{"uv":[0.5,9.125,0.375,8.875],"rotation":0,"texture":"#4","tintindex":0},"down":{"uv":[0.625,8.875,0.5,9.125],"rotation":0,"texture":"#4","tintindex":0}}},{"from":[9.405031,9.428572,6.8136454],"to":[9.9764595,11.142858,7.9565024],"rotation":{"angle":22.5,"axis":"y","origin":[10.746608,10.285714,7.8224263]},"faces":{"east":{"uv":[5.125,8.5,5.375,8.875],"rotation":0,"texture":"#4","tintindex":0},"south":{"uv":[4.75,8.75,4.875,9.125],"rotation":0,"texture":"#4","tintindex":0},"north":{"uv":[4.625,8.75,4.75,9.125],"rotation":0,"texture":"#4","tintindex":0},"west":{"uv":[8.5,5.125,8.75,5.5],"rotation":0,"texture":"#4","tintindex":0},"up":{"uv":[9.0,0.75,8.875,0.5],"rotation":0,"texture":"#4","tintindex":0},"down":{"uv":[9.0,0.75,8.875,1.0],"rotation":0,"texture":"#4","tintindex":0}}},{"from":[5.077611,8.0,5.185157],"to":[9.649039,12.571428,9.756586],"rotation":{"angle":0.0,"axis":"y","origin":[7.363325,-5.714287,7.4708714]},"faces":{"east":{"uv":[3.0,0.0,4.0,1.0],"rotation":0,"texture":"#4","tintindex":0},"south":{"uv":[3.0,1.0,4.0,2.0],"rotation":0,"texture":"#4","tintindex":0},"north":{"uv":[1.0,2.5,2.0,3.5],"rotation":0,"texture":"#4","tintindex":0},"west":{"uv":[2.0,3.0,3.0,4.0],"rotation":0,"texture":"#4","tintindex":0},"up":{"uv":[4.0,3.0,3.0,2.0],"rotation":0,"texture":"#4","tintindex":0},"down":{"uv":[4.0,3.0,3.0,4.0],"rotation":0,"texture":"#4","tintindex":0}}},{"from":[5.0649295,11.440445,4.4152737],"to":[5.0649295,13.726159,8.986702],"rotation":{"angle":45.0,"axis":"z","origin":[4.269085,13.379147,7.4708714]},"faces":{"east":{"uv":[5.125,6.75,6.125,7.25],"rotation":0,"texture":"#4","tintindex":0},"south":{"uv":[0.0,0.0,0.0,0.5],"rotation":0,"texture":"#4","tintindex":0},"north":{"uv":[0.0,0.0,0.0,0.5],"rotation":0,"texture":"#4","tintindex":0},"west":{"uv":[6.125,6.875,7.125,7.375],"rotation":0,"texture":"#4","tintindex":0},"up":{"uv":[0.0,1.0,0.0,0.0],"rotation":0,"texture":"#4","tintindex":0},"down":{"uv":[0.0,0.0,0.0,1.0],"rotation":0,"texture":"#4","tintindex":0}}},{"from":[6.791897,9.077017,4.8541536],"to":[7.934754,10.219873,5.425582],"rotation":{"angle":22.5,"axis":"x","origin":[7.363325,9.648445,5.139868]},"faces":{"east":{"uv":[8.875,1.0,9.0,1.25],"rotation":0,"texture":"#4","tintindex":0},"south":{"uv":[8.25,1.25,8.5,1.5],"rotation":0,"texture":"#4","tintindex":0},"north":{"uv":[6.625,8.125,6.875,8.375],"rotation":0,"texture":"#4","tintindex":0},"west":{"uv":[8.875,1.25,9.0,1.5],"rotation":0,"texture":"#4","tintindex":0},"up":{"uv":[7.75,5.5,7.5,5.375],"rotation":0,"texture":"#4","tintindex":0},"down":{"uv":[9.125,1.5,8.875,1.625],"rotation":0,"texture":"#4","tintindex":0}}}],"textures":{"4":"modelengine:entity/pirate_crew_variations"},"display":{"head":{"translation":[0.0,-6.4,0.0],"scale":[4.0,4.0,4.0]}}}