{"elements":[{"from":[5.077611,5.2516003,4.638467],"to":[9.649039,8.108744,4.638467],"rotation":{"angle":22.5,"axis":"x","origin":[7.363325,6.680172,4.638467]},"faces":{"east":{"uv":[0.0,0.0,0.0,0.625],"rotation":0,"texture":"#4","tintindex":0},"south":{"uv":[6.0,4.875,7.0,5.5],"rotation":0,"texture":"#4","tintindex":0},"north":{"uv":[4.625,6.0,5.625,6.625],"rotation":0,"texture":"#4","tintindex":0},"west":{"uv":[0.0,0.0,0.0,0.625],"rotation":0,"texture":"#4","tintindex":0},"up":{"uv":[1.0,0.0,0.0,0.0],"rotation":0,"texture":"#4","tintindex":0},"down":{"uv":[1.0,0.0,0.0,0.0],"rotation":0,"texture":"#4","tintindex":0}}},{"from":[4.837186,9.428572,7.250998],"to":[5.408614,11.142858,8.393855],"rotation":{"angle":-22.5,"axis":"y","origin":[5.1229,10.285714,7.8224263]},"faces":{"east":{"uv":[3.375,6.75,3.625,7.125],"rotation":0,"texture":"#4","tintindex":0},"south":{"uv":[8.0,5.0,8.125,5.375],"rotation":0,"texture":"#4","tintindex":0},"north":{"uv":[1.875,7.875,2.0,8.25],"rotation":0,"texture":"#4","tintindex":0},"west":{"uv":[4.875,8.125,5.125,8.5],"rotation":0,"texture":"#4","tintindex":0},"up":{"uv":[3.375,8.5,3.25,8.25],"rotation":0,"texture":"#4","tintindex":0},"down":{"uv":[8.5,4.75,8.375,5.0],"rotation":0,"texture":"#4","tintindex":0}}},{"from":[9.405031,9.428572,6.8136454],"to":[9.9764595,11.142858,7.9565024],"rotation":{"angle":22.5,"axis":"y","origin":[10.746608,10.285714,7.8224263]},"faces":{"east":{"uv":[2.25,8.25,2.5,8.625],"rotation":0,"texture":"#4","tintindex":0},"south":{"uv":[2.75,8.75,2.875,9.125],"rotation":0,"texture":"#4","tintindex":0},"north":{"uv":[1.375,8.625,1.5,9.0],"rotation":0,"texture":"#4","tintindex":0},"west":{"uv":[7.375,8.375,7.625,8.75],"rotation":0,"texture":"#4","tintindex":0},"up":{"uv":[0.375,9.125,0.25,8.875],"rotation":0,"texture":"#4","tintindex":0},"down":{"uv":[9.0,0.25,8.875,0.5],"rotation":0,"texture":"#4","tintindex":0}}},{"from":[5.077611,8.0,5.185157],"to":[9.649039,12.571428,9.756586],"rotation":{"angle":0.0,"axis":"y","origin":[7.363325,-5.714287,7.4708714]},"faces":{"east":{"uv":[1.0,1.5,2.0,2.5],"rotation":0,"texture":"#4","tintindex":0},"south":{"uv":[2.0,0.0,3.0,1.0],"rotation":0,"texture":"#4","tintindex":0},"north":{"uv":[0.0,1.5,1.0,2.5],"rotation":0,"texture":"#4","tintindex":0},"west":{"uv":[2.0,1.0,3.0,2.0],"rotation":0,"texture":"#4","tintindex":0},"up":{"uv":[3.0,3.0,2.0,2.0],"rotation":0,"texture":"#4","tintindex":0},"down":{"uv":[1.0,2.5,0.0,3.5],"rotation":0,"texture":"#4","tintindex":0}}},{"from":[6.791897,9.077017,4.8541536],"to":[7.934754,10.219873,5.425582],"rotation":{"angle":22.5,"axis":"x","origin":[7.363325,9.648445,5.139868]},"faces":{"east":{"uv":[4.0,8.5,4.125,8.75],"rotation":0,"texture":"#4","tintindex":0},"south":{"uv":[6.875,7.375,7.125,7.625],"rotation":0,"texture":"#4","tintindex":0},"north":{"uv":[3.375,7.125,3.625,7.375],"rotation":0,"texture":"#4","tintindex":0},"west":{"uv":[8.75,8.625,8.875,8.875],"rotation":0,"texture":"#4","tintindex":0},"up":{"uv":[6.125,7.375,5.875,7.25],"rotation":0,"texture":"#4","tintindex":0},"down":{"uv":[7.625,6.75,7.375,6.875],"rotation":0,"texture":"#4","tintindex":0}}},{"from":[4.7495966,8.0,6.8341966],"to":[4.7495966,10.857143,8.548483],"rotation":{"angle":-22.5,"axis":"y","origin":[4.7495966,10.285714,7.6913395]},"faces":{"east":{"uv":[7.75,5.375,8.125,6.0],"rotation":0,"texture":"#4","tintindex":0},"south":{"uv":[0.0,0.0,0.0,0.625],"rotation":0,"texture":"#4","tintindex":0},"north":{"uv":[0.0,0.0,0.0,0.625],"rotation":0,"texture":"#4","tintindex":0},"west":{"uv":[1.5,7.875,1.875,8.5],"rotation":0,"texture":"#4","tintindex":0},"up":{"uv":[0.0,0.375,0.0,0.0],"rotation":0,"texture":"#4","tintindex":0},"down":{"uv":[0.0,0.0,0.0,0.375],"rotation":0,"texture":"#4","tintindex":0}}},{"from":[10.064049,8.0,6.3968444],"to":[10.064049,10.857143,8.11113],"rotation":{"angle":22.5,"axis":"y","origin":[11.119911,10.285714,7.6913395]},"faces":{"east":{"uv":[3.375,7.875,3.75,8.5],"rotation":0,"texture":"#4","tintindex":0},"south":{"uv":[0.0,0.0,0.0,0.625],"rotation":0,"texture":"#4","tintindex":0},"north":{"uv":[0.0,0.0,0.0,0.625],"rotation":0,"texture":"#4","tintindex":0},"west":{"uv":[3.75,7.875,4.125,8.5],"rotation":0,"texture":"#4","tintindex":0},"up":{"uv":[0.0,0.375,0.0,0.0],"rotation":0,"texture":"#4","tintindex":0},"down":{"uv":[0.0,0.0,0.0,0.375],"rotation":0,"texture":"#4","tintindex":0}}}],"textures":{"4":"modelengine:entity/pirate_crew_variations"},"display":{"head":{"translation":[0.0,-6.4,0.0],"scale":[4.0,4.0,4.0]}}}