{"elements":[{"from":[6.5714283,5.714286,7.428571],"to":[9.428572,8.0,10.857143],"rotation":{"angle":0.0,"axis":"y","origin":[9.428572,6.857143,9.142858]},"faces":{"east":{"uv":[7.0,1.5,7.75,2.0],"rotation":0,"texture":"#4","tintindex":0},"south":{"uv":[7.625,0.5,8.25,1.0],"rotation":0,"texture":"#4","tintindex":0},"north":{"uv":[7.625,0.0,8.25,0.5],"rotation":0,"texture":"#4","tintindex":0},"west":{"uv":[7.0,5.5,7.75,6.0],"rotation":0,"texture":"#4","tintindex":0},"up":{"uv":[7.625,0.75,7.0,0.0],"rotation":0,"texture":"#4","tintindex":0},"down":{"uv":[7.625,0.75,7.0,1.5],"rotation":0,"texture":"#4","tintindex":0}}},{"from":[7.142857,4.0,8.0],"to":[8.857143,7.428571,10.285714],"rotation":{"angle":0.0,"axis":"y","origin":[9.428572,5.142857,8.571428]},"faces":{"east":{"uv":[1.5,7.125,2.0,7.875],"rotation":0,"texture":"#4","tintindex":0},"south":{"uv":[7.625,7.5,8.0,8.25],"rotation":0,"texture":"#4","tintindex":0},"north":{"uv":[7.25,7.625,7.625,8.375],"rotation":0,"texture":"#4","tintindex":0},"west":{"uv":[7.125,6.875,7.625,7.625],"rotation":0,"texture":"#4","tintindex":0},"up":{"uv":[7.375,8.875,7.0,8.375],"rotation":0,"texture":"#4","tintindex":0},"down":{"uv":[8.75,7.125,8.375,7.625],"rotation":0,"texture":"#4","tintindex":0}}},{"from":[7.142857,4.0,7.428571],"to":[8.857143,5.142857,8.0],"rotation":{"angle":0.0,"axis":"y","origin":[9.428572,5.142857,8.571428]},"faces":{"east":{"uv":[8.875,2.625,9.0,2.875],"rotation":0,"texture":"#4","tintindex":0},"south":{"uv":[7.625,4.5,8.0,4.75],"rotation":0,"texture":"#4","tintindex":0},"north":{"uv":[6.625,3.25,7.0,3.5],"rotation":0,"texture":"#4","tintindex":0},"west":{"uv":[2.875,8.875,3.0,9.125],"rotation":0,"texture":"#4","tintindex":0},"up":{"uv":[6.0,6.125,5.625,6.0],"rotation":0,"texture":"#4","tintindex":0},"down":{"uv":[7.375,6.0,7.0,6.125],"rotation":0,"texture":"#4","tintindex":0}}}],"textures":{"4":"modelengine:entity/pirate_crew_variations"},"display":{"head":{"translation":[0.0,-6.4,0.0],"scale":[4.0,4.0,4.0]}}}