{"elements":[{"from":[6.285714,5.0353107,6.880089],"to":[8.0,8.463882,9.165803],"rotation":{"angle":0.0,"axis":"y","origin":[7.428571,7.3210254,7.4515176]},"faces":{"east":{"uv":[7.0,4.75,7.5,5.5],"rotation":0,"texture":"#4","tintindex":0},"south":{"uv":[7.625,3.75,8.0,4.5],"rotation":0,"texture":"#4","tintindex":0},"north":{"uv":[3.0,7.5,3.375,8.25],"rotation":0,"texture":"#4","tintindex":0},"west":{"uv":[0.0,7.125,0.5,7.875],"rotation":0,"texture":"#4","tintindex":0},"up":{"uv":[8.125,2.0,7.75,1.5],"rotation":0,"texture":"#4","tintindex":0},"down":{"uv":[8.0,8.25,7.625,8.75],"rotation":0,"texture":"#4","tintindex":0}}}],"textures":{"4":"modelengine:entity/pirate_crew_variations"},"display":{"head":{"translation":[0.0,-6.4,0.0],"scale":[4.0,4.0,4.0]}}}