{"elements":[{"from":[7.0857143,4.5714283,5.714286],"to":[8.8,8.0,8.0],"rotation":{"angle":0.0,"axis":"y","origin":[8.228572,5.714286,6.285714]},"faces":{"east":{"uv":[5.875,7.375,6.375,8.125],"rotation":0,"texture":"#4","tintindex":0},"south":{"uv":[0.375,7.875,0.75,8.625],"rotation":0,"texture":"#4","tintindex":0},"north":{"uv":[0.0,7.875,0.375,8.625],"rotation":0,"texture":"#4","tintindex":0},"west":{"uv":[7.375,6.0,7.875,6.75],"rotation":0,"texture":"#4","tintindex":0},"up":{"uv":[8.875,2.25,8.5,1.75],"rotation":0,"texture":"#4","tintindex":0},"down":{"uv":[8.875,2.25,8.5,2.75],"rotation":0,"texture":"#4","tintindex":0}}},{"from":[7.9428573,1.1428566,5.428571],"to":[7.9428573,4.5714283,8.857143],"rotation":{"angle":0.0,"axis":"y","origin":[8.228572,5.714286,6.285714]},"faces":{"east":{"uv":[3.625,6.625,4.375,7.375],"rotation":0,"texture":"#4","tintindex":0},"south":{"uv":[0.0,0.0,0.0,0.75],"rotation":0,"texture":"#4","tintindex":0},"north":{"uv":[0.0,0.0,0.0,0.75],"rotation":0,"texture":"#4","tintindex":0},"west":{"uv":[4.375,6.625,5.125,7.375],"rotation":0,"texture":"#4","tintindex":0},"up":{"uv":[0.0,0.75,0.0,0.0],"rotation":0,"texture":"#4","tintindex":0},"down":{"uv":[0.0,0.0,0.0,0.75],"rotation":0,"texture":"#4","tintindex":0}}}],"textures":{"4":"modelengine:entity/pirate_crew_variations"},"display":{"head":{"translation":[0.0,-6.4,0.0],"scale":[4.0,4.0,4.0]}}}