{"elements":[{"from":[7.20689,5.3369493,6.8818665],"to":[8.921176,8.194093,9.167581],"rotation":{"angle":0.0,"axis":"y","origin":[9.492604,7.622664,7.453295]},"faces":{"east":{"uv":[2.5,7.5,3.0,8.125],"rotation":0,"texture":"#4","tintindex":0},"south":{"uv":[8.0,7.875,8.375,8.5],"rotation":0,"texture":"#4","tintindex":0},"north":{"uv":[8.0,7.25,8.375,7.875],"rotation":0,"texture":"#4","tintindex":0},"west":{"uv":[7.5,4.75,8.0,5.375],"rotation":0,"texture":"#4","tintindex":0},"up":{"uv":[7.0,8.875,6.625,8.375],"rotation":0,"texture":"#4","tintindex":0},"down":{"uv":[8.75,6.625,8.375,7.125],"rotation":0,"texture":"#4","tintindex":0}}}],"textures":{"4":"modelengine:entity/pirate_crew_variations"},"display":{"head":{"translation":[0.0,-6.4,0.0],"scale":[4.0,4.0,4.0]}}}