{"elements":[{"from":[7.2,4.5714283,5.714286],"to":[8.914286,8.0,8.0],"rotation":{"angle":0.0,"axis":"y","origin":[7.7714286,5.714286,6.285714]},"faces":{"east":{"uv":[6.375,7.375,6.875,8.125],"rotation":0,"texture":"#4","tintindex":0},"south":{"uv":[1.125,7.875,1.5,8.625],"rotation":0,"texture":"#4","tintindex":0},"north":{"uv":[0.75,7.875,1.125,8.625],"rotation":0,"texture":"#4","tintindex":0},"west":{"uv":[2.0,7.5,2.5,8.25],"rotation":0,"texture":"#4","tintindex":0},"up":{"uv":[3.625,9.0,3.25,8.5],"rotation":0,"texture":"#4","tintindex":0},"down":{"uv":[4.0,8.5,3.625,9.0],"rotation":0,"texture":"#4","tintindex":0}}},{"from":[8.057143,1.1428566,5.428571],"to":[8.057143,4.5714283,8.857143],"rotation":{"angle":0.0,"axis":"y","origin":[7.7714286,5.714286,6.285714]},"faces":{"east":{"uv":[6.625,6.125,7.375,6.875],"rotation":0,"texture":"#4","tintindex":0},"south":{"uv":[0.0,0.0,0.0,0.75],"rotation":0,"texture":"#4","tintindex":0},"north":{"uv":[0.0,0.0,0.0,0.75],"rotation":0,"texture":"#4","tintindex":0},"west":{"uv":[2.625,6.75,3.375,7.5],"rotation":0,"texture":"#4","tintindex":0},"up":{"uv":[0.0,0.75,0.0,0.0],"rotation":0,"texture":"#4","tintindex":0},"down":{"uv":[0.0,0.0,0.0,0.75],"rotation":0,"texture":"#4","tintindex":0}}}],"textures":{"4":"modelengine:entity/pirate_crew_variations"},"display":{"head":{"translation":[0.0,-6.4,0.0],"scale":[4.0,4.0,4.0]}}}