{"elements":[{"from":[6.5714283,5.714286,7.428571],"to":[9.428572,8.0,10.857143],"rotation":{"angle":0.0,"axis":"y","origin":[6.5714283,6.857143,9.142858]},"faces":{"east":{"uv":[5.125,7.25,5.875,7.75],"rotation":0,"texture":"#4","tintindex":0},"south":{"uv":[7.625,3.25,8.25,3.75],"rotation":0,"texture":"#4","tintindex":0},"north":{"uv":[7.625,1.0,8.25,1.5],"rotation":0,"texture":"#4","tintindex":0},"west":{"uv":[3.375,7.375,4.125,7.875],"rotation":0,"texture":"#4","tintindex":0},"up":{"uv":[7.625,4.0,7.0,3.25],"rotation":0,"texture":"#4","tintindex":0},"down":{"uv":[7.625,4.0,7.0,4.75],"rotation":0,"texture":"#4","tintindex":0}}},{"from":[7.142857,4.0,8.0],"to":[8.857143,7.428571,10.285714],"rotation":{"angle":0.0,"axis":"y","origin":[6.5714283,5.142857,8.571428]},"faces":{"east":{"uv":[4.125,7.375,4.625,8.125],"rotation":0,"texture":"#4","tintindex":0},"south":{"uv":[5.5,7.75,5.875,8.5],"rotation":0,"texture":"#4","tintindex":0},"north":{"uv":[5.125,7.75,5.5,8.5],"rotation":0,"texture":"#4","tintindex":0},"west":{"uv":[4.625,7.375,5.125,8.125],"rotation":0,"texture":"#4","tintindex":0},"up":{"uv":[8.875,1.75,8.5,1.25],"rotation":0,"texture":"#4","tintindex":0},"down":{"uv":[1.875,8.5,1.5,9.0],"rotation":0,"texture":"#4","tintindex":0}}},{"from":[7.142857,4.0,7.428571],"to":[8.857143,5.142857,8.0],"rotation":{"angle":0.0,"axis":"y","origin":[6.5714283,5.142857,8.571428]},"faces":{"east":{"uv":[8.875,2.875,9.0,3.125],"rotation":0,"texture":"#4","tintindex":0},"south":{"uv":[0.25,8.625,0.625,8.875],"rotation":0,"texture":"#4","tintindex":0},"north":{"uv":[8.625,0.0,9.0,0.25],"rotation":0,"texture":"#4","tintindex":0},"west":{"uv":[3.0,8.875,3.125,9.125],"rotation":0,"texture":"#4","tintindex":0},"up":{"uv":[6.5,8.875,6.125,8.75],"rotation":0,"texture":"#4","tintindex":0},"down":{"uv":[9.125,6.25,8.75,6.375],"rotation":0,"texture":"#4","tintindex":0}}}],"textures":{"4":"modelengine:entity/pirate_crew_variations"},"display":{"head":{"translation":[0.0,-6.4,0.0],"scale":[4.0,4.0,4.0]}}}