{"elements":[{"from":[8.0,5.0353107,6.880089],"to":[9.714286,8.463882,9.165803],"rotation":{"angle":0.0,"axis":"y","origin":[8.571428,7.3210254,7.4515176]},"faces":{"east":{"uv":[0.5,7.125,1.0,7.875],"rotation":0,"texture":"#4","tintindex":0},"south":{"uv":[6.875,7.625,7.25,8.375],"rotation":0,"texture":"#4","tintindex":0},"north":{"uv":[7.625,6.75,8.0,7.5],"rotation":0,"texture":"#4","tintindex":0},"west":{"uv":[1.0,7.125,1.5,7.875],"rotation":0,"texture":"#4","tintindex":0},"up":{"uv":[8.75,4.25,8.375,3.75],"rotation":0,"texture":"#4","tintindex":0},"down":{"uv":[8.75,4.25,8.375,4.75],"rotation":0,"texture":"#4","tintindex":0}}}],"textures":{"4":"modelengine:entity/pirate_crew_variations"},"display":{"head":{"translation":[0.0,-6.4,0.0],"scale":[4.0,4.0,4.0]}}}