{"elements":[{"from":[7.1484895,6.714286,6.2913465],"to":[8.862775,9.0,8.005632],"rotation":{"angle":0.0,"axis":"y","origin":[4.2913465,5.5714283,1.148489]},"faces":{"east":{"uv":[8.5,5.5,9.25,6.5],"rotation":0,"texture":"#5","tintindex":0},"south":{"uv":[7.0,8.5,7.75,9.5],"rotation":0,"texture":"#5","tintindex":0},"north":{"uv":[9.0,1.0,9.75,2.0],"rotation":0,"texture":"#5","tintindex":0},"west":{"uv":[1.0,9.0,1.75,10.0],"rotation":0,"texture":"#5","tintindex":0},"up":{"uv":[2.5,9.75,1.75,9.0],"rotation":90,"texture":"#5","tintindex":0},"down":{"uv":[9.75,2.0,9.0,2.75],"rotation":270,"texture":"#5","tintindex":0}}},{"from":[8.066365,5.9956574,1.1446557],"to":[8.066365,8.8528,4.001799],"rotation":{"angle":0.0,"axis":"y","origin":[4.2913465,5.5714283,1.148489]},"faces":{"east":{"uv":[14.75,2.75,16.0,4.0],"rotation":0,"texture":"#5","tintindex":0},"south":{"uv":[9.0,8.0,9.0,9.25],"rotation":0,"texture":"#5","tintindex":0},"north":{"uv":[12.0,2.5,12.0,3.75],"rotation":0,"texture":"#5","tintindex":0},"west":{"uv":[16.0,2.75,14.75,4.0],"rotation":0,"texture":"#5","tintindex":0},"up":{"uv":[10.25,5.0,9.0,5.0],"rotation":90,"texture":"#5","tintindex":0},"down":{"uv":[10.25,6.5,9.0,6.5],"rotation":270,"texture":"#5","tintindex":0}}},{"from":[6.658038,6.1370673,4.000521],"to":[9.515181,9.565639,6.286236],"rotation":{"angle":0.0,"axis":"y","origin":[4.2913465,5.5714283,1.148489]},"faces":{"east":{"uv":[11.0,0.0,12.0,1.5],"rotation":0,"texture":"#5","tintindex":0},"south":{"uv":[13.0,0.0,14.25,1.5],"rotation":0,"texture":"#5","tintindex":0},"north":{"uv":[9.75,0.0,11.0,1.5],"rotation":0,"texture":"#5","tintindex":0},"west":{"uv":[12.0,0.0,13.0,1.5],"rotation":0,"texture":"#5","tintindex":0},"up":{"uv":[15.25,1.25,14.25,0.0],"rotation":90,"texture":"#5","tintindex":0},"down":{"uv":[10.75,1.5,9.75,2.75],"rotation":270,"texture":"#5","tintindex":0}}}],"textures":{"5":"modelengine:entity/piratepack_crab"},"display":{"head":{"translation":[0.0,-6.4,0.0],"scale":[4.0,4.0,4.0]}}}