{"elements":[{"from":[7.078824,5.3369493,6.8818665],"to":[8.79311,8.194093,9.167581],"rotation":{"angle":0.0,"axis":"y","origin":[6.5073957,7.622664,7.453295]},"faces":{"east":{"uv":[7.625,2.0,8.125,2.625],"rotation":0,"texture":"#4","tintindex":0},"south":{"uv":[8.125,2.125,8.5,2.75],"rotation":0,"texture":"#4","tintindex":0},"north":{"uv":[8.125,1.5,8.5,2.125],"rotation":0,"texture":"#4","tintindex":0},"west":{"uv":[7.625,2.625,8.125,3.25],"rotation":0,"texture":"#4","tintindex":0},"up":{"uv":[8.75,8.125,8.375,7.625],"rotation":0,"texture":"#4","tintindex":0},"down":{"uv":[8.75,8.125,8.375,8.625],"rotation":0,"texture":"#4","tintindex":0}}}],"textures":{"4":"modelengine:entity/pirate_crew_variations"},"display":{"head":{"translation":[0.0,-6.4,0.0],"scale":[4.0,4.0,4.0]}}}