{"elements":[{"from":[5.714286,6.857143,6.285714],"to":[10.285714,13.714286,9.142858],"rotation":{"angle":0.0,"axis":"y","origin":[8.0,12.571428,7.428571]},"faces":{"east":{"uv":[2.0,6.0,2.625,7.5],"rotation":0,"texture":"#4","tintindex":0},"south":{"uv":[1.0,0.0,2.0,1.5],"rotation":0,"texture":"#4","tintindex":0},"north":{"uv":[0.0,0.0,1.0,1.5],"rotation":0,"texture":"#4","tintindex":0},"west":{"uv":[6.0,2.0,6.625,3.5],"rotation":0,"texture":"#4","tintindex":0},"up":{"uv":[4.625,6.625,3.625,6.0],"rotation":0,"texture":"#4","tintindex":0},"down":{"uv":[7.0,4.25,6.0,4.875],"rotation":0,"texture":"#4","tintindex":0}}},{"from":[6.857143,7.714286,5.714286],"to":[9.142858,9.428572,6.285714],"rotation":{"angle":0.0,"axis":"y","origin":[8.0,12.571428,7.428571]},"faces":{"east":{"uv":[8.125,2.75,8.25,3.125],"rotation":0,"texture":"#4","tintindex":0},"south":{"uv":[8.25,6.25,8.75,6.625],"rotation":0,"texture":"#4","tintindex":0},"north":{"uv":[8.25,3.375,8.75,3.75],"rotation":0,"texture":"#4","tintindex":0},"west":{"uv":[8.125,5.625,8.25,6.0],"rotation":0,"texture":"#4","tintindex":0},"up":{"uv":[5.625,6.75,5.125,6.625],"rotation":0,"texture":"#4","tintindex":0},"down":{"uv":[6.625,6.75,6.125,6.875],"rotation":0,"texture":"#4","tintindex":0}}}],"textures":{"4":"modelengine:entity/pirate_crew_variations"},"display":{"head":{"translation":[0.0,-6.4,0.0],"scale":[4.0,4.0,4.0]}}}