{"elements":[{"from":[6.0,-0.47619057,7.8095236],"to":[10.0,9.809524,10.095238],"rotation":{"angle":0.0,"axis":"y","origin":[12.571428,3.2380953,7.8095236]},"faces":{"east":{"uv":[7.5,0.0,8.5,4.5],"rotation":0,"texture":"#0","tintindex":0},"south":{"uv":[4.0,4.5,5.75,9.0],"rotation":0,"texture":"#0","tintindex":0},"north":{"uv":[4.0,0.0,5.75,4.5],"rotation":0,"texture":"#0","tintindex":0},"west":{"uv":[0.0,8.0,1.0,12.5],"rotation":0,"texture":"#0","tintindex":0},"up":{"uv":[10.25,4.0,8.5,3.0],"rotation":0,"texture":"#0","tintindex":0},"down":{"uv":[10.5,6.5,8.75,7.5],"rotation":0,"texture":"#0","tintindex":0}}},{"from":[6.0,-2.1904774,4.380952],"to":[10.0,5.8095236,7.8095236],"rotation":{"angle":0.0,"axis":"y","origin":[12.571428,3.2380953,7.8095236]},"faces":{"east":{"uv":[5.75,7.0,7.25,10.5],"rotation":0,"texture":"#0","tintindex":0},"south":{"uv":[5.75,3.5,7.5,7.0],"rotation":0,"texture":"#0","tintindex":0},"north":{"uv":[5.75,0.0,7.5,3.5],"rotation":0,"texture":"#0","tintindex":0},"west":{"uv":[7.25,7.0,8.75,10.5],"rotation":0,"texture":"#0","tintindex":0},"up":{"uv":[2.75,9.5,1.0,8.0],"rotation":0,"texture":"#0","tintindex":0},"down":{"uv":[10.25,0.0,8.5,1.5],"rotation":0,"texture":"#0","tintindex":0}}},{"from":[4.285714,-2.1904774,7.8095236],"to":[11.714286,-0.47619057,10.095238],"rotation":{"angle":0.0,"axis":"y","origin":[12.571428,3.2380953,7.8095236]},"faces":{"east":{"uv":[10.75,8.5,11.75,9.25],"rotation":0,"texture":"#0","tintindex":0},"south":{"uv":[8.5,2.25,11.75,3.0],"rotation":0,"texture":"#0","tintindex":0},"north":{"uv":[8.5,1.5,11.75,2.25],"rotation":0,"texture":"#0","tintindex":0},"west":{"uv":[10.75,9.25,11.75,10.0],"rotation":0,"texture":"#0","tintindex":0},"up":{"uv":[10.75,5.5,7.5,4.5],"rotation":0,"texture":"#0","tintindex":0},"down":{"uv":[10.75,5.5,7.5,6.5],"rotation":0,"texture":"#0","tintindex":0}}}],"textures":{"0":"modelengine:entity/piratepack_steeringwheel"},"display":{"head":{"translation":[0.0,-6.4,0.0],"scale":[4.0,4.0,4.0]}}}