{"elements":[{"from":[11.428572,6.106452,7.4444447],"to":[12.571428,9.893548,8.587301],"rotation":{"angle":45.0,"axis":"z","origin":[8.0,8.0,8.015873]},"faces":{"east":{"uv":[1.0,9.5,1.5,11.25],"rotation":0,"texture":"#0","tintindex":0},"south":{"uv":[1.5,9.5,2.0,11.25],"rotation":0,"texture":"#0","tintindex":0},"north":{"uv":[2.0,9.5,1.5,11.25],"rotation":0,"texture":"#0","tintindex":0},"west":{"uv":[2.0,9.5,2.5,11.25],"rotation":0,"texture":"#0","tintindex":0},"up":{"uv":[8.25,11.5,7.75,11.0],"rotation":0,"texture":"#0","tintindex":0},"down":{"uv":[10.75,11.0,10.25,11.5],"rotation":0,"texture":"#0","tintindex":0}}},{"from":[11.428572,6.106452,7.4444447],"to":[12.571428,9.893548,8.587301],"rotation":{"angle":0.0,"axis":"y","origin":[8.0,8.0,8.015873]},"faces":{"east":{"uv":[3.0,9.5,3.5,11.25],"rotation":0,"texture":"#0","tintindex":0},"south":{"uv":[9.75,9.0,10.25,10.75],"rotation":0,"texture":"#0","tintindex":0},"north":{"uv":[10.25,9.0,9.75,10.75],"rotation":0,"texture":"#0","tintindex":0},"west":{"uv":[4.25,10.0,4.75,11.75],"rotation":0,"texture":"#0","tintindex":0},"up":{"uv":[1.5,11.75,1.0,11.25],"rotation":0,"texture":"#0","tintindex":0},"down":{"uv":[2.0,11.25,1.5,11.75],"rotation":0,"texture":"#0","tintindex":0}}},{"from":[3.4285712,6.106452,7.4444447],"to":[4.5714283,9.893548,8.587301],"rotation":{"angle":45.0,"axis":"z","origin":[8.0,8.0,8.015873]},"faces":{"east":{"uv":[8.75,10.0,9.25,11.75],"rotation":0,"texture":"#0","tintindex":0},"south":{"uv":[9.25,10.0,9.75,11.75],"rotation":0,"texture":"#0","tintindex":0},"north":{"uv":[9.75,10.0,9.25,11.75],"rotation":0,"texture":"#0","tintindex":0},"west":{"uv":[10.25,7.5,10.75,9.25],"rotation":0,"texture":"#0","tintindex":0},"up":{"uv":[2.5,11.75,2.0,11.25],"rotation":0,"texture":"#0","tintindex":0},"down":{"uv":[3.0,11.25,2.5,11.75],"rotation":0,"texture":"#0","tintindex":0}}},{"from":[3.4285712,6.106452,7.4444447],"to":[4.5714283,9.893548,8.587301],"rotation":{"angle":0.0,"axis":"y","origin":[8.0,8.0,8.015873]},"faces":{"east":{"uv":[3.5,10.5,4.0,12.25],"rotation":0,"texture":"#0","tintindex":0},"south":{"uv":[5.75,10.5,6.25,12.25],"rotation":0,"texture":"#0","tintindex":0},"north":{"uv":[6.25,10.5,5.75,12.25],"rotation":0,"texture":"#0","tintindex":0},"west":{"uv":[6.25,10.5,6.75,12.25],"rotation":0,"texture":"#0","tintindex":0},"up":{"uv":[3.5,11.75,3.0,11.25],"rotation":0,"texture":"#0","tintindex":0},"down":{"uv":[7.25,11.5,6.75,12.0],"rotation":0,"texture":"#0","tintindex":0}}},{"from":[6.106452,3.4285712,7.4444447],"to":[9.893548,4.5714283,8.587301],"rotation":{"angle":45.0,"axis":"z","origin":[8.0,8.0,8.015873]},"faces":{"east":{"uv":[7.25,11.5,7.75,12.0],"rotation":0,"texture":"#0","tintindex":0},"south":{"uv":[10.25,0.0,12.0,0.5],"rotation":0,"texture":"#0","tintindex":0},"north":{"uv":[12.0,0.0,10.25,0.5],"rotation":0,"texture":"#0","tintindex":0},"west":{"uv":[7.75,11.5,8.25,12.0],"rotation":0,"texture":"#0","tintindex":0},"up":{"uv":[12.0,1.0,10.25,0.5],"rotation":0,"texture":"#0","tintindex":0},"down":{"uv":[12.0,1.0,10.25,1.5],"rotation":0,"texture":"#0","tintindex":0}}},{"from":[7.428571,4.5714283,7.4444447],"to":[8.571428,5.142857,8.587301],"rotation":{"angle":0.0,"axis":"y","origin":[12.571428,3.4285712,3.4444442]},"faces":{"east":{"uv":[11.75,2.25,12.25,2.5],"rotation":0,"texture":"#0","tintindex":0},"south":{"uv":[2.5,11.75,3.0,12.0],"rotation":0,"texture":"#0","tintindex":0},"north":{"uv":[11.75,2.0,12.25,2.25],"rotation":0,"texture":"#0","tintindex":0},"west":{"uv":[11.75,2.5,12.25,2.75],"rotation":0,"texture":"#0","tintindex":0},"up":{"uv":[12.0,10.5,11.5,10.0],"rotation":0,"texture":"#0","tintindex":0},"down":{"uv":[10.75,11.5,10.25,12.0],"rotation":0,"texture":"#0","tintindex":0}}},{"from":[7.428571,2.8571424,7.4444447],"to":[8.571428,3.4285712,8.587301],"rotation":{"angle":0.0,"axis":"y","origin":[12.571428,3.4285712,3.4444442]},"faces":{"east":{"uv":[3.0,11.75,3.5,12.0],"rotation":0,"texture":"#0","tintindex":0},"south":{"uv":[4.25,11.75,4.75,12.0],"rotation":0,"texture":"#0","tintindex":0},"north":{"uv":[11.75,2.75,12.25,3.0],"rotation":0,"texture":"#0","tintindex":0},"west":{"uv":[4.75,11.75,5.25,12.0],"rotation":0,"texture":"#0","tintindex":0},"up":{"uv":[12.0,11.0,11.5,10.5],"rotation":0,"texture":"#0","tintindex":0},"down":{"uv":[11.25,11.5,10.75,12.0],"rotation":0,"texture":"#0","tintindex":0}}},{"from":[7.714286,0.5714283,7.730159],"to":[8.285714,6.857143,8.301587],"rotation":{"angle":0.0,"axis":"y","origin":[12.571428,3.4285712,3.4444442]},"faces":{"east":{"uv":[8.5,10.5,8.75,13.25],"rotation":0,"texture":"#0","tintindex":0},"south":{"uv":[5.25,10.75,5.5,13.5],"rotation":0,"texture":"#0","tintindex":0},"north":{"uv":[4.0,10.5,4.25,13.25],"rotation":0,"texture":"#0","tintindex":0},"west":{"uv":[5.5,10.75,5.75,13.5],"rotation":0,"texture":"#0","tintindex":0},"up":{"uv":[8.75,6.75,8.5,6.5],"rotation":0,"texture":"#0","tintindex":0},"down":{"uv":[8.75,6.75,8.5,7.0],"rotation":0,"texture":"#0","tintindex":0}}},{"from":[7.428571,4.5714283,7.4444447],"to":[8.571428,5.142857,8.587301],"rotation":{"angle":-45.0,"axis":"z","origin":[8.0,8.0,8.015873]},"faces":{"east":{"uv":[11.75,2.25,12.25,2.5],"rotation":0,"texture":"#0","tintindex":0},"south":{"uv":[2.5,11.75,3.0,12.0],"rotation":0,"texture":"#0","tintindex":0},"north":{"uv":[11.75,2.0,12.25,2.25],"rotation":0,"texture":"#0","tintindex":0},"west":{"uv":[11.75,2.5,12.25,2.75],"rotation":0,"texture":"#0","tintindex":0},"up":{"uv":[12.0,10.5,11.5,10.0],"rotation":0,"texture":"#0","tintindex":0},"down":{"uv":[10.75,11.5,10.25,12.0],"rotation":0,"texture":"#0","tintindex":0}}},{"from":[7.714286,0.5714283,7.730159],"to":[8.285714,6.857143,8.301587],"rotation":{"angle":-45.0,"axis":"z","origin":[8.0,8.0,8.015873]},"faces":{"east":{"uv":[8.5,10.5,8.75,13.25],"rotation":0,"texture":"#0","tintindex":0},"south":{"uv":[5.25,10.75,5.5,13.5],"rotation":0,"texture":"#0","tintindex":0},"north":{"uv":[4.0,10.5,4.25,13.25],"rotation":0,"texture":"#0","tintindex":0},"west":{"uv":[5.5,10.75,5.75,13.5],"rotation":0,"texture":"#0","tintindex":0},"up":{"uv":[8.75,6.75,8.5,6.5],"rotation":0,"texture":"#0","tintindex":0},"down":{"uv":[8.75,6.75,8.5,7.0],"rotation":0,"texture":"#0","tintindex":0}}},{"from":[7.428571,2.8571424,7.4444447],"to":[8.571428,3.4285712,8.587301],"rotation":{"angle":-45.0,"axis":"z","origin":[8.0,8.0,8.015873]},"faces":{"east":{"uv":[3.0,11.75,3.5,12.0],"rotation":0,"texture":"#0","tintindex":0},"south":{"uv":[4.25,11.75,4.75,12.0],"rotation":0,"texture":"#0","tintindex":0},"north":{"uv":[11.75,2.75,12.25,3.0],"rotation":0,"texture":"#0","tintindex":0},"west":{"uv":[4.75,11.75,5.25,12.0],"rotation":0,"texture":"#0","tintindex":0},"up":{"uv":[12.0,11.0,11.5,10.5],"rotation":0,"texture":"#0","tintindex":0},"down":{"uv":[11.25,11.5,10.75,12.0],"rotation":0,"texture":"#0","tintindex":0}}},{"from":[4.5714283,7.428571,7.4444447],"to":[5.142857,8.571428,8.587301],"rotation":{"angle":0.0,"axis":"y","origin":[8.0,8.0,8.015873]},"faces":{"east":{"uv":[12.0,10.5,11.5,10.0],"rotation":90,"texture":"#0","tintindex":0},"south":{"uv":[2.5,11.75,3.0,12.0],"rotation":90,"texture":"#0","tintindex":0},"north":{"uv":[11.75,2.0,12.25,2.25],"rotation":270,"texture":"#0","tintindex":0},"west":{"uv":[10.75,11.5,10.25,12.0],"rotation":90,"texture":"#0","tintindex":0},"up":{"uv":[11.75,2.5,12.25,2.75],"rotation":90,"texture":"#0","tintindex":0},"down":{"uv":[11.75,2.25,12.25,2.5],"rotation":90,"texture":"#0","tintindex":0}}},{"from":[0.5714283,7.714286,7.730159],"to":[6.857143,8.285714,8.301587],"rotation":{"angle":0.0,"axis":"y","origin":[8.0,8.0,8.015873]},"faces":{"east":{"uv":[8.75,6.75,8.5,6.5],"rotation":90,"texture":"#0","tintindex":0},"south":{"uv":[5.25,10.75,5.5,13.5],"rotation":90,"texture":"#0","tintindex":0},"north":{"uv":[4.0,10.5,4.25,13.25],"rotation":270,"texture":"#0","tintindex":0},"west":{"uv":[8.75,6.75,8.5,7.0],"rotation":90,"texture":"#0","tintindex":0},"up":{"uv":[5.5,10.75,5.75,13.5],"rotation":90,"texture":"#0","tintindex":0},"down":{"uv":[8.5,10.5,8.75,13.25],"rotation":90,"texture":"#0","tintindex":0}}},{"from":[2.8571424,7.428571,7.4444447],"to":[3.4285712,8.571428,8.587301],"rotation":{"angle":0.0,"axis":"y","origin":[8.0,8.0,8.015873]},"faces":{"east":{"uv":[12.0,11.0,11.5,10.5],"rotation":90,"texture":"#0","tintindex":0},"south":{"uv":[4.25,11.75,4.75,12.0],"rotation":90,"texture":"#0","tintindex":0},"north":{"uv":[11.75,2.75,12.25,3.0],"rotation":270,"texture":"#0","tintindex":0},"west":{"uv":[11.25,11.5,10.75,12.0],"rotation":90,"texture":"#0","tintindex":0},"up":{"uv":[4.75,11.75,5.25,12.0],"rotation":90,"texture":"#0","tintindex":0},"down":{"uv":[3.0,11.75,3.5,12.0],"rotation":90,"texture":"#0","tintindex":0}}},{"from":[4.5714283,7.428571,7.4444447],"to":[5.142857,8.571428,8.587301],"rotation":{"angle":-45.0,"axis":"z","origin":[8.0,8.0,8.015873]},"faces":{"east":{"uv":[12.0,10.5,11.5,10.0],"rotation":90,"texture":"#0","tintindex":0},"south":{"uv":[2.5,11.75,3.0,12.0],"rotation":90,"texture":"#0","tintindex":0},"north":{"uv":[11.75,2.0,12.25,2.25],"rotation":270,"texture":"#0","tintindex":0},"west":{"uv":[10.75,11.5,10.25,12.0],"rotation":90,"texture":"#0","tintindex":0},"up":{"uv":[11.75,2.5,12.25,2.75],"rotation":90,"texture":"#0","tintindex":0},"down":{"uv":[11.75,2.25,12.25,2.5],"rotation":90,"texture":"#0","tintindex":0}}},{"from":[0.5714283,7.714286,7.730159],"to":[6.857143,8.285714,8.301587],"rotation":{"angle":-45.0,"axis":"z","origin":[8.0,8.0,8.015873]},"faces":{"east":{"uv":[8.75,6.75,8.5,6.5],"rotation":90,"texture":"#0","tintindex":0},"south":{"uv":[5.25,10.75,5.5,13.5],"rotation":90,"texture":"#0","tintindex":0},"north":{"uv":[4.0,10.5,4.25,13.25],"rotation":270,"texture":"#0","tintindex":0},"west":{"uv":[8.75,6.75,8.5,7.0],"rotation":90,"texture":"#0","tintindex":0},"up":{"uv":[5.5,10.75,5.75,13.5],"rotation":90,"texture":"#0","tintindex":0},"down":{"uv":[8.5,10.5,8.75,13.25],"rotation":90,"texture":"#0","tintindex":0}}},{"from":[2.8571424,7.428571,7.4444447],"to":[3.4285712,8.571428,8.587301],"rotation":{"angle":-45.0,"axis":"z","origin":[8.0,8.0,8.015873]},"faces":{"east":{"uv":[12.0,11.0,11.5,10.5],"rotation":90,"texture":"#0","tintindex":0},"south":{"uv":[4.25,11.75,4.75,12.0],"rotation":90,"texture":"#0","tintindex":0},"north":{"uv":[11.75,2.75,12.25,3.0],"rotation":270,"texture":"#0","tintindex":0},"west":{"uv":[11.25,11.5,10.75,12.0],"rotation":90,"texture":"#0","tintindex":0},"up":{"uv":[4.75,11.75,5.25,12.0],"rotation":90,"texture":"#0","tintindex":0},"down":{"uv":[3.0,11.75,3.5,12.0],"rotation":90,"texture":"#0","tintindex":0}}},{"from":[7.428571,10.857143,7.4444447],"to":[8.571428,11.428572,8.587301],"rotation":{"angle":0.0,"axis":"y","origin":[8.0,8.0,8.015873]},"faces":{"east":{"uv":[11.75,2.5,12.25,2.75],"rotation":180,"texture":"#0","tintindex":0},"south":{"uv":[2.5,11.75,3.0,12.0],"rotation":180,"texture":"#0","tintindex":0},"north":{"uv":[11.75,2.0,12.25,2.25],"rotation":180,"texture":"#0","tintindex":0},"west":{"uv":[11.75,2.25,12.25,2.5],"rotation":180,"texture":"#0","tintindex":0},"up":{"uv":[10.75,11.5,10.25,12.0],"rotation":180,"texture":"#0","tintindex":0},"down":{"uv":[12.0,10.5,11.5,10.0],"rotation":180,"texture":"#0","tintindex":0}}},{"from":[7.714286,9.142858,7.730159],"to":[8.285714,15.428572,8.301587],"rotation":{"angle":0.0,"axis":"y","origin":[8.0,8.0,8.015873]},"faces":{"east":{"uv":[5.5,10.75,5.75,13.5],"rotation":180,"texture":"#0","tintindex":0},"south":{"uv":[5.25,10.75,5.5,13.5],"rotation":180,"texture":"#0","tintindex":0},"north":{"uv":[4.0,10.5,4.25,13.25],"rotation":180,"texture":"#0","tintindex":0},"west":{"uv":[8.5,10.5,8.75,13.25],"rotation":180,"texture":"#0","tintindex":0},"up":{"uv":[8.75,6.75,8.5,7.0],"rotation":180,"texture":"#0","tintindex":0},"down":{"uv":[8.75,6.75,8.5,6.5],"rotation":180,"texture":"#0","tintindex":0}}},{"from":[7.428571,12.571428,7.4444447],"to":[8.571428,13.142858,8.587301],"rotation":{"angle":0.0,"axis":"y","origin":[8.0,8.0,8.015873]},"faces":{"east":{"uv":[4.75,11.75,5.25,12.0],"rotation":180,"texture":"#0","tintindex":0},"south":{"uv":[4.25,11.75,4.75,12.0],"rotation":180,"texture":"#0","tintindex":0},"north":{"uv":[11.75,2.75,12.25,3.0],"rotation":180,"texture":"#0","tintindex":0},"west":{"uv":[3.0,11.75,3.5,12.0],"rotation":180,"texture":"#0","tintindex":0},"up":{"uv":[11.25,11.5,10.75,12.0],"rotation":180,"texture":"#0","tintindex":0},"down":{"uv":[12.0,11.0,11.5,10.5],"rotation":180,"texture":"#0","tintindex":0}}},{"from":[7.428571,10.857143,7.4444447],"to":[8.571428,11.428572,8.587301],"rotation":{"angle":-45.0,"axis":"z","origin":[8.0,8.0,8.015873]},"faces":{"east":{"uv":[11.75,2.5,12.25,2.75],"rotation":180,"texture":"#0","tintindex":0},"south":{"uv":[2.5,11.75,3.0,12.0],"rotation":180,"texture":"#0","tintindex":0},"north":{"uv":[11.75,2.0,12.25,2.25],"rotation":180,"texture":"#0","tintindex":0},"west":{"uv":[11.75,2.25,12.25,2.5],"rotation":180,"texture":"#0","tintindex":0},"up":{"uv":[10.75,11.5,10.25,12.0],"rotation":180,"texture":"#0","tintindex":0},"down":{"uv":[12.0,10.5,11.5,10.0],"rotation":180,"texture":"#0","tintindex":0}}},{"from":[7.714286,9.142858,7.730159],"to":[8.285714,15.428572,8.301587],"rotation":{"angle":-45.0,"axis":"z","origin":[8.0,8.0,8.015873]},"faces":{"east":{"uv":[5.5,10.75,5.75,13.5],"rotation":180,"texture":"#0","tintindex":0},"south":{"uv":[5.25,10.75,5.5,13.5],"rotation":180,"texture":"#0","tintindex":0},"north":{"uv":[4.0,10.5,4.25,13.25],"rotation":180,"texture":"#0","tintindex":0},"west":{"uv":[8.5,10.5,8.75,13.25],"rotation":180,"texture":"#0","tintindex":0},"up":{"uv":[8.75,6.75,8.5,7.0],"rotation":180,"texture":"#0","tintindex":0},"down":{"uv":[8.75,6.75,8.5,6.5],"rotation":180,"texture":"#0","tintindex":0}}},{"from":[7.428571,12.571428,7.4444447],"to":[8.571428,13.142858,8.587301],"rotation":{"angle":-45.0,"axis":"z","origin":[8.0,8.0,8.015873]},"faces":{"east":{"uv":[4.75,11.75,5.25,12.0],"rotation":180,"texture":"#0","tintindex":0},"south":{"uv":[4.25,11.75,4.75,12.0],"rotation":180,"texture":"#0","tintindex":0},"north":{"uv":[11.75,2.75,12.25,3.0],"rotation":180,"texture":"#0","tintindex":0},"west":{"uv":[3.0,11.75,3.5,12.0],"rotation":180,"texture":"#0","tintindex":0},"up":{"uv":[11.25,11.5,10.75,12.0],"rotation":180,"texture":"#0","tintindex":0},"down":{"uv":[12.0,11.0,11.5,10.5],"rotation":180,"texture":"#0","tintindex":0}}},{"from":[10.857143,7.428571,7.4444447],"to":[11.428572,8.571428,8.587301],"rotation":{"angle":0.0,"axis":"y","origin":[8.0,8.0,8.015873]},"faces":{"east":{"uv":[10.75,11.5,10.25,12.0],"rotation":270,"texture":"#0","tintindex":0},"south":{"uv":[2.5,11.75,3.0,12.0],"rotation":270,"texture":"#0","tintindex":0},"north":{"uv":[11.75,2.0,12.25,2.25],"rotation":90,"texture":"#0","tintindex":0},"west":{"uv":[12.0,10.5,11.5,10.0],"rotation":270,"texture":"#0","tintindex":0},"up":{"uv":[11.75,2.25,12.25,2.5],"rotation":270,"texture":"#0","tintindex":0},"down":{"uv":[11.75,2.5,12.25,2.75],"rotation":270,"texture":"#0","tintindex":0}}},{"from":[9.142858,7.714286,7.730159],"to":[15.428572,8.285714,8.301587],"rotation":{"angle":0.0,"axis":"y","origin":[8.0,8.0,8.015873]},"faces":{"east":{"uv":[8.75,6.75,8.5,7.0],"rotation":270,"texture":"#0","tintindex":0},"south":{"uv":[5.25,10.75,5.5,13.5],"rotation":270,"texture":"#0","tintindex":0},"north":{"uv":[4.0,10.5,4.25,13.25],"rotation":90,"texture":"#0","tintindex":0},"west":{"uv":[8.75,6.75,8.5,6.5],"rotation":270,"texture":"#0","tintindex":0},"up":{"uv":[8.5,10.5,8.75,13.25],"rotation":270,"texture":"#0","tintindex":0},"down":{"uv":[5.5,10.75,5.75,13.5],"rotation":270,"texture":"#0","tintindex":0}}},{"from":[12.571428,7.428571,7.4444447],"to":[13.142858,8.571428,8.587301],"rotation":{"angle":0.0,"axis":"y","origin":[8.0,8.0,8.015873]},"faces":{"east":{"uv":[11.25,11.5,10.75,12.0],"rotation":270,"texture":"#0","tintindex":0},"south":{"uv":[4.25,11.75,4.75,12.0],"rotation":270,"texture":"#0","tintindex":0},"north":{"uv":[11.75,2.75,12.25,3.0],"rotation":90,"texture":"#0","tintindex":0},"west":{"uv":[12.0,11.0,11.5,10.5],"rotation":270,"texture":"#0","tintindex":0},"up":{"uv":[3.0,11.75,3.5,12.0],"rotation":270,"texture":"#0","tintindex":0},"down":{"uv":[4.75,11.75,5.25,12.0],"rotation":270,"texture":"#0","tintindex":0}}},{"from":[10.857143,7.428571,7.4444447],"to":[11.428572,8.571428,8.587301],"rotation":{"angle":-45.0,"axis":"z","origin":[8.0,8.0,8.015873]},"faces":{"east":{"uv":[10.75,11.5,10.25,12.0],"rotation":270,"texture":"#0","tintindex":0},"south":{"uv":[2.5,11.75,3.0,12.0],"rotation":270,"texture":"#0","tintindex":0},"north":{"uv":[11.75,2.0,12.25,2.25],"rotation":90,"texture":"#0","tintindex":0},"west":{"uv":[12.0,10.5,11.5,10.0],"rotation":270,"texture":"#0","tintindex":0},"up":{"uv":[11.75,2.25,12.25,2.5],"rotation":270,"texture":"#0","tintindex":0},"down":{"uv":[11.75,2.5,12.25,2.75],"rotation":270,"texture":"#0","tintindex":0}}},{"from":[9.142858,7.714286,7.730159],"to":[15.428572,8.285714,8.301587],"rotation":{"angle":-45.0,"axis":"z","origin":[8.0,8.0,8.015873]},"faces":{"east":{"uv":[8.75,6.75,8.5,7.0],"rotation":270,"texture":"#0","tintindex":0},"south":{"uv":[5.25,10.75,5.5,13.5],"rotation":270,"texture":"#0","tintindex":0},"north":{"uv":[4.0,10.5,4.25,13.25],"rotation":90,"texture":"#0","tintindex":0},"west":{"uv":[8.75,6.75,8.5,6.5],"rotation":270,"texture":"#0","tintindex":0},"up":{"uv":[8.5,10.5,8.75,13.25],"rotation":270,"texture":"#0","tintindex":0},"down":{"uv":[5.5,10.75,5.75,13.5],"rotation":270,"texture":"#0","tintindex":0}}},{"from":[12.571428,7.428571,7.4444447],"to":[13.142858,8.571428,8.587301],"rotation":{"angle":-45.0,"axis":"z","origin":[8.0,8.0,8.015873]},"faces":{"east":{"uv":[11.25,11.5,10.75,12.0],"rotation":270,"texture":"#0","tintindex":0},"south":{"uv":[4.25,11.75,4.75,12.0],"rotation":270,"texture":"#0","tintindex":0},"north":{"uv":[11.75,2.75,12.25,3.0],"rotation":90,"texture":"#0","tintindex":0},"west":{"uv":[12.0,11.0,11.5,10.5],"rotation":270,"texture":"#0","tintindex":0},"up":{"uv":[3.0,11.75,3.5,12.0],"rotation":270,"texture":"#0","tintindex":0},"down":{"uv":[4.75,11.75,5.25,12.0],"rotation":270,"texture":"#0","tintindex":0}}},{"from":[7.142857,7.142857,5.730159],"to":[8.857143,8.857143,9.1587305],"rotation":{"angle":0.0,"axis":"y","origin":[12.571428,3.4285712,3.4444442]},"faces":{"east":{"uv":[8.75,7.5,10.25,8.25],"rotation":0,"texture":"#0","tintindex":0},"south":{"uv":[10.75,10.75,11.5,11.5],"rotation":0,"texture":"#0","tintindex":0},"north":{"uv":[10.75,10.0,11.5,10.75],"rotation":0,"texture":"#0","tintindex":0},"west":{"uv":[8.75,8.25,10.25,9.0],"rotation":0,"texture":"#0","tintindex":0},"up":{"uv":[3.5,9.5,2.75,8.0],"rotation":0,"texture":"#0","tintindex":0},"down":{"uv":[4.25,9.0,3.5,10.5],"rotation":0,"texture":"#0","tintindex":0}}},{"from":[6.857143,6.857143,7.4444447],"to":[9.142858,9.142858,8.587301],"rotation":{"angle":0.0,"axis":"y","origin":[12.571428,3.4285712,3.4444442]},"faces":{"east":{"uv":[3.5,8.0,4.0,9.0],"rotation":0,"texture":"#0","tintindex":0},"south":{"uv":[8.75,9.0,9.75,10.0],"rotation":0,"texture":"#0","tintindex":0},"north":{"uv":[4.25,9.0,5.25,10.0],"rotation":0,"texture":"#0","tintindex":0},"west":{"uv":[9.75,10.75,10.25,11.75],"rotation":0,"texture":"#0","tintindex":0},"up":{"uv":[8.5,7.0,7.5,6.5],"rotation":0,"texture":"#0","tintindex":0},"down":{"uv":[7.75,11.0,6.75,11.5],"rotation":0,"texture":"#0","tintindex":0}}},{"from":[6.106452,3.4285712,7.4444447],"to":[9.893548,4.5714283,8.587301],"rotation":{"angle":0.0,"axis":"y","origin":[8.0,8.0,8.015873]},"faces":{"east":{"uv":[11.5,11.0,12.0,11.5],"rotation":0,"texture":"#0","tintindex":0},"south":{"uv":[10.25,3.5,12.0,4.0],"rotation":0,"texture":"#0","tintindex":0},"north":{"uv":[12.0,3.5,10.25,4.0],"rotation":0,"texture":"#0","tintindex":0},"west":{"uv":[11.25,11.5,11.75,12.0],"rotation":0,"texture":"#0","tintindex":0},"up":{"uv":[12.0,4.5,10.25,4.0],"rotation":0,"texture":"#0","tintindex":0},"down":{"uv":[12.25,6.5,10.5,7.0],"rotation":0,"texture":"#0","tintindex":0}}},{"from":[3.4285712,3.4285712,8.615873],"to":[12.571428,12.571428,8.615873],"rotation":{"angle":0.0,"axis":"y","origin":[8.036405,10.677881,8.015873]},"faces":{"east":{"uv":[0.0,0.0,0.0,4.0],"rotation":0,"texture":"#0","tintindex":0},"south":{"uv":[0.0,4.0,4.0,8.0],"rotation":0,"texture":"#0","tintindex":0},"north":{"uv":[0.0,0.0,4.0,4.0],"rotation":0,"texture":"#0","tintindex":0},"west":{"uv":[0.0,0.0,0.0,4.0],"rotation":0,"texture":"#0","tintindex":0},"up":{"uv":[4.0,0.0,0.0,0.0],"rotation":0,"texture":"#0","tintindex":0},"down":{"uv":[4.0,0.0,0.0,0.0],"rotation":0,"texture":"#0","tintindex":0}}},{"from":[3.4285712,3.4285712,7.415873],"to":[12.571428,12.571428,7.415873],"rotation":{"angle":0.0,"axis":"y","origin":[8.036405,10.677881,-1.1269846]},"faces":{"east":{"uv":[0.0,0.0,0.0,4.0],"rotation":0,"texture":"#0","tintindex":0},"south":{"uv":[4.0,0.0,0.0,4.0],"rotation":0,"texture":"#0","tintindex":0},"north":{"uv":[4.0,4.0,0.0,8.0],"rotation":0,"texture":"#0","tintindex":0},"west":{"uv":[0.0,0.0,0.0,4.0],"rotation":0,"texture":"#0","tintindex":0},"up":{"uv":[4.0,0.0,0.0,0.0],"rotation":0,"texture":"#0","tintindex":0},"down":{"uv":[4.0,0.0,0.0,0.0],"rotation":0,"texture":"#0","tintindex":0}}},{"from":[6.106452,11.428572,7.4444447],"to":[9.893548,12.571428,8.587301],"rotation":{"angle":45.0,"axis":"z","origin":[8.0,8.0,8.015873]},"faces":{"east":{"uv":[1.0,11.75,1.5,12.25],"rotation":0,"texture":"#0","tintindex":0},"south":{"uv":[10.5,7.0,12.25,7.5],"rotation":0,"texture":"#0","tintindex":0},"north":{"uv":[12.25,7.0,10.5,7.5],"rotation":0,"texture":"#0","tintindex":0},"west":{"uv":[1.5,11.75,2.0,12.25],"rotation":0,"texture":"#0","tintindex":0},"up":{"uv":[12.5,5.0,10.75,4.5],"rotation":0,"texture":"#0","tintindex":0},"down":{"uv":[12.5,5.0,10.75,5.5],"rotation":0,"texture":"#0","tintindex":0}}},{"from":[6.106452,11.428572,7.4444447],"to":[9.893548,12.571428,8.587301],"rotation":{"angle":0.0,"axis":"y","origin":[8.0,8.0,8.015873]},"faces":{"east":{"uv":[11.75,1.5,12.25,2.0],"rotation":0,"texture":"#0","tintindex":0},"south":{"uv":[10.75,6.0,12.5,6.5],"rotation":0,"texture":"#0","tintindex":0},"north":{"uv":[12.5,6.0,10.75,6.5],"rotation":0,"texture":"#0","tintindex":0},"west":{"uv":[2.0,11.75,2.5,12.25],"rotation":0,"texture":"#0","tintindex":0},"up":{"uv":[12.5,8.0,10.75,7.5],"rotation":0,"texture":"#0","tintindex":0},"down":{"uv":[12.5,8.0,10.75,8.5],"rotation":0,"texture":"#0","tintindex":0}}}],"textures":{"0":"modelengine:entity/piratepack_steeringwheel"},"display":{"head":{"translation":[0.0,-6.4,0.0],"scale":[4.0,4.0,4.0]}}}