{"elements":[{"from":[2.8571424,10.8571415,4.5714283],"to":[13.142858,12.571427,10.857143],"rotation":{"angle":0.0,"axis":"y","origin":[8.0,7.42857,8.0]},"faces":{"east":{"uv":[2.5,5.375,3.875,5.75],"rotation":0,"texture":"#0","tintindex":0},"south":{"uv":[6.25,4.125,8.5,4.5],"rotation":0,"texture":"#0","tintindex":0},"north":{"uv":[6.25,3.75,8.5,4.125],"rotation":0,"texture":"#0","tintindex":0},"west":{"uv":[7.125,1.375,8.5,1.75],"rotation":0,"texture":"#0","tintindex":0},"up":{"uv":[6.25,4.375,4.0,3.0],"rotation":0,"texture":"#0","tintindex":0},"down":{"uv":[6.25,4.375,4.0,5.75],"rotation":0,"texture":"#0","tintindex":0}}},{"from":[3.7142854,7.42857,10.857143],"to":[12.285715,20.571426,12.571428],"rotation":{"angle":0.0,"axis":"y","origin":[8.285714,7.42857,8.0]},"faces":{"east":{"uv":[5.0,5.75,5.375,8.625],"rotation":0,"texture":"#0","tintindex":0},"south":{"uv":[1.875,0.0,3.75,2.875],"rotation":0,"texture":"#0","tintindex":0},"north":{"uv":[0.0,0.0,1.875,2.875],"rotation":0,"texture":"#0","tintindex":0},"west":{"uv":[5.375,5.75,5.75,8.625],"rotation":0,"texture":"#0","tintindex":0},"up":{"uv":[4.25,6.75,2.375,6.375],"rotation":0,"texture":"#0","tintindex":0},"down":{"uv":[8.375,0.0,6.5,0.375],"rotation":0,"texture":"#0","tintindex":0}}},{"from":[2.8571424,14.285713,4.0],"to":[4.0,15.42857,10.857143],"rotation":{"angle":0.0,"axis":"y","origin":[6.285714,7.42857,8.0]},"faces":{"east":{"uv":[7.375,6.5,8.875,6.75],"rotation":0,"texture":"#0","tintindex":0},"south":{"uv":[3.75,2.5,4.0,2.75],"rotation":0,"texture":"#0","tintindex":0},"north":{"uv":[3.75,2.25,4.0,2.5],"rotation":0,"texture":"#0","tintindex":0},"west":{"uv":[7.375,6.75,8.875,7.0],"rotation":0,"texture":"#0","tintindex":0},"up":{"uv":[5.0,8.75,4.75,7.25],"rotation":0,"texture":"#0","tintindex":0},"down":{"uv":[7.25,7.375,7.0,8.875],"rotation":0,"texture":"#0","tintindex":0}}},{"from":[1.9999995,13.142856,1.2857141],"to":[4.8571424,15.999999,4.142857],"rotation":{"angle":-45.0,"axis":"x","origin":[3.142857,15.999999,2.4285712]},"faces":{"east":{"uv":[7.125,2.375,7.75,3.0],"rotation":0,"texture":"#0","tintindex":0},"south":{"uv":[4.125,7.25,4.75,7.875],"rotation":0,"texture":"#0","tintindex":0},"north":{"uv":[7.125,1.75,7.75,2.375],"rotation":0,"texture":"#0","tintindex":0},"west":{"uv":[5.75,7.25,6.375,7.875],"rotation":0,"texture":"#0","tintindex":0},"up":{"uv":[8.0,1.0,7.375,0.375],"rotation":0,"texture":"#0","tintindex":0},"down":{"uv":[7.0,7.375,6.375,8.0],"rotation":0,"texture":"#0","tintindex":0}}},{"from":[2.2857141,7.4082646,4.1141415],"to":[4.5714283,14.836836,5.2569985],"rotation":{"angle":0.0,"axis":"y","origin":[3.4285712,12.551123,4.1141415]},"faces":{"east":{"uv":[1.125,6.75,1.375,8.375],"rotation":0,"texture":"#0","tintindex":0},"south":{"uv":[1.875,6.0,2.375,7.625],"rotation":0,"texture":"#0","tintindex":0},"north":{"uv":[1.375,6.0,1.875,7.625],"rotation":0,"texture":"#0","tintindex":0},"west":{"uv":[3.875,6.75,4.125,8.375],"rotation":0,"texture":"#0","tintindex":0},"up":{"uv":[8.125,3.75,7.625,3.5],"rotation":0,"texture":"#0","tintindex":0},"down":{"uv":[7.75,7.625,7.25,7.875],"rotation":0,"texture":"#0","tintindex":0}}},{"from":[2.5714283,15.42857,4.0],"to":[4.285714,15.999999,10.857143],"rotation":{"angle":0.0,"axis":"y","origin":[6.285714,7.42857,8.0]},"faces":{"east":{"uv":[7.375,1.0,8.875,1.125],"rotation":0,"texture":"#0","tintindex":0},"south":{"uv":[7.75,1.75,8.125,1.875],"rotation":0,"texture":"#0","tintindex":0},"north":{"uv":[6.75,2.875,7.125,3.0],"rotation":0,"texture":"#0","tintindex":0},"west":{"uv":[7.375,7.25,8.875,7.375],"rotation":0,"texture":"#0","tintindex":0},"up":{"uv":[0.375,8.25,0.0,6.75],"rotation":0,"texture":"#0","tintindex":0},"down":{"uv":[0.75,6.75,0.375,8.25],"rotation":0,"texture":"#0","tintindex":0}}},{"from":[3.4285712,8.571427,4.5714283],"to":[4.0,9.714284,10.857143],"rotation":{"angle":0.0,"axis":"y","origin":[6.285714,7.42857,8.0]},"faces":{"east":{"uv":[7.375,7.0,8.75,7.25],"rotation":0,"texture":"#0","tintindex":0},"south":{"uv":[2.375,6.0,2.5,6.25],"rotation":0,"texture":"#0","tintindex":0},"north":{"uv":[3.875,5.375,4.0,5.625],"rotation":0,"texture":"#0","tintindex":0},"west":{"uv":[7.25,7.375,8.625,7.625],"rotation":0,"texture":"#0","tintindex":0},"up":{"uv":[3.875,8.875,3.75,7.5],"rotation":0,"texture":"#0","tintindex":0},"down":{"uv":[1.75,7.625,1.625,9.0],"rotation":0,"texture":"#0","tintindex":0}}},{"from":[1.7142854,20.571426,10.857143],"to":[14.285715,27.42857,12.571428],"rotation":{"angle":0.0,"axis":"y","origin":[8.0,7.42857,8.0]},"faces":{"east":{"uv":[0.75,6.75,1.125,8.25],"rotation":0,"texture":"#0","tintindex":0},"south":{"uv":[4.0,1.5,6.75,3.0],"rotation":0,"texture":"#0","tintindex":0},"north":{"uv":[3.75,0.0,6.5,1.5],"rotation":0,"texture":"#0","tintindex":0},"west":{"uv":[6.75,1.375,7.125,2.875],"rotation":0,"texture":"#0","tintindex":0},"up":{"uv":[8.5,6.125,5.75,5.75],"rotation":0,"texture":"#0","tintindex":0},"down":{"uv":[8.5,6.125,5.75,6.5],"rotation":0,"texture":"#0","tintindex":0}}},{"from":[-2.285715,28.571428,9.714286],"to":[1.1428566,32.0,13.714286],"rotation":{"angle":-45.0,"axis":"z","origin":[-2.8571434,25.714285,11.714286]},"faces":{"east":{"uv":[6.5,0.375,7.375,1.125],"rotation":0,"texture":"#0","tintindex":0},"south":{"uv":[3.125,6.75,3.875,7.5],"rotation":0,"texture":"#0","tintindex":0},"north":{"uv":[2.375,6.75,3.125,7.5],"rotation":0,"texture":"#0","tintindex":0},"west":{"uv":[5.75,6.5,6.625,7.25],"rotation":0,"texture":"#0","tintindex":0},"up":{"uv":[5.0,7.25,4.25,6.375],"rotation":0,"texture":"#0","tintindex":0},"down":{"uv":[7.375,6.5,6.625,7.375],"rotation":0,"texture":"#0","tintindex":0}}},{"from":[2.5714283,27.42857,10.285714],"to":[14.0,28.571428,13.142858],"rotation":{"angle":0.0,"axis":"y","origin":[7.714286,7.42857,8.0]},"faces":{"east":{"uv":[1.75,7.625,2.375,7.875],"rotation":0,"texture":"#0","tintindex":0},"south":{"uv":[6.5,1.125,9.0,1.375],"rotation":0,"texture":"#0","tintindex":0},"north":{"uv":[6.25,5.5,8.75,5.75],"rotation":0,"texture":"#0","tintindex":0},"west":{"uv":[7.625,3.25,8.25,3.5],"rotation":0,"texture":"#0","tintindex":0},"up":{"uv":[2.5,6.0,0.0,5.375],"rotation":0,"texture":"#0","tintindex":0},"down":{"uv":[5.0,5.75,2.5,6.375],"rotation":0,"texture":"#0","tintindex":0}}},{"from":[4.5714283,8.571427,4.5714283],"to":[12.0,10.8571415,4.5714283],"rotation":{"angle":0.0,"axis":"y","origin":[8.0,7.42857,8.0]},"faces":{"east":{"uv":[0.0,0.0,0.0,0.5],"rotation":0,"texture":"#0","tintindex":0},"south":{"uv":[6.25,5.0,7.875,5.5],"rotation":0,"texture":"#0","tintindex":0},"north":{"uv":[6.25,4.5,7.875,5.0],"rotation":0,"texture":"#0","tintindex":0},"west":{"uv":[0.0,0.0,0.0,0.5],"rotation":0,"texture":"#0","tintindex":0},"up":{"uv":[1.625,0.0,0.0,0.0],"rotation":0,"texture":"#0","tintindex":0},"down":{"uv":[1.625,0.0,0.0,0.0],"rotation":0,"texture":"#0","tintindex":0}}},{"from":[4.8571424,20.571426,9.714286],"to":[11.142858,24.0,10.857143],"rotation":{"angle":0.0,"axis":"y","origin":[7.714286,10.285713,8.0]},"faces":{"east":{"uv":[3.75,1.5,4.0,2.25],"rotation":0,"texture":"#0","tintindex":0},"south":{"uv":[6.25,3.0,7.625,3.75],"rotation":0,"texture":"#0","tintindex":0},"north":{"uv":[0.0,6.0,1.375,6.75],"rotation":0,"texture":"#0","tintindex":0},"west":{"uv":[1.375,7.625,1.625,8.375],"rotation":0,"texture":"#0","tintindex":0},"up":{"uv":[3.75,7.75,2.375,7.5],"rotation":0,"texture":"#0","tintindex":0},"down":{"uv":[9.0,3.0,7.625,3.25],"rotation":0,"texture":"#0","tintindex":0}}},{"from":[12.0,8.571427,4.5714283],"to":[12.571428,9.714284,10.857143],"rotation":{"angle":0.0,"axis":"y","origin":[9.714286,7.42857,8.0]},"faces":{"east":{"uv":[8.625,7.375,7.25,7.625],"rotation":0,"texture":"#0","tintindex":0},"south":{"uv":[2.5,6.0,2.375,6.25],"rotation":0,"texture":"#0","tintindex":0},"north":{"uv":[4.0,5.375,3.875,5.625],"rotation":0,"texture":"#0","tintindex":0},"west":{"uv":[8.75,7.0,7.375,7.25],"rotation":0,"texture":"#0","tintindex":0},"up":{"uv":[3.75,8.875,3.875,7.5],"rotation":0,"texture":"#0","tintindex":0},"down":{"uv":[1.625,7.625,1.75,9.0],"rotation":0,"texture":"#0","tintindex":0}}},{"from":[11.428572,7.4082646,4.1141415],"to":[13.714286,14.836836,5.2569985],"rotation":{"angle":0.0,"axis":"y","origin":[12.571428,12.551123,4.1141415]},"faces":{"east":{"uv":[4.125,6.75,3.875,8.375],"rotation":0,"texture":"#0","tintindex":0},"south":{"uv":[2.375,6.0,1.875,7.625],"rotation":0,"texture":"#0","tintindex":0},"north":{"uv":[1.875,6.0,1.375,7.625],"rotation":0,"texture":"#0","tintindex":0},"west":{"uv":[1.375,6.75,1.125,8.375],"rotation":0,"texture":"#0","tintindex":0},"up":{"uv":[7.625,3.75,8.125,3.5],"rotation":0,"texture":"#0","tintindex":0},"down":{"uv":[7.25,7.625,7.75,7.875],"rotation":0,"texture":"#0","tintindex":0}}},{"from":[12.0,14.285713,4.0],"to":[13.142858,15.42857,10.857143],"rotation":{"angle":0.0,"axis":"y","origin":[9.714286,7.42857,8.0]},"faces":{"east":{"uv":[8.875,6.75,7.375,7.0],"rotation":0,"texture":"#0","tintindex":0},"south":{"uv":[4.0,2.5,3.75,2.75],"rotation":0,"texture":"#0","tintindex":0},"north":{"uv":[4.0,2.25,3.75,2.5],"rotation":0,"texture":"#0","tintindex":0},"west":{"uv":[8.875,6.5,7.375,6.75],"rotation":0,"texture":"#0","tintindex":0},"up":{"uv":[4.75,8.75,5.0,7.25],"rotation":0,"texture":"#0","tintindex":0},"down":{"uv":[7.0,7.375,7.25,8.875],"rotation":0,"texture":"#0","tintindex":0}}},{"from":[11.142858,13.142856,1.2857141],"to":[14.0,15.999999,4.142857],"rotation":{"angle":-45.0,"axis":"x","origin":[12.857143,15.999999,2.4285712]},"faces":{"east":{"uv":[6.375,7.25,5.75,7.875],"rotation":0,"texture":"#0","tintindex":0},"south":{"uv":[4.75,7.25,4.125,7.875],"rotation":0,"texture":"#0","tintindex":0},"north":{"uv":[7.75,1.75,7.125,2.375],"rotation":0,"texture":"#0","tintindex":0},"west":{"uv":[7.75,2.375,7.125,3.0],"rotation":0,"texture":"#0","tintindex":0},"up":{"uv":[7.375,1.0,8.0,0.375],"rotation":0,"texture":"#0","tintindex":0},"down":{"uv":[6.375,7.375,7.0,8.0],"rotation":0,"texture":"#0","tintindex":0}}},{"from":[11.714286,15.42857,4.0],"to":[13.428572,15.999999,10.857143],"rotation":{"angle":0.0,"axis":"y","origin":[9.714286,7.42857,8.0]},"faces":{"east":{"uv":[8.875,7.25,7.375,7.375],"rotation":0,"texture":"#0","tintindex":0},"south":{"uv":[8.125,1.75,7.75,1.875],"rotation":0,"texture":"#0","tintindex":0},"north":{"uv":[7.125,2.875,6.75,3.0],"rotation":0,"texture":"#0","tintindex":0},"west":{"uv":[8.875,1.0,7.375,1.125],"rotation":0,"texture":"#0","tintindex":0},"up":{"uv":[0.0,8.25,0.375,6.75],"rotation":0,"texture":"#0","tintindex":0},"down":{"uv":[0.375,6.75,0.75,8.25],"rotation":0,"texture":"#0","tintindex":0}}},{"from":[14.857143,28.571428,9.714286],"to":[18.285715,32.0,13.714286],"rotation":{"angle":45.0,"axis":"z","origin":[18.857143,25.714285,11.714286]},"faces":{"east":{"uv":[6.625,6.5,5.75,7.25],"rotation":0,"texture":"#0","tintindex":0},"south":{"uv":[3.875,6.75,3.125,7.5],"rotation":0,"texture":"#0","tintindex":0},"north":{"uv":[3.125,6.75,2.375,7.5],"rotation":0,"texture":"#0","tintindex":0},"west":{"uv":[7.375,0.375,6.5,1.125],"rotation":0,"texture":"#0","tintindex":0},"up":{"uv":[4.25,7.25,5.0,6.375],"rotation":0,"texture":"#0","tintindex":0},"down":{"uv":[6.625,6.5,7.375,7.375],"rotation":0,"texture":"#0","tintindex":0}}},{"from":[3.4285712,7.4857125,1.1428566],"to":[12.571428,7.4857125,12.571428],"rotation":{"angle":0.0,"axis":"y","origin":[8.0,7.42857,8.0]},"faces":{"east":{"uv":[0.0,0.0,2.5,0.0],"rotation":0,"texture":"#0","tintindex":0},"south":{"uv":[0.0,0.0,2.0,0.0],"rotation":0,"texture":"#0","tintindex":0},"north":{"uv":[0.0,0.0,2.0,0.0],"rotation":0,"texture":"#0","tintindex":0},"west":{"uv":[0.0,0.0,2.5,0.0],"rotation":0,"texture":"#0","tintindex":0},"up":{"uv":[2.0,5.375,0.0,2.875],"rotation":0,"texture":"#0","tintindex":0},"down":{"uv":[2.0,9.625,0.0,12.125],"rotation":0,"texture":"#0","tintindex":0}}}],"textures":{"0":"modelengine:entity/throne"},"display":{"head":{"translation":[0.0,-4.1142793,0.0],"scale":[4.0,4.0,4.0]}}}