{"elements":[{"from":[5.714286,1.1428566,6.285714],"to":[10.285714,2.8571424,9.714286],"rotation":{"angle":0.0,"axis":"y","origin":[8.0,-5.714287,8.0]},"faces":{"east":{"uv":[4.125,0.75,4.875,1.125],"rotation":0,"texture":"#0","tintindex":0},"south":{"uv":[6.625,0.75,7.625,1.125],"rotation":0,"texture":"#0","tintindex":0},"north":{"uv":[4.875,0.75,5.875,1.125],"rotation":0,"texture":"#0","tintindex":0},"west":{"uv":[5.875,0.75,6.625,1.125],"rotation":0,"texture":"#0","tintindex":0},"up":{"uv":[5.875,0.75,4.875,0.0],"rotation":0,"texture":"#0","tintindex":0},"down":{"uv":[6.875,0.0,5.875,0.75],"rotation":0,"texture":"#0","tintindex":0}}},{"from":[7.142857,2.8571424,7.142857],"to":[8.857143,5.142857,8.857143],"rotation":{"angle":0.0,"axis":"y","origin":[7.714286,-4.000001,7.714286]},"faces":{"east":{"uv":[7.125,6.625,7.5,7.125],"rotation":0,"texture":"#0","tintindex":0},"south":{"uv":[8.25,6.625,8.625,7.125],"rotation":0,"texture":"#0","tintindex":0},"north":{"uv":[7.5,6.625,7.875,7.125],"rotation":0,"texture":"#0","tintindex":0},"west":{"uv":[7.875,6.625,8.25,7.125],"rotation":0,"texture":"#0","tintindex":0},"up":{"uv":[7.875,6.625,7.5,6.25],"rotation":0,"texture":"#0","tintindex":0},"down":{"uv":[8.25,6.25,7.875,6.625],"rotation":0,"texture":"#0","tintindex":0}}}],"textures":{"0":"modelengine:entity/shadow_killer"},"display":{"head":{"translation":[0.0,-6.4,0.0],"scale":[4.0,4.0,4.0]}}}