{"elements":[{"from":[5.714286,8.0,5.714286],"to":[10.285714,11.428572,10.285714],"rotation":{"angle":0.0,"axis":"y","origin":[8.0,-2.285715,8.0]},"faces":{"east":{"uv":[0.0,3.125,1.0,3.875],"rotation":0,"texture":"#0","tintindex":0},"south":{"uv":[3.0,3.125,4.0,3.875],"rotation":0,"texture":"#0","tintindex":0},"north":{"uv":[1.0,3.125,2.0,3.875],"rotation":0,"texture":"#0","tintindex":0},"west":{"uv":[2.0,3.125,3.0,3.875],"rotation":0,"texture":"#0","tintindex":0},"up":{"uv":[2.0,3.125,1.0,2.125],"rotation":0,"texture":"#0","tintindex":0},"down":{"uv":[3.0,2.125,2.0,3.125],"rotation":0,"texture":"#0","tintindex":0}}},{"from":[5.714286,6.857143,5.714286],"to":[10.285714,8.0,10.285714],"rotation":{"angle":0.0,"axis":"y","origin":[8.0,-3.4285717,8.0]},"faces":{"east":{"uv":[12.0,2.5,13.0,2.75],"rotation":0,"texture":"#0","tintindex":0},"south":{"uv":[15.0,2.5,16.0,2.75],"rotation":0,"texture":"#0","tintindex":0},"north":{"uv":[13.0,2.5,14.0,2.75],"rotation":0,"texture":"#0","tintindex":0},"west":{"uv":[14.0,2.5,15.0,2.75],"rotation":0,"texture":"#0","tintindex":0},"up":{"uv":[14.0,2.5,13.0,1.5],"rotation":0,"texture":"#0","tintindex":0},"down":{"uv":[15.0,1.5,14.0,2.5],"rotation":0,"texture":"#0","tintindex":0}}}],"textures":{"0":"modelengine:entity/shadow_killer"},"display":{"head":{"translation":[0.0,-6.4,0.0],"scale":[4.0,4.0,4.0]}}}