{"elements":[{"from":[6.8,12.0,6.857143],"to":[9.085714,14.857143,9.142858],"rotation":{"angle":0.0,"axis":"y","origin":[7.428571,8.0,8.0]},"faces":{"east":{"uv":[14.0,0.5,14.5,1.125],"rotation":0,"texture":"#0","tintindex":0},"south":{"uv":[15.5,0.5,16.0,1.125],"rotation":0,"texture":"#0","tintindex":0},"north":{"uv":[14.5,0.5,15.0,1.125],"rotation":0,"texture":"#0","tintindex":0},"west":{"uv":[15.0,0.5,15.5,1.125],"rotation":0,"texture":"#0","tintindex":0},"up":{"uv":[15.0,0.5,14.5,0.0],"rotation":0,"texture":"#0","tintindex":0},"down":{"uv":[15.5,0.0,15.0,0.5],"rotation":0,"texture":"#0","tintindex":0}}}],"textures":{"0":"modelengine:entity/shadow_killer"},"display":{"head":{"translation":[0.0,-6.4,0.0],"scale":[4.0,4.0,4.0]}}}