{"elements":[{"from":[5.714286,8.004082,3.9755101],"to":[10.285714,12.57551,8.546939],"rotation":{"angle":0.0,"axis":"y","origin":[8.0,11.502617,11.880472]},"faces":{"east":{"uv":[0.0,1.0,1.0,2.0],"rotation":0,"texture":"#0","tintindex":0},"south":{"uv":[3.0,1.0,4.0,2.0],"rotation":0,"texture":"#0","tintindex":0},"north":{"uv":[1.0,1.0,2.0,2.0],"rotation":0,"texture":"#0","tintindex":0},"west":{"uv":[2.0,1.0,3.0,2.0],"rotation":0,"texture":"#0","tintindex":0},"up":{"uv":[2.0,1.0,1.0,0.0],"rotation":0,"texture":"#0","tintindex":0},"down":{"uv":[3.0,0.0,2.0,1.0],"rotation":0,"texture":"#0","tintindex":0}}},{"from":[6.285714,8.57551,8.546939],"to":[9.714286,12.57551,10.261225],"rotation":{"angle":22.5,"axis":"x","origin":[8.0,12.6454735,8.4519005]},"faces":{"east":{"uv":[3.0,8.5,3.375,9.375],"rotation":0,"texture":"#0","tintindex":0},"south":{"uv":[4.5,8.5,5.25,9.375],"rotation":0,"texture":"#0","tintindex":0},"north":{"uv":[3.375,8.5,4.125,9.375],"rotation":0,"texture":"#0","tintindex":0},"west":{"uv":[4.125,8.5,4.5,9.375],"rotation":0,"texture":"#0","tintindex":0},"up":{"uv":[4.125,8.5,3.375,8.125],"rotation":0,"texture":"#0","tintindex":0},"down":{"uv":[4.875,8.125,4.125,8.5],"rotation":0,"texture":"#0","tintindex":0}}},{"from":[6.857143,8.534408,9.912056],"to":[9.142858,11.39155,11.626342],"rotation":{"angle":45.0,"axis":"x","origin":[8.0,11.4615135,9.817018]},"faces":{"east":{"uv":[5.5,8.875,5.875,9.5],"rotation":0,"texture":"#0","tintindex":0},"south":{"uv":[6.75,8.875,7.25,9.5],"rotation":0,"texture":"#0","tintindex":0},"north":{"uv":[5.875,8.875,6.375,9.5],"rotation":0,"texture":"#0","tintindex":0},"west":{"uv":[6.375,8.875,6.75,9.5],"rotation":0,"texture":"#0","tintindex":0},"up":{"uv":[6.375,8.875,5.875,8.5],"rotation":0,"texture":"#0","tintindex":0},"down":{"uv":[6.875,8.5,6.375,8.875],"rotation":0,"texture":"#0","tintindex":0}}},{"from":[9.714286,8.004082,3.9897957],"to":[10.257143,11.404081,5.67551],"rotation":{"angle":0.0,"axis":"y","origin":[7.9857144,10.345474,11.880472]},"faces":{"east":{"uv":[6.625,7.625,7.0,8.375],"rotation":0,"texture":"#0","tintindex":0},"south":{"uv":[7.5,7.625,7.625,8.375],"rotation":0,"texture":"#0","tintindex":0},"north":{"uv":[7.0,7.625,7.125,8.375],"rotation":0,"texture":"#0","tintindex":0},"west":{"uv":[7.125,7.625,7.5,8.375],"rotation":0,"texture":"#0","tintindex":0},"up":{"uv":[7.125,7.625,7.0,7.25],"rotation":0,"texture":"#0","tintindex":0},"down":{"uv":[7.25,7.25,7.125,7.625],"rotation":0,"texture":"#0","tintindex":0}}},{"from":[5.742857,8.004082,3.9897957],"to":[6.285714,11.404081,5.67551],"rotation":{"angle":0.0,"axis":"y","origin":[8.014286,10.345474,11.880472]},"faces":{"east":{"uv":[1.875,7.875,2.25,8.625],"rotation":0,"texture":"#0","tintindex":0},"south":{"uv":[2.75,7.875,2.875,8.625],"rotation":0,"texture":"#0","tintindex":0},"north":{"uv":[2.25,7.875,2.375,8.625],"rotation":0,"texture":"#0","tintindex":0},"west":{"uv":[2.375,7.875,2.75,8.625],"rotation":0,"texture":"#0","tintindex":0},"up":{"uv":[2.375,7.875,2.25,7.5],"rotation":0,"texture":"#0","tintindex":0},"down":{"uv":[2.5,7.5,2.375,7.875],"rotation":0,"texture":"#0","tintindex":0}}},{"from":[6.285714,8.57551,4.546939],"to":[9.714286,12.004082,7.97551],"rotation":{"angle":0.0,"axis":"y","origin":[8.0,11.502617,11.880472]},"faces":{"east":{"uv":[4.375,4.0,5.125,4.75],"rotation":0,"texture":"#0","tintindex":0},"south":{"uv":[6.625,4.0,7.375,4.75],"rotation":0,"texture":"#0","tintindex":0},"north":{"uv":[5.125,4.0,5.875,4.75],"rotation":0,"texture":"#0","tintindex":0},"west":{"uv":[5.875,4.0,6.625,4.75],"rotation":0,"texture":"#0","tintindex":0},"up":{"uv":[5.875,4.0,5.125,3.25],"rotation":0,"texture":"#0","tintindex":0},"down":{"uv":[6.625,3.25,5.875,4.0],"rotation":0,"texture":"#0","tintindex":0}}}],"textures":{"0":"modelengine:entity/shadow_killer"},"display":{"head":{"translation":[0.0,-6.4,0.0],"scale":[4.0,4.0,4.0]}}}