{"elements":[{"from":[5.8285713,7.142857,6.2285714],"to":[9.028571,10.342857,7.714286],"rotation":{"angle":-45.0,"axis":"z","origin":[8.0,8.171429,8.114285]},"faces":{"east":{"uv":[2.625,6.625,3.0,7.375],"rotation":0,"texture":"#0","tintindex":0},"south":{"uv":[4.125,6.625,4.875,7.375],"rotation":0,"texture":"#0","tintindex":0},"north":{"uv":[3.0,6.625,3.75,7.375],"rotation":0,"texture":"#0","tintindex":0},"west":{"uv":[3.75,6.625,4.125,7.375],"rotation":0,"texture":"#0","tintindex":0},"up":{"uv":[3.75,6.625,3.0,6.25],"rotation":0,"texture":"#0","tintindex":0},"down":{"uv":[4.5,6.25,3.75,6.625],"rotation":0,"texture":"#0","tintindex":0}}}],"textures":{"0":"modelengine:entity/shadow_killer"},"display":{"head":{"translation":[0.0,-6.4,0.0],"scale":[4.0,4.0,4.0]}}}