{"elements":[{"from":[5.428571,6.285714,5.142857],"to":[10.571428,8.0,10.857143],"rotation":{"angle":0.0,"axis":"y","origin":[8.285714,-5.714287,8.0]},"faces":{"east":{"uv":[1.75,10.75,3.0,11.125],"rotation":0,"texture":"#0","tintindex":0},"south":{"uv":[5.375,10.75,6.5,11.125],"rotation":0,"texture":"#0","tintindex":0},"north":{"uv":[3.0,10.75,4.125,11.125],"rotation":0,"texture":"#0","tintindex":0},"west":{"uv":[4.125,10.75,5.375,11.125],"rotation":0,"texture":"#0","tintindex":0},"up":{"uv":[4.125,10.75,3.0,9.5],"rotation":0,"texture":"#0","tintindex":0},"down":{"uv":[5.25,9.5,4.125,10.75],"rotation":0,"texture":"#0","tintindex":0}}},{"from":[8.857143,4.0,5.142857],"to":[10.0,6.285714,5.714286],"rotation":{"angle":0.0,"axis":"y","origin":[8.285714,-5.714287,8.0]},"faces":{"east":{"uv":[2.125,9.375,2.25,9.875],"rotation":0,"texture":"#0","tintindex":0},"south":{"uv":[2.625,9.375,2.875,9.875],"rotation":0,"texture":"#0","tintindex":0},"north":{"uv":[2.25,9.375,2.5,9.875],"rotation":0,"texture":"#0","tintindex":0},"west":{"uv":[2.5,9.375,2.625,9.875],"rotation":0,"texture":"#0","tintindex":0},"up":{"uv":[2.5,9.375,2.25,9.25],"rotation":0,"texture":"#0","tintindex":0},"down":{"uv":[2.75,9.25,2.5,9.375],"rotation":0,"texture":"#0","tintindex":0}}},{"from":[6.0,5.2,4.5714283],"to":[7.142857,8.057143,5.714286],"rotation":{"angle":0.0,"axis":"y","origin":[8.285714,-5.714287,8.0]},"faces":{"east":{"uv":[7.0,10.125,7.25,10.75],"rotation":0,"texture":"#0","tintindex":0},"south":{"uv":[7.75,10.125,8.0,10.75],"rotation":0,"texture":"#0","tintindex":0},"north":{"uv":[7.25,10.125,7.5,10.75],"rotation":0,"texture":"#0","tintindex":0},"west":{"uv":[7.5,10.125,7.75,10.75],"rotation":0,"texture":"#0","tintindex":0},"up":{"uv":[7.5,10.125,7.25,9.875],"rotation":0,"texture":"#0","tintindex":0},"down":{"uv":[7.75,9.875,7.5,10.125],"rotation":0,"texture":"#0","tintindex":0}}}],"textures":{"0":"modelengine:entity/shadow_killer"},"display":{"head":{"translation":[0.0,-6.4,0.0],"scale":[4.0,4.0,4.0]}}}