{"elements":[{"from":[7.142857,6.88403,5.116662],"to":[8.857143,8.026887,7.4023767],"rotation":{"angle":0.0,"axis":"y","origin":[6.6285715,1.169744,7.9738054]},"faces":{"east":{"uv":[7.0,2.875,7.5,3.125],"rotation":0,"texture":"#0","tintindex":0},"south":{"uv":[8.375,2.875,8.75,3.125],"rotation":0,"texture":"#0","tintindex":0},"north":{"uv":[7.5,2.875,7.875,3.125],"rotation":0,"texture":"#0","tintindex":0},"west":{"uv":[7.875,2.875,8.375,3.125],"rotation":0,"texture":"#0","tintindex":0},"up":{"uv":[7.875,2.875,7.5,2.375],"rotation":0,"texture":"#0","tintindex":0},"down":{"uv":[8.25,2.375,7.875,2.875],"rotation":0,"texture":"#0","tintindex":0}}},{"from":[7.1571426,6.8983154,7.416662],"to":[8.842857,8.012602,9.002377],"rotation":{"angle":-45.0,"axis":"x","origin":[8.057143,6.88403,7.4023767]},"faces":{"east":{"uv":[2.625,5.875,2.875,6.125],"rotation":0,"texture":"#0","tintindex":0},"south":{"uv":[3.5,5.875,3.875,6.125],"rotation":0,"texture":"#0","tintindex":0},"north":{"uv":[2.875,5.875,3.25,6.125],"rotation":0,"texture":"#0","tintindex":0},"west":{"uv":[3.25,5.875,3.5,6.125],"rotation":0,"texture":"#0","tintindex":0},"up":{"uv":[3.25,5.875,2.875,5.625],"rotation":0,"texture":"#0","tintindex":0},"down":{"uv":[3.625,5.625,3.25,5.875],"rotation":0,"texture":"#0","tintindex":0}}}],"textures":{"0":"modelengine:entity/shadow_killer"},"display":{"head":{"translation":[0.0,-6.4,0.0],"scale":[4.0,4.0,4.0]}}}