{"elements":[{"from":[7.142857,4.0,6.285714],"to":[10.0,9.142858,9.714286],"rotation":{"angle":0.0,"axis":"y","origin":[7.2,2.2857141,8.0]},"faces":{"east":{"uv":[4.125,2.0,4.875,3.125],"rotation":0,"texture":"#0","tintindex":0},"south":{"uv":[6.25,2.0,6.875,3.125],"rotation":0,"texture":"#0","tintindex":0},"north":{"uv":[4.875,2.0,5.5,3.125],"rotation":0,"texture":"#0","tintindex":0},"west":{"uv":[5.5,2.0,6.25,3.125],"rotation":0,"texture":"#0","tintindex":0},"up":{"uv":[5.5,2.0,4.875,1.25],"rotation":0,"texture":"#0","tintindex":0},"down":{"uv":[6.125,1.25,5.5,2.0],"rotation":0,"texture":"#0","tintindex":0}}}],"textures":{"0":"modelengine:entity/shadow_killer"},"display":{"head":{"translation":[0.0,-6.4,0.0],"scale":[4.0,4.0,4.0]}}}