{"elements":[{"from":[6.7048016,5.3521814,6.857143],"to":[9.561945,8.209325,9.714286],"rotation":{"angle":0.0,"axis":"y","origin":[4.4190874,-6.0763903,8.571428]},"faces":{"east":{"uv":[0.0,6.25,0.625,6.875],"rotation":0,"texture":"#0","tintindex":0},"south":{"uv":[1.875,6.25,2.5,6.875],"rotation":0,"texture":"#0","tintindex":0},"north":{"uv":[0.625,6.25,1.25,6.875],"rotation":0,"texture":"#0","tintindex":0},"west":{"uv":[1.25,6.25,1.875,6.875],"rotation":0,"texture":"#0","tintindex":0},"up":{"uv":[1.25,6.25,0.625,5.625],"rotation":0,"texture":"#0","tintindex":0},"down":{"uv":[1.875,5.625,1.25,6.25],"rotation":0,"texture":"#0","tintindex":0}}},{"from":[6.9476585,4.7950387,6.8714285],"to":[8.061944,5.452182,7.9857144],"rotation":{"angle":22.5,"axis":"z","origin":[7.790516,5.0664673,7.428571]},"faces":{"east":{"uv":[3.0,7.75,3.25,7.875],"rotation":0,"texture":"#0","tintindex":0},"south":{"uv":[3.75,7.75,4.0,7.875],"rotation":0,"texture":"#0","tintindex":0},"north":{"uv":[3.25,7.75,3.5,7.875],"rotation":0,"texture":"#0","tintindex":0},"west":{"uv":[3.5,7.75,3.75,7.875],"rotation":0,"texture":"#0","tintindex":0},"up":{"uv":[3.5,7.75,3.25,7.5],"rotation":0,"texture":"#0","tintindex":0},"down":{"uv":[3.75,7.5,3.5,7.75],"rotation":0,"texture":"#0","tintindex":0}}},{"from":[7.5048018,3.6378956,7.142857],"to":[9.219088,5.3521814,9.428572],"rotation":{"angle":0.0,"axis":"y","origin":[4.6476583,-8.362104,8.285714]},"faces":{"east":{"uv":[0.0,7.5,0.5,7.875],"rotation":0,"texture":"#0","tintindex":0},"south":{"uv":[1.375,7.5,1.75,7.875],"rotation":0,"texture":"#0","tintindex":0},"north":{"uv":[0.5,7.5,0.875,7.875],"rotation":0,"texture":"#0","tintindex":0},"west":{"uv":[0.875,7.5,1.375,7.875],"rotation":0,"texture":"#0","tintindex":0},"up":{"uv":[0.875,7.5,0.5,7.0],"rotation":0,"texture":"#0","tintindex":0},"down":{"uv":[1.25,7.0,0.875,7.5],"rotation":0,"texture":"#0","tintindex":0}}}],"textures":{"0":"modelengine:entity/shadow_killer"},"display":{"head":{"translation":[0.0,-6.4,0.0],"scale":[4.0,4.0,4.0]}}}