{"elements":[{"from":[7.142857,6.285714,7.142857],"to":[8.857143,8.0,8.857143],"rotation":{"angle":0.0,"axis":"y","origin":[11.714286,-3.4285717,8.285714]},"faces":{"east":{"uv":[6.125,7.625,5.75,8.0],"rotation":0,"texture":"#0","tintindex":0},"south":{"uv":[6.5,7.625,6.125,8.0],"rotation":0,"texture":"#0","tintindex":0},"north":{"uv":[5.75,7.625,5.375,8.0],"rotation":0,"texture":"#0","tintindex":0},"west":{"uv":[5.375,7.625,5.0,8.0],"rotation":0,"texture":"#0","tintindex":0},"up":{"uv":[5.375,7.625,5.75,7.25],"rotation":0,"texture":"#0","tintindex":0},"down":{"uv":[5.75,7.25,6.125,7.625],"rotation":0,"texture":"#0","tintindex":0}}}],"textures":{"0":"modelengine:entity/shadow_killer"},"display":{"head":{"translation":[0.0,-6.4,0.0],"scale":[4.0,4.0,4.0]}}}