{"elements":[{"from":[7.142857,5.142857,7.142857],"to":[8.857143,8.0,8.857143],"rotation":{"angle":0.0,"axis":"y","origin":[9.3714285,1.7142854,8.285714]},"faces":{"east":{"uv":[8.125,1.625,7.75,2.25],"rotation":0,"texture":"#0","tintindex":0},"south":{"uv":[8.5,1.625,8.125,2.25],"rotation":0,"texture":"#0","tintindex":0},"north":{"uv":[7.75,1.625,7.375,2.25],"rotation":0,"texture":"#0","tintindex":0},"west":{"uv":[7.375,1.625,7.0,2.25],"rotation":0,"texture":"#0","tintindex":0},"up":{"uv":[7.375,1.625,7.75,1.25],"rotation":0,"texture":"#0","tintindex":0},"down":{"uv":[7.75,1.25,8.125,1.625],"rotation":0,"texture":"#0","tintindex":0}}}],"textures":{"0":"modelengine:entity/shadow_killer"},"display":{"head":{"translation":[0.0,-6.4,0.0],"scale":[4.0,4.0,4.0]}}}