{"elements":[{"from":[4.8571424,8.0,6.285714],"to":[8.285714,10.285714,9.714286],"rotation":{"angle":22.5,"axis":"z","origin":[8.285714,9.142858,8.0]},"faces":{"east":{"uv":[6.625,5.625,5.875,6.125],"rotation":0,"texture":"#0","tintindex":0},"south":{"uv":[7.375,5.625,6.625,6.125],"rotation":0,"texture":"#0","tintindex":0},"north":{"uv":[5.875,5.625,5.125,6.125],"rotation":0,"texture":"#0","tintindex":0},"west":{"uv":[5.125,5.625,4.375,6.125],"rotation":0,"texture":"#0","tintindex":0},"up":{"uv":[5.125,5.625,5.875,4.875],"rotation":0,"texture":"#0","tintindex":0},"down":{"uv":[5.875,4.875,6.625,5.625],"rotation":0,"texture":"#0","tintindex":0}}},{"from":[6.0,6.857143,6.857143],"to":[8.285714,8.571428,9.142858],"rotation":{"angle":0.0,"axis":"y","origin":[10.571428,-2.8571434,8.571428]},"faces":{"east":{"uv":[6.5,6.75,6.0,7.125],"rotation":0,"texture":"#0","tintindex":0},"south":{"uv":[7.0,6.75,6.5,7.125],"rotation":0,"texture":"#0","tintindex":0},"north":{"uv":[6.0,6.75,5.5,7.125],"rotation":0,"texture":"#0","tintindex":0},"west":{"uv":[5.5,6.75,5.0,7.125],"rotation":0,"texture":"#0","tintindex":0},"up":{"uv":[5.5,6.75,6.0,6.25],"rotation":0,"texture":"#0","tintindex":0},"down":{"uv":[6.0,6.25,6.5,6.75],"rotation":0,"texture":"#0","tintindex":0}}}],"textures":{"0":"modelengine:entity/shadow_killer"},"display":{"head":{"translation":[0.0,-6.4,0.0],"scale":[4.0,4.0,4.0]}}}