{"elements":[{"from":[7.7714286,7.7714286,-6.028572],"to":[8.8,8.8,20.714287],"rotation":{"angle":0.0,"axis":"y","origin":[7.714286,7.714286,23.057144]},"faces":{"east":{"uv":[3.75,11.375,9.625,11.625],"rotation":0,"texture":"#0","tintindex":0},"south":{"uv":[15.75,11.375,16.0,11.625],"rotation":0,"texture":"#0","tintindex":0},"north":{"uv":[9.625,11.375,9.875,11.625],"rotation":0,"texture":"#0","tintindex":0},"west":{"uv":[9.875,11.375,15.75,11.625],"rotation":0,"texture":"#0","tintindex":0},"up":{"uv":[9.875,11.375,9.625,5.5],"rotation":0,"texture":"#0","tintindex":0},"down":{"uv":[10.125,5.5,9.875,11.375],"rotation":0,"texture":"#0","tintindex":0}}},{"from":[7.428571,7.428571,-6.3714294],"to":[9.142858,9.142858,-5.799999],"rotation":{"angle":0.0,"axis":"y","origin":[8.0,8.0,23.057144]},"faces":{"east":{"uv":[15.0,15.125,15.125,15.5],"rotation":0,"texture":"#0","tintindex":0},"south":{"uv":[15.625,15.125,16.0,15.5],"rotation":0,"texture":"#0","tintindex":0},"north":{"uv":[15.125,15.125,15.5,15.5],"rotation":0,"texture":"#0","tintindex":0},"west":{"uv":[15.5,15.125,15.625,15.5],"rotation":0,"texture":"#0","tintindex":0},"up":{"uv":[15.5,15.125,15.125,15.0],"rotation":0,"texture":"#0","tintindex":0},"down":{"uv":[15.875,15.0,15.5,15.125],"rotation":0,"texture":"#0","tintindex":0}}},{"from":[7.6857142,7.4,-9.257141],"to":[8.885715,8.6,-6.3428574],"rotation":{"angle":-45.0,"axis":"x","origin":[8.571428,8.571428,-6.9428577]},"faces":{"east":{"uv":[3.375,15.125,4.0,15.375],"rotation":0,"texture":"#0","tintindex":0},"south":{"uv":[4.875,15.125,5.125,15.375],"rotation":0,"texture":"#0","tintindex":0},"north":{"uv":[4.0,15.125,4.25,15.375],"rotation":0,"texture":"#0","tintindex":0},"west":{"uv":[4.25,15.125,4.875,15.375],"rotation":0,"texture":"#0","tintindex":0},"up":{"uv":[4.25,15.125,4.0,14.5],"rotation":0,"texture":"#0","tintindex":0},"down":{"uv":[4.5,14.5,4.25,15.125],"rotation":0,"texture":"#0","tintindex":0}}},{"from":[7.7,7.9857144,-9.242859],"to":[8.8714285,9.157143,-4.6428566],"rotation":{"angle":45.0,"axis":"x","origin":[8.571428,8.571428,-6.9428577]},"faces":{"east":{"uv":[3.0,15.125,4.0,15.375],"rotation":0,"texture":"#0","tintindex":0},"south":{"uv":[5.25,15.125,5.5,15.375],"rotation":0,"texture":"#0","tintindex":0},"north":{"uv":[4.0,15.125,4.25,15.375],"rotation":0,"texture":"#0","tintindex":0},"west":{"uv":[4.25,15.125,5.25,15.375],"rotation":0,"texture":"#0","tintindex":0},"up":{"uv":[4.25,15.125,4.0,14.125],"rotation":0,"texture":"#0","tintindex":0},"down":{"uv":[4.5,14.125,4.25,15.125],"rotation":0,"texture":"#0","tintindex":0}}},{"from":[8.014286,6.6571426,27.285717],"to":[8.557143,9.485714,30.114288],"rotation":{"angle":45.0,"axis":"x","origin":[8.285714,8.071428,28.985716]},"faces":{"east":{"uv":[15.125,14.25,14.5,13.625],"rotation":0,"texture":"#0","tintindex":0},"south":{"uv":[15.25,14.25,15.125,13.625],"rotation":0,"texture":"#0","tintindex":0},"north":{"uv":[16.0,14.25,15.875,13.625],"rotation":0,"texture":"#0","tintindex":0},"west":{"uv":[15.875,14.25,15.25,13.625],"rotation":0,"texture":"#0","tintindex":0},"up":{"uv":[15.375,13.0,15.25,13.625],"rotation":0,"texture":"#0","tintindex":0},"down":{"uv":[15.25,13.625,15.125,13.0],"rotation":0,"texture":"#0","tintindex":0}}},{"from":[8.0,6.742857,20.171429],"to":[8.571428,7.3142858,21.314287],"rotation":{"angle":-22.5,"axis":"x","origin":[8.285714,7.2,21.342857]},"faces":{"east":{"uv":[3.375,13.625,3.125,13.5],"rotation":0,"texture":"#0","tintindex":0},"south":{"uv":[3.5,13.625,3.375,13.5],"rotation":0,"texture":"#0","tintindex":0},"north":{"uv":[3.875,13.625,3.75,13.5],"rotation":0,"texture":"#0","tintindex":0},"west":{"uv":[3.75,13.625,3.5,13.5],"rotation":0,"texture":"#0","tintindex":0},"up":{"uv":[3.625,13.25,3.5,13.5],"rotation":0,"texture":"#0","tintindex":0},"down":{"uv":[3.5,13.5,3.375,13.25],"rotation":0,"texture":"#0","tintindex":0}}},{"from":[8.0,6.857143,20.2],"to":[8.571428,9.714286,28.2],"rotation":{"angle":0.0,"axis":"y","origin":[8.0,8.571428,-8.942856]},"faces":{"east":{"uv":[1.75,14.75,0.0,14.125],"rotation":0,"texture":"#0","tintindex":0},"south":{"uv":[1.875,14.75,1.75,14.125],"rotation":0,"texture":"#0","tintindex":0},"north":{"uv":[3.75,14.75,3.625,14.125],"rotation":0,"texture":"#0","tintindex":0},"west":{"uv":[3.625,14.75,1.875,14.125],"rotation":0,"texture":"#0","tintindex":0},"up":{"uv":[2.0,12.375,1.875,14.125],"rotation":0,"texture":"#0","tintindex":0},"down":{"uv":[1.875,14.125,1.75,12.375],"rotation":0,"texture":"#0","tintindex":0}}},{"from":[7.7,7.4142857,18.757145],"to":[8.8714285,8.585714,23.357143],"rotation":{"angle":45.0,"axis":"x","origin":[8.571428,8.0,21.057144]},"faces":{"east":{"uv":[4.0,15.375,3.0,15.125],"rotation":0,"texture":"#0","tintindex":0},"south":{"uv":[4.25,15.375,4.0,15.125],"rotation":0,"texture":"#0","tintindex":0},"north":{"uv":[5.5,15.375,5.25,15.125],"rotation":0,"texture":"#0","tintindex":0},"west":{"uv":[5.25,15.375,4.25,15.125],"rotation":0,"texture":"#0","tintindex":0},"up":{"uv":[4.5,14.125,4.25,15.125],"rotation":0,"texture":"#0","tintindex":0},"down":{"uv":[4.25,15.125,4.0,14.125],"rotation":0,"texture":"#0","tintindex":0}}},{"from":[7.6857142,7.9714284,20.457144],"to":[8.885715,9.171429,23.37143],"rotation":{"angle":-45.0,"axis":"x","origin":[8.571428,8.0,21.057144]},"faces":{"east":{"uv":[4.0,15.375,3.375,15.125],"rotation":0,"texture":"#0","tintindex":0},"south":{"uv":[4.25,15.375,4.0,15.125],"rotation":0,"texture":"#0","tintindex":0},"north":{"uv":[5.125,15.375,4.875,15.125],"rotation":0,"texture":"#0","tintindex":0},"west":{"uv":[4.875,15.375,4.25,15.125],"rotation":0,"texture":"#0","tintindex":0},"up":{"uv":[4.5,14.5,4.25,15.125],"rotation":0,"texture":"#0","tintindex":0},"down":{"uv":[4.25,15.125,4.0,14.5],"rotation":0,"texture":"#0","tintindex":0}}},{"from":[7.428571,7.428571,19.914288],"to":[9.142858,9.142858,20.485716],"rotation":{"angle":0.0,"axis":"y","origin":[8.0,8.571428,-8.942856]},"faces":{"east":{"uv":[15.125,15.5,15.0,15.125],"rotation":0,"texture":"#0","tintindex":0},"south":{"uv":[15.5,15.5,15.125,15.125],"rotation":0,"texture":"#0","tintindex":0},"north":{"uv":[16.0,15.5,15.625,15.125],"rotation":0,"texture":"#0","tintindex":0},"west":{"uv":[15.625,15.5,15.5,15.125],"rotation":0,"texture":"#0","tintindex":0},"up":{"uv":[15.875,15.0,15.5,15.125],"rotation":0,"texture":"#0","tintindex":0},"down":{"uv":[15.5,15.125,15.125,15.0],"rotation":0,"texture":"#0","tintindex":0}}},{"from":[8.0,6.857143,-14.085716],"to":[8.571428,9.714286,-6.0857143],"rotation":{"angle":0.0,"axis":"y","origin":[8.0,8.0,23.057144]},"faces":{"east":{"uv":[0.0,14.125,1.75,14.75],"rotation":0,"texture":"#0","tintindex":0},"south":{"uv":[3.625,14.125,3.75,14.75],"rotation":0,"texture":"#0","tintindex":0},"north":{"uv":[1.75,14.125,1.875,14.75],"rotation":0,"texture":"#0","tintindex":0},"west":{"uv":[1.875,14.125,3.625,14.75],"rotation":0,"texture":"#0","tintindex":0},"up":{"uv":[1.875,14.125,1.75,12.375],"rotation":0,"texture":"#0","tintindex":0},"down":{"uv":[2.0,12.375,1.875,14.125],"rotation":0,"texture":"#0","tintindex":0}}},{"from":[8.0,9.257143,-7.200001],"to":[8.571428,9.828571,-6.057144],"rotation":{"angle":-22.5,"axis":"x","origin":[8.285714,9.3714285,-7.228571]},"faces":{"east":{"uv":[3.125,13.5,3.375,13.625],"rotation":0,"texture":"#0","tintindex":0},"south":{"uv":[3.75,13.5,3.875,13.625],"rotation":0,"texture":"#0","tintindex":0},"north":{"uv":[3.375,13.5,3.5,13.625],"rotation":0,"texture":"#0","tintindex":0},"west":{"uv":[3.5,13.5,3.75,13.625],"rotation":0,"texture":"#0","tintindex":0},"up":{"uv":[3.5,13.5,3.375,13.25],"rotation":0,"texture":"#0","tintindex":0},"down":{"uv":[3.625,13.25,3.5,13.5],"rotation":0,"texture":"#0","tintindex":0}}},{"from":[8.014286,7.0857143,-16.0],"to":[8.557143,9.914286,-13.171429],"rotation":{"angle":45.0,"axis":"x","origin":[8.285714,8.5,-14.871429]},"faces":{"east":{"uv":[14.5,13.625,15.125,14.25],"rotation":0,"texture":"#0","tintindex":0},"south":{"uv":[15.875,13.625,16.0,14.25],"rotation":0,"texture":"#0","tintindex":0},"north":{"uv":[15.125,13.625,15.25,14.25],"rotation":0,"texture":"#0","tintindex":0},"west":{"uv":[15.25,13.625,15.875,14.25],"rotation":0,"texture":"#0","tintindex":0},"up":{"uv":[15.25,13.625,15.125,13.0],"rotation":0,"texture":"#0","tintindex":0},"down":{"uv":[15.375,13.0,15.25,13.625],"rotation":0,"texture":"#0","tintindex":0}}}],"textures":{"0":"modelengine:entity/shadow_killer"},"display":{"head":{"translation":[0.0,-6.4,-60.228577],"scale":[4.0,4.0,4.0]}}}