{"elements":[{"from":[6.355594,5.829897,6.8736687],"to":[9.184166,9.372754,10.10224],"rotation":{"angle":0.0,"axis":"y","origin":[7.76988,-19.712961,8.887955]},"faces":{"east":{"uv":[4.75,0.0,5.4375,0.75],"rotation":0,"texture":"#0","tintindex":0},"south":{"uv":[3.125,5.625,3.75,6.375],"rotation":0,"texture":"#0","tintindex":0},"north":{"uv":[5.5,0.0,6.125,0.75],"rotation":0,"texture":"#0","tintindex":0},"west":{"uv":[3.875,5.0,4.5625,5.75],"rotation":0,"texture":"#0","tintindex":0},"up":{"uv":[4.375,6.4375,3.75,5.75],"rotation":0,"texture":"#0","tintindex":0},"down":{"uv":[5.0,5.75,4.375,6.4375],"rotation":0,"texture":"#0","tintindex":0}}},{"from":[8.46988,6.0013256,5.50224],"to":[9.012737,6.515611,6.90224],"rotation":{"angle":-22.5,"axis":"y","origin":[8.112737,6.2584686,6.20224]},"faces":{"east":{"uv":[6.125,3.75,6.4375,3.875],"rotation":0,"texture":"#0","tintindex":0},"south":{"uv":[3.75,5.625,3.875,5.75],"rotation":0,"texture":"#0","tintindex":0},"north":{"uv":[2.875,3.875,3.0,4.0],"rotation":0,"texture":"#0","tintindex":0},"west":{"uv":[3.125,6.375,3.4375,6.5],"rotation":0,"texture":"#0","tintindex":0},"up":{"uv":[3.0,3.8125,2.875,3.5],"rotation":0,"texture":"#0","tintindex":0},"down":{"uv":[4.25,2.5,4.125,2.8125],"rotation":0,"texture":"#0","tintindex":0}}},{"from":[7.955594,5.844183,5.6736684],"to":[8.498451,6.3584685,7.0736685],"rotation":{"angle":-22.5,"axis":"x","origin":[8.227023,6.2584686,6.20224]},"faces":{"east":{"uv":[6.5,3.75,6.8125,3.875],"rotation":0,"texture":"#0","tintindex":0},"south":{"uv":[0.5,6.25,0.625,6.375],"rotation":0,"texture":"#0","tintindex":0},"north":{"uv":[4.625,5.625,4.75,5.75],"rotation":0,"texture":"#0","tintindex":0},"west":{"uv":[6.5,5.625,6.8125,5.75],"rotation":0,"texture":"#0","tintindex":0},"up":{"uv":[4.25,3.1875,4.125,2.875],"rotation":0,"texture":"#0","tintindex":0},"down":{"uv":[4.0,4.625,3.875,4.9375],"rotation":0,"texture":"#0","tintindex":0}}},{"from":[6.3270226,8.9727545,6.70224],"to":[9.212737,10.172754,8.787954],"rotation":{"angle":-22.5,"axis":"x","origin":[7.76988,9.858469,8.487954]},"faces":{"east":{"uv":[7.0,3.0,7.4375,3.25],"rotation":0,"texture":"#0","tintindex":0},"south":{"uv":[7.875,3.25,8.5,3.5],"rotation":0,"texture":"#0","tintindex":0},"north":{"uv":[7.875,3.0,8.5,3.25],"rotation":0,"texture":"#0","tintindex":0},"west":{"uv":[8.125,7.5,8.5625,7.75],"rotation":0,"texture":"#0","tintindex":0},"up":{"uv":[1.75,4.1875,1.125,3.75],"rotation":0,"texture":"#0","tintindex":0},"down":{"uv":[5.5,3.0,4.875,3.4375],"rotation":0,"texture":"#0","tintindex":0}}},{"from":[6.3413086,8.7207775,8.473417],"to":[9.198452,9.920777,9.816275],"rotation":{"angle":22.5,"axis":"x","origin":[7.76988,9.663634,9.316275]},"faces":{"east":{"uv":[7.0,3.0,7.4375,3.25],"rotation":0,"texture":"#0","tintindex":0},"south":{"uv":[7.875,3.5,8.5,3.75],"rotation":0,"texture":"#0","tintindex":0},"north":{"uv":[3.375,7.875,4.0,8.125],"rotation":0,"texture":"#0","tintindex":0},"west":{"uv":[8.125,7.5,8.5625,7.75],"rotation":0,"texture":"#0","tintindex":0},"up":{"uv":[1.75,4.1875,1.125,3.75],"rotation":0,"texture":"#0","tintindex":0},"down":{"uv":[1.5,7.625,0.875,7.9375],"rotation":0,"texture":"#0","tintindex":0}}},{"from":[6.3698797,8.5292,9.257183],"to":[9.16988,9.372057,9.685755],"rotation":{"angle":45.0,"axis":"x","origin":[7.76988,8.786343,9.928612]},"faces":{"east":{"uv":[7.0,3.0,7.4375,3.25],"rotation":0,"texture":"#0","tintindex":0},"south":{"uv":[7.875,3.5,8.5,3.75],"rotation":0,"texture":"#0","tintindex":0},"north":{"uv":[3.375,7.875,4.0,8.125],"rotation":0,"texture":"#0","tintindex":0},"west":{"uv":[8.125,7.5,8.5625,7.75],"rotation":0,"texture":"#0","tintindex":0},"up":{"uv":[1.75,4.1875,1.125,3.75],"rotation":0,"texture":"#0","tintindex":0},"down":{"uv":[1.5,7.625,0.875,7.9375],"rotation":0,"texture":"#0","tintindex":0}}}],"textures":{"0":"modelengine:entity/smoker"},"display":{"head":{"translation":[0.0,-6.4,0.0],"scale":[4.0,4.0,4.0]}}}