{"elements":[{"from":[6.5714283,7.9428573,6.5142856],"to":[9.085714,12.0,9.142858],"rotation":{"angle":0.0,"axis":"y","origin":[7.9142857,4.4142857,7.4857144]},"faces":{"east":{"uv":[5.25,5.875,5.6875,6.75],"rotation":0,"texture":"#0","tintindex":0},"south":{"uv":[5.75,5.875,6.1875,6.75],"rotation":0,"texture":"#0","tintindex":0},"north":{"uv":[0.625,4.375,1.0625,5.25],"rotation":0,"texture":"#0","tintindex":0},"west":{"uv":[6.0,4.0,6.4375,4.875],"rotation":0,"texture":"#0","tintindex":0},"up":{"uv":[1.6875,6.625,1.125,7.1875],"rotation":0,"texture":"#0","tintindex":0},"down":{"uv":[1.6875,6.625,1.125,7.1875],"rotation":0,"texture":"#0","tintindex":0}}},{"from":[6.9714284,3.885714,6.8],"to":[9.028571,7.9428573,8.857143],"rotation":{"angle":0.0,"axis":"y","origin":[7.9142857,4.4142857,7.4857144]},"faces":{"east":{"uv":[5.25,5.875,5.6875,6.75],"rotation":0,"texture":"#0","tintindex":0},"south":{"uv":[5.75,5.875,6.1875,6.75],"rotation":0,"texture":"#0","tintindex":0},"north":{"uv":[0.625,4.375,1.0625,5.25],"rotation":0,"texture":"#0","tintindex":0},"west":{"uv":[6.0,4.0,6.4375,4.875],"rotation":0,"texture":"#0","tintindex":0},"up":{"uv":[8.1875,1.3125,7.75,0.875],"rotation":0,"texture":"#0","tintindex":0},"down":{"uv":[8.1875,2.25,7.75,2.6875],"rotation":0,"texture":"#0","tintindex":0}}}],"textures":{"0":"modelengine:entity/smoker"},"display":{"head":{"translation":[0.0,-6.4,0.0],"scale":[4.0,4.0,4.0]}}}