{"elements":[{"from":[7.234286,5.2799997,6.022857],"to":[8.834286,6.4228573,8.88],"rotation":{"angle":0.0,"axis":"y","origin":[7.948571,11.408571,7.794286]},"faces":{"east":{"uv":[7.875,1.375,8.5,1.625],"rotation":0,"texture":"#0","tintindex":0},"south":{"uv":[7.0,6.625,7.375,6.875],"rotation":0,"texture":"#0","tintindex":0},"north":{"uv":[6.625,1.5,7.0,1.75],"rotation":0,"texture":"#0","tintindex":0},"west":{"uv":[7.875,1.625,8.5,1.875],"rotation":0,"texture":"#0","tintindex":0},"up":{"uv":[6.625,8.0,6.25,7.375],"rotation":0,"texture":"#0","tintindex":0},"down":{"uv":[7.0,7.375,6.625,8.0],"rotation":0,"texture":"#0","tintindex":0}}},{"from":[7.234286,6.4228573,7.3942857],"to":[8.834286,9.908571,8.88],"rotation":{"angle":0.0,"axis":"y","origin":[7.948571,11.408571,7.794286]},"faces":{"east":{"uv":[7.375,6.625,7.6875,7.375],"rotation":0,"texture":"#0","tintindex":0},"south":{"uv":[0.5,7.0,0.875,7.75],"rotation":0,"texture":"#0","tintindex":0},"north":{"uv":[1.75,2.75,2.125,3.5],"rotation":0,"texture":"#0","tintindex":0},"west":{"uv":[7.0,7.375,7.3125,8.125],"rotation":0,"texture":"#0","tintindex":0},"up":{"uv":[4.75,8.4375,4.375,8.125],"rotation":0,"texture":"#0","tintindex":0},"down":{"uv":[7.25,8.125,6.875,8.4375],"rotation":0,"texture":"#0","tintindex":0}}},{"from":[6.8914285,9.908571,6.9942856],"to":[9.177143,10.88,9.28],"rotation":{"angle":0.0,"axis":"y","origin":[7.948571,11.408571,7.794286]},"faces":{"east":{"uv":[5.75,8.25,6.25,8.4375],"rotation":0,"texture":"#0","tintindex":0},"south":{"uv":[8.25,5.75,8.75,5.9375],"rotation":0,"texture":"#0","tintindex":0},"north":{"uv":[5.25,8.25,5.75,8.4375],"rotation":0,"texture":"#0","tintindex":0},"west":{"uv":[8.25,6.0,8.75,6.1875],"rotation":0,"texture":"#0","tintindex":0},"up":{"uv":[4.875,7.5,4.375,7.0],"rotation":0,"texture":"#0","tintindex":0},"down":{"uv":[7.75,0.875,7.25,1.375],"rotation":0,"texture":"#0","tintindex":0}}}],"textures":{"0":"modelengine:entity/smoker"},"display":{"head":{"translation":[0.0,-6.4,0.0],"scale":[4.0,4.0,4.0]}}}