{"elements":[{"from":[6.5714283,4.0,5.985714],"to":[9.428572,8.457143,10.014286],"rotation":{"angle":-22.5,"axis":"z","origin":[8.0,8.0,8.0]},"faces":{"east":{"uv":[2.125,1.5,3.0,2.5],"rotation":0,"texture":"#0","tintindex":0},"south":{"uv":[0.0,4.375,0.625,5.375],"rotation":0,"texture":"#0","tintindex":0},"north":{"uv":[4.25,2.5,4.875,3.5],"rotation":0,"texture":"#0","tintindex":0},"west":{"uv":[2.125,2.5,3.0,3.5],"rotation":0,"texture":"#0","tintindex":0},"up":{"uv":[5.375,4.875,4.75,4.0],"rotation":0,"texture":"#0","tintindex":0},"down":{"uv":[5.5,1.25,4.875,2.125],"rotation":0,"texture":"#0","tintindex":0}}},{"from":[6.285714,3.6,5.8142853],"to":[9.457143,4.5142856,10.185715],"rotation":{"angle":-22.5,"axis":"z","origin":[8.0,8.0,8.0]},"faces":{"east":{"uv":[7.75,2.75,8.6875,2.9375],"rotation":0,"texture":"#0","tintindex":0},"south":{"uv":[8.125,0.0,8.8125,0.1875],"rotation":0,"texture":"#0","tintindex":0},"north":{"uv":[5.625,8.0,6.3125,8.1875],"rotation":0,"texture":"#0","tintindex":0},"west":{"uv":[7.75,6.375,8.6875,6.5625],"rotation":0,"texture":"#0","tintindex":0},"up":{"uv":[4.6875,4.9375,4.0,4.0],"rotation":0,"texture":"#0","tintindex":0},"down":{"uv":[4.8125,1.5,4.125,2.4375],"rotation":0,"texture":"#0","tintindex":0}}}],"textures":{"0":"modelengine:entity/smoker"},"display":{"head":{"translation":[0.0,-6.4,0.0],"scale":[4.0,4.0,4.0]}}}