{"elements":[{"from":[7.9428573,7.8285713,6.7285714],"to":[11.2,10.114286,8.928572],"rotation":{"angle":45.0,"axis":"z","origin":[9.057143,9.142858,7.8285713]},"faces":{"east":{"uv":[2.125,7.375,2.625,7.875],"rotation":0,"texture":"#0","tintindex":0},"south":{"uv":[6.25,5.875,6.9375,6.375],"rotation":0,"texture":"#0","tintindex":0},"north":{"uv":[6.125,3.25,6.8125,3.75],"rotation":0,"texture":"#0","tintindex":0},"west":{"uv":[2.625,7.375,3.125,7.875],"rotation":0,"texture":"#0","tintindex":0},"up":{"uv":[6.9375,6.875,6.25,6.375],"rotation":0,"texture":"#0","tintindex":0},"down":{"uv":[2.6875,6.5,2.0,7.0],"rotation":0,"texture":"#0","tintindex":0}}},{"from":[4.685714,8.0,7.0142856],"to":[7.9428573,9.714286,8.642858],"rotation":{"angle":45.0,"axis":"z","origin":[9.057143,9.142858,7.8285713]},"faces":{"east":{"uv":[2.0,6.125,2.375,6.5],"rotation":0,"texture":"#0","tintindex":0},"south":{"uv":[7.0,2.25,7.6875,2.625],"rotation":0,"texture":"#0","tintindex":0},"north":{"uv":[2.125,7.0,2.8125,7.375],"rotation":0,"texture":"#0","tintindex":0},"west":{"uv":[7.875,4.5,8.25,4.875],"rotation":0,"texture":"#0","tintindex":0},"up":{"uv":[7.6875,3.0,7.0,2.625],"rotation":0,"texture":"#0","tintindex":0},"down":{"uv":[3.5625,7.0,2.875,7.375],"rotation":0,"texture":"#0","tintindex":0}}}],"textures":{"0":"modelengine:entity/smoker"},"display":{"head":{"translation":[0.0,-6.4,0.0],"scale":[4.0,4.0,4.0]}}}