{"elements":[{"from":[4.4594455,11.810257,7.0912685],"to":[8.516588,13.6959715,8.8341255],"rotation":{"angle":45.0,"axis":"z","origin":[12.888018,12.9531145,7.962697]},"faces":{"east":{"uv":[0.5,7.75,0.875,8.1875],"rotation":0,"texture":"#0","tintindex":0},"south":{"uv":[7.0,2.25,7.6875,2.625],"rotation":0,"texture":"#0","tintindex":0},"north":{"uv":[2.125,7.0,2.8125,7.375],"rotation":0,"texture":"#0","tintindex":0},"west":{"uv":[1.75,7.75,2.125,8.1875],"rotation":0,"texture":"#0","tintindex":0},"up":{"uv":[7.6875,3.0,7.0,2.625],"rotation":0,"texture":"#0","tintindex":0},"down":{"uv":[3.5625,7.0,2.875,7.375],"rotation":0,"texture":"#0","tintindex":0}}},{"from":[4.4023027,11.581686,6.748411],"to":[5.659446,13.924543,9.176983],"rotation":{"angle":45.0,"axis":"z","origin":[12.888018,12.9531145,7.962697]},"faces":{"east":{"uv":[3.125,7.375,3.625,7.875],"rotation":0,"texture":"#0","tintindex":0},"south":{"uv":[0.0,8.0,0.25,8.5],"rotation":0,"texture":"#0","tintindex":0},"north":{"uv":[5.875,0.75,6.125,1.25],"rotation":0,"texture":"#0","tintindex":0},"west":{"uv":[3.625,7.375,4.125,7.875],"rotation":0,"texture":"#0","tintindex":0},"up":{"uv":[0.5,8.5,0.25,8.0],"rotation":0,"texture":"#0","tintindex":0},"down":{"uv":[6.625,8.0,6.375,8.5],"rotation":0,"texture":"#0","tintindex":0}}},{"from":[2.9165883,11.638828,7.205554],"to":[4.4023027,13.181686,8.71984],"rotation":{"angle":45.0,"axis":"z","origin":[12.888018,12.9531145,7.962697]},"faces":{"east":{"uv":[8.125,7.75,8.4375,8.0625],"rotation":0,"texture":"#0","tintindex":0},"south":{"uv":[8.0,8.125,8.3125,8.4375],"rotation":0,"texture":"#0","tintindex":0},"north":{"uv":[7.625,8.125,7.9375,8.4375],"rotation":0,"texture":"#0","tintindex":0},"west":{"uv":[0.5,8.25,0.8125,8.5625],"rotation":0,"texture":"#0","tintindex":0},"up":{"uv":[1.1875,8.5625,0.875,8.25],"rotation":0,"texture":"#0","tintindex":0},"down":{"uv":[8.5625,0.875,8.25,1.1875],"rotation":0,"texture":"#0","tintindex":0}}}],"textures":{"0":"modelengine:entity/smoker"},"display":{"head":{"translation":[0.0,-6.4,0.0],"scale":[4.0,4.0,4.0]}}}