{"elements":[{"from":[4.9714284,4.185714,6.1285715],"to":[11.028572,10.471429,9.7],"rotation":{"angle":0.0,"axis":"y","origin":[8.0,-14.1,8.085714]},"faces":{"east":{"uv":[1.375,0.0,2.125,1.375],"rotation":0,"texture":"#0","tintindex":0},"south":{"uv":[0.0,1.375,1.3125,2.75],"rotation":0,"texture":"#0","tintindex":0},"north":{"uv":[0.0,0.0,1.3125,1.375],"rotation":0,"texture":"#0","tintindex":0},"west":{"uv":[1.375,1.375,2.125,2.75],"rotation":0,"texture":"#0","tintindex":0},"up":{"uv":[3.4375,0.75,2.125,0.0],"rotation":0,"texture":"#0","tintindex":0},"down":{"uv":[3.4375,0.75,2.125,1.5],"rotation":0,"texture":"#0","tintindex":0}}},{"from":[5.442857,10.471429,6.528571],"to":[10.557143,11.442858,9.642858],"rotation":{"angle":0.0,"axis":"y","origin":[8.0,-14.1,8.085714]},"faces":{"east":{"uv":[7.875,5.25,8.5625,5.4375],"rotation":0,"texture":"#0","tintindex":0},"south":{"uv":[7.375,5.5,8.5,5.6875],"rotation":0,"texture":"#0","tintindex":0},"north":{"uv":[7.375,1.875,8.5,2.0625],"rotation":0,"texture":"#0","tintindex":0},"west":{"uv":[0.875,8.0,1.5625,8.1875],"rotation":0,"texture":"#0","tintindex":0},"up":{"uv":[4.625,1.4375,3.5,0.75],"rotation":0,"texture":"#0","tintindex":0},"down":{"uv":[2.875,3.5,1.75,4.1875],"rotation":0,"texture":"#0","tintindex":0}}}],"textures":{"0":"modelengine:entity/smoker"},"display":{"head":{"translation":[0.0,-6.4,0.0],"scale":[4.0,4.0,4.0]}}}