{"elements":[{"from":[6.542857,3.6,5.8142853],"to":[9.714286,4.5142856,10.185715],"rotation":{"angle":22.5,"axis":"z","origin":[8.0,8.0,8.0]},"faces":{"east":{"uv":[8.6875,6.375,7.75,6.5625],"rotation":0,"texture":"#0","tintindex":0},"south":{"uv":[8.8125,0.0,8.125,0.1875],"rotation":0,"texture":"#0","tintindex":0},"north":{"uv":[6.3125,8.0,5.625,8.1875],"rotation":0,"texture":"#0","tintindex":0},"west":{"uv":[8.6875,2.75,7.75,2.9375],"rotation":0,"texture":"#0","tintindex":0},"up":{"uv":[4.0,4.9375,4.6875,4.0],"rotation":0,"texture":"#0","tintindex":0},"down":{"uv":[4.125,1.5,4.8125,2.4375],"rotation":0,"texture":"#0","tintindex":0}}},{"from":[6.5714283,4.0,5.985714],"to":[9.428572,8.457143,10.014286],"rotation":{"angle":22.5,"axis":"z","origin":[8.0,8.0,8.0]},"faces":{"east":{"uv":[3.0,2.5,2.125,3.5],"rotation":0,"texture":"#0","tintindex":0},"south":{"uv":[0.625,4.375,0.0,5.375],"rotation":0,"texture":"#0","tintindex":0},"north":{"uv":[4.875,2.5,4.25,3.5],"rotation":0,"texture":"#0","tintindex":0},"west":{"uv":[3.0,1.5,2.125,2.5],"rotation":0,"texture":"#0","tintindex":0},"up":{"uv":[4.75,4.875,5.375,4.0],"rotation":0,"texture":"#0","tintindex":0},"down":{"uv":[4.875,1.25,5.5,2.125],"rotation":0,"texture":"#0","tintindex":0}}}],"textures":{"0":"modelengine:entity/smoker"},"display":{"head":{"translation":[0.0,-6.4,0.0],"scale":[4.0,4.0,4.0]}}}