{"elements":[{"from":[6.4254684,8.16368,6.5142856],"to":[8.9397545,12.220823,9.142858],"rotation":{"angle":0.0,"axis":"y","origin":[5.796897,-1.4934635,8.0]},"faces":{"east":{"uv":[6.4375,4.0,6.0,4.875],"rotation":0,"texture":"#0","tintindex":0},"south":{"uv":[6.1875,5.875,5.75,6.75],"rotation":0,"texture":"#0","tintindex":0},"north":{"uv":[1.0625,4.375,0.625,5.25],"rotation":0,"texture":"#0","tintindex":0},"west":{"uv":[5.6875,5.875,5.25,6.75],"rotation":0,"texture":"#0","tintindex":0},"up":{"uv":[1.125,6.625,1.6875,7.1875],"rotation":0,"texture":"#0","tintindex":0},"down":{"uv":[1.125,6.625,1.6875,7.1875],"rotation":0,"texture":"#0","tintindex":0}}},{"from":[6.482611,4.106537,6.8],"to":[8.539754,8.16368,8.857143],"rotation":{"angle":0.0,"axis":"y","origin":[5.796897,-1.4934635,8.0]},"faces":{"east":{"uv":[6.4375,4.0,6.0,4.875],"rotation":0,"texture":"#0","tintindex":0},"south":{"uv":[6.1875,5.875,5.75,6.75],"rotation":0,"texture":"#0","tintindex":0},"north":{"uv":[1.0625,4.375,0.625,5.25],"rotation":0,"texture":"#0","tintindex":0},"west":{"uv":[5.6875,5.875,5.25,6.75],"rotation":0,"texture":"#0","tintindex":0},"up":{"uv":[7.75,1.3125,8.1875,0.875],"rotation":0,"texture":"#0","tintindex":0},"down":{"uv":[7.75,2.25,8.1875,2.6875],"rotation":0,"texture":"#0","tintindex":0}}}],"textures":{"0":"modelengine:entity/smoker"},"display":{"head":{"translation":[0.0,-6.4,0.0],"scale":[4.0,4.0,4.0]}}}