{"elements":[{"from":[7.283914,6.5125027,7.3942857],"to":[8.883914,9.998218,8.88],"rotation":{"angle":0.0,"axis":"y","origin":[6.3696284,5.3696456,8.308572]},"faces":{"east":{"uv":[7.3125,7.375,7.0,8.125],"rotation":0,"texture":"#0","tintindex":0},"south":{"uv":[0.875,7.0,0.5,7.75],"rotation":0,"texture":"#0","tintindex":0},"north":{"uv":[2.125,2.75,1.75,3.5],"rotation":0,"texture":"#0","tintindex":0},"west":{"uv":[7.6875,6.625,7.375,7.375],"rotation":0,"texture":"#0","tintindex":0},"up":{"uv":[4.375,8.4375,4.75,8.125],"rotation":0,"texture":"#0","tintindex":0},"down":{"uv":[6.875,8.125,7.25,8.4375],"rotation":0,"texture":"#0","tintindex":0}}},{"from":[7.283914,5.3696456,6.022857],"to":[8.883914,6.5125027,8.88],"rotation":{"angle":0.0,"axis":"y","origin":[6.3696284,5.3696456,8.308572]},"faces":{"east":{"uv":[8.5,1.625,7.875,1.875],"rotation":0,"texture":"#0","tintindex":0},"south":{"uv":[7.375,6.625,7.0,6.875],"rotation":0,"texture":"#0","tintindex":0},"north":{"uv":[7.0,1.5,6.625,1.75],"rotation":0,"texture":"#0","tintindex":0},"west":{"uv":[8.5,1.375,7.875,1.625],"rotation":0,"texture":"#0","tintindex":0},"up":{"uv":[6.25,8.0,6.625,7.375],"rotation":0,"texture":"#0","tintindex":0},"down":{"uv":[6.625,7.375,7.0,8.0],"rotation":0,"texture":"#0","tintindex":0}}},{"from":[6.941057,9.998218,6.9942856],"to":[9.226771,10.9696455,9.28],"rotation":{"angle":0.0,"axis":"y","origin":[6.3696284,5.3696456,8.308572]},"faces":{"east":{"uv":[8.75,6.0,8.25,6.1875],"rotation":0,"texture":"#0","tintindex":0},"south":{"uv":[8.75,5.75,8.25,5.9375],"rotation":0,"texture":"#0","tintindex":0},"north":{"uv":[5.75,8.25,5.25,8.4375],"rotation":0,"texture":"#0","tintindex":0},"west":{"uv":[6.25,8.25,5.75,8.4375],"rotation":0,"texture":"#0","tintindex":0},"up":{"uv":[4.375,7.5,4.875,7.0],"rotation":0,"texture":"#0","tintindex":0},"down":{"uv":[7.25,0.875,7.75,1.375],"rotation":0,"texture":"#0","tintindex":0}}}],"textures":{"0":"modelengine:entity/smoker"},"display":{"head":{"translation":[0.0,-6.4,0.0],"scale":[4.0,4.0,4.0]}}}