{"elements":[{"from":[8.049703,8.198783,7.0142856],"to":[11.306846,9.913069,8.642858],"rotation":{"angle":-45.0,"axis":"z","origin":[6.935417,9.34164,7.8285713]},"faces":{"east":{"uv":[8.25,4.5,7.875,4.875],"rotation":0,"texture":"#0","tintindex":0},"south":{"uv":[7.6875,2.25,7.0,2.625],"rotation":0,"texture":"#0","tintindex":0},"north":{"uv":[2.8125,7.0,2.125,7.375],"rotation":0,"texture":"#0","tintindex":0},"west":{"uv":[2.375,6.125,2.0,6.5],"rotation":0,"texture":"#0","tintindex":0},"up":{"uv":[7.0,3.0,7.6875,2.625],"rotation":0,"texture":"#0","tintindex":0},"down":{"uv":[2.875,7.0,3.5625,7.375],"rotation":0,"texture":"#0","tintindex":0}}},{"from":[4.7925596,8.027354,6.7285714],"to":[8.049703,10.313068,8.928572],"rotation":{"angle":-45.0,"axis":"z","origin":[6.935417,9.34164,7.8285713]},"faces":{"east":{"uv":[3.125,7.375,2.625,7.875],"rotation":0,"texture":"#0","tintindex":0},"south":{"uv":[6.9375,5.875,6.25,6.375],"rotation":0,"texture":"#0","tintindex":0},"north":{"uv":[6.8125,3.25,6.125,3.75],"rotation":0,"texture":"#0","tintindex":0},"west":{"uv":[2.625,7.375,2.125,7.875],"rotation":0,"texture":"#0","tintindex":0},"up":{"uv":[6.25,6.875,6.9375,6.375],"rotation":0,"texture":"#0","tintindex":0},"down":{"uv":[2.0,6.5,2.6875,7.0],"rotation":0,"texture":"#0","tintindex":0}}}],"textures":{"0":"modelengine:entity/smoker"},"display":{"head":{"translation":[0.0,-6.4,0.0],"scale":[4.0,4.0,4.0]}}}