{"elements":[{"from":[12.224001,11.296057,7.242857],"to":[13.709715,12.838915,8.757143],"rotation":{"angle":-45.0,"axis":"z","origin":[3.7382855,12.610343,8.0]},"faces":{"east":{"uv":[0.8125,8.25,0.5,8.5625],"rotation":0,"texture":"#0","tintindex":0},"south":{"uv":[8.3125,8.125,8.0,8.4375],"rotation":0,"texture":"#0","tintindex":0},"north":{"uv":[7.9375,8.125,7.625,8.4375],"rotation":0,"texture":"#0","tintindex":0},"west":{"uv":[8.4375,7.75,8.125,8.0625],"rotation":0,"texture":"#0","tintindex":0},"up":{"uv":[0.875,8.5625,1.1875,8.25],"rotation":0,"texture":"#0","tintindex":0},"down":{"uv":[8.25,0.875,8.5625,1.1875],"rotation":0,"texture":"#0","tintindex":0}}},{"from":[10.966857,11.2389145,6.785714],"to":[12.224001,13.581772,9.214286],"rotation":{"angle":-45.0,"axis":"z","origin":[3.7382855,12.610343,8.0]},"faces":{"east":{"uv":[4.125,7.375,3.625,7.875],"rotation":0,"texture":"#0","tintindex":0},"south":{"uv":[0.25,8.0,0.0,8.5],"rotation":0,"texture":"#0","tintindex":0},"north":{"uv":[6.125,0.75,5.875,1.25],"rotation":0,"texture":"#0","tintindex":0},"west":{"uv":[3.625,7.375,3.125,7.875],"rotation":0,"texture":"#0","tintindex":0},"up":{"uv":[0.25,8.5,0.5,8.0],"rotation":0,"texture":"#0","tintindex":0},"down":{"uv":[6.375,8.0,6.625,8.5],"rotation":0,"texture":"#0","tintindex":0}}},{"from":[8.1097145,11.467485,7.1285715],"to":[12.166857,13.353201,8.8714285],"rotation":{"angle":-45.0,"axis":"z","origin":[3.7382855,12.610343,8.0]},"faces":{"east":{"uv":[2.125,7.75,1.75,8.1875],"rotation":0,"texture":"#0","tintindex":0},"south":{"uv":[7.6875,2.25,7.0,2.625],"rotation":0,"texture":"#0","tintindex":0},"north":{"uv":[2.8125,7.0,2.125,7.375],"rotation":0,"texture":"#0","tintindex":0},"west":{"uv":[0.875,7.75,0.5,8.1875],"rotation":0,"texture":"#0","tintindex":0},"up":{"uv":[7.0,3.0,7.6875,2.625],"rotation":0,"texture":"#0","tintindex":0},"down":{"uv":[2.875,7.0,3.5625,7.375],"rotation":0,"texture":"#0","tintindex":0}}}],"textures":{"0":"modelengine:entity/smoker"},"display":{"head":{"translation":[0.0,-6.4,0.0],"scale":[4.0,4.0,4.0]}}}