{"elements":[{"from":[5.167857,7.428571,6.428571],"to":[10.839286,9.485714,9.571428],"rotation":{"angle":0.0,"axis":"y","origin":[7.9964285,-5.4285717,8.171429]},"faces":{"east":{"uv":[5.875,6.875,6.5625,7.3125],"rotation":0,"texture":"#0","tintindex":0},"south":{"uv":[4.625,0.75,5.875,1.1875],"rotation":0,"texture":"#0","tintindex":0},"north":{"uv":[4.25,3.5,5.5,3.9375],"rotation":0,"texture":"#0","tintindex":0},"west":{"uv":[6.625,6.875,7.3125,7.3125],"rotation":0,"texture":"#0","tintindex":0},"up":{"uv":[4.25,3.9375,3.0,3.25],"rotation":0,"texture":"#0","tintindex":0},"down":{"uv":[4.75,0.0,3.5,0.6875],"rotation":0,"texture":"#0","tintindex":0}}},{"from":[5.5964284,9.085714,6.5571427],"to":[10.396429,12.857143,9.442858],"rotation":{"angle":0.0,"axis":"y","origin":[7.9964285,-5.4285717,8.171429]},"faces":{"east":{"uv":[1.25,5.25,1.875,6.0625],"rotation":0,"texture":"#0","tintindex":0},"south":{"uv":[3.0,2.375,4.0625,3.1875],"rotation":0,"texture":"#0","tintindex":0},"north":{"uv":[3.0,1.5,4.0625,2.3125],"rotation":0,"texture":"#0","tintindex":0},"west":{"uv":[1.25,5.25,1.875,6.0625],"rotation":0,"texture":"#0","tintindex":0},"up":{"uv":[1.0625,4.375,0.0,3.75],"rotation":0,"texture":"#0","tintindex":0},"down":{"uv":[3.9375,4.0,2.875,4.625],"rotation":0,"texture":"#0","tintindex":0}}}],"textures":{"0":"modelengine:entity/smoker"},"display":{"head":{"translation":[0.0,-6.4,0.0],"scale":[4.0,4.0,4.0]}}}