{"elements":[{"from":[4.6285715,16.07143,-2.8428583],"to":[5.3142858,16.757143,4.2],"rotation":{"angle":45.0,"axis":"z","origin":[14.200001,14.857143,7.8285713]},"faces":{"east":{"uv":[7.375,2.125,8.9375,2.25],"rotation":0,"texture":"#0","tintindex":0},"south":{"uv":[3.625,6.375,3.75,6.5],"rotation":0,"texture":"#0","tintindex":0},"north":{"uv":[3.5,6.375,3.625,6.5],"rotation":0,"texture":"#0","tintindex":0},"west":{"uv":[7.5,3.75,9.0625,3.875],"rotation":0,"texture":"#0","tintindex":0},"up":{"uv":[5.0,8.5625,4.875,7.0],"rotation":0,"texture":"#0","tintindex":0},"down":{"uv":[1.75,7.25,1.625,8.8125],"rotation":0,"texture":"#0","tintindex":0}}},{"from":[4.6285715,14.657143,3.4142857],"to":[5.3142858,16.085714,4.185714],"rotation":{"angle":45.0,"axis":"z","origin":[14.200001,14.857143,7.8285713]},"faces":{"east":{"uv":[2.625,4.25,2.8125,4.5625],"rotation":0,"texture":"#0","tintindex":0},"south":{"uv":[2.5,5.25,2.625,5.5625],"rotation":0,"texture":"#0","tintindex":0},"north":{"uv":[4.625,5.0,4.75,5.3125],"rotation":0,"texture":"#0","tintindex":0},"west":{"uv":[1.75,6.625,1.9375,6.9375],"rotation":0,"texture":"#0","tintindex":0},"up":{"uv":[4.75,5.5625,4.625,5.375],"rotation":0,"texture":"#0","tintindex":0},"down":{"uv":[2.5,6.125,2.375,6.3125],"rotation":0,"texture":"#0","tintindex":0}}},{"from":[4.6285715,13.971429,-9.442858],"to":[5.3142858,14.657143,4.928571],"rotation":{"angle":45.0,"axis":"z","origin":[14.200001,14.857143,7.8285713]},"faces":{"east":{"uv":[5.5,3.875,8.625,4.0],"rotation":0,"texture":"#0","tintindex":0},"south":{"uv":[2.375,6.375,2.5,6.5],"rotation":0,"texture":"#0","tintindex":0},"north":{"uv":[0.5,6.375,0.625,6.5],"rotation":0,"texture":"#0","tintindex":0},"west":{"uv":[5.0,5.75,8.125,5.875],"rotation":0,"texture":"#0","tintindex":0},"up":{"uv":[5.125,9.0,5.0,5.875],"rotation":0,"texture":"#0","tintindex":0},"down":{"uv":[5.25,5.875,5.125,9.0],"rotation":0,"texture":"#0","tintindex":0}}},{"from":[4.5142856,13.828571,4.8999996],"to":[5.428571,14.8,12.814286],"rotation":{"angle":45.0,"axis":"z","origin":[14.200001,14.857143,7.8285713]},"faces":{"east":{"uv":[6.625,0.375,8.375,0.5625],"rotation":0,"texture":"#0","tintindex":0},"south":{"uv":[0.875,7.0,1.0625,7.1875],"rotation":0,"texture":"#0","tintindex":0},"north":{"uv":[4.625,1.25,4.8125,1.4375],"rotation":0,"texture":"#0","tintindex":0},"west":{"uv":[6.625,0.625,8.375,0.8125],"rotation":0,"texture":"#0","tintindex":0},"up":{"uv":[0.1875,8.0,0.0,6.25],"rotation":0,"texture":"#0","tintindex":0},"down":{"uv":[0.4375,6.25,0.25,8.0],"rotation":0,"texture":"#0","tintindex":0}}}],"textures":{"0":"modelengine:entity/smoker"},"display":{"head":{"translation":[0.0,-6.4,0.0],"scale":[4.0,4.0,4.0]}}}