{"elements":[{"from":[4.0,2.2857141,8.0],"to":[8.0,13.714286,8.0],"rotation":{"angle":0.0,"axis":"y","origin":[3.4285712,2.2857141,8.0]},"faces":{"east":{"uv":[0.0,0.0,0.0,5.0],"rotation":0,"texture":"#0","tintindex":0},"south":{"uv":[8.75,0.0,7.0,5.0],"rotation":0,"texture":"#0","tintindex":0},"north":{"uv":[7.0,0.0,8.75,5.0],"rotation":0,"texture":"#0","tintindex":0},"west":{"uv":[0.0,0.0,0.0,5.0],"rotation":0,"texture":"#0","tintindex":0},"up":{"uv":[1.75,0.0,0.0,0.0],"rotation":0,"texture":"#0","tintindex":0},"down":{"uv":[1.75,0.0,0.0,0.0],"rotation":0,"texture":"#0","tintindex":0}}}],"textures":{"0":"modelengine:entity/piratepack_flag"},"display":{"head":{"translation":[0.0,-6.4,0.0],"scale":[4.0,4.0,4.0]}}}