{"elements":[{"from":[6.5714283,6.285714,4.5714283],"to":[12.857143,9.714286,11.428572],"rotation":{"angle":0.0,"axis":"y","origin":[12.285715,4.5714283,8.0]},"faces":{"east":{"uv":[5.0,0.0,8.0,1.5],"rotation":0,"texture":"#0","tintindex":0},"south":{"uv":[7.75,4.5,5.0,6.0],"rotation":0,"texture":"#0","tintindex":0},"north":{"uv":[5.0,4.5,7.75,6.0],"rotation":0,"texture":"#0","tintindex":0},"west":{"uv":[5.0,1.5,8.0,3.0],"rotation":0,"texture":"#0","tintindex":0},"up":{"uv":[3.0,2.75,0.0,0.0],"rotation":90,"texture":"#0","tintindex":0},"down":{"uv":[3.0,2.75,0.0,5.5],"rotation":270,"texture":"#0","tintindex":0}}},{"from":[6.5714283,7.780796,3.4722872],"to":[12.857143,7.780796,4.6151447],"rotation":{"angle":-22.5,"axis":"x","origin":[9.714286,7.780796,4.043716]},"faces":{"east":{"uv":[0.0,0.0,0.5,0.0],"rotation":0,"texture":"#0","tintindex":0},"south":{"uv":[0.0,0.0,2.75,0.0],"rotation":0,"texture":"#0","tintindex":0},"north":{"uv":[0.0,0.0,2.75,0.0],"rotation":0,"texture":"#0","tintindex":0},"west":{"uv":[0.0,0.0,0.5,0.0],"rotation":0,"texture":"#0","tintindex":0},"up":{"uv":[8.5,2.75,8.0,0.0],"rotation":90,"texture":"#0","tintindex":0},"down":{"uv":[8.5,0.0,8.0,2.75],"rotation":270,"texture":"#0","tintindex":0}}},{"from":[5.472287,7.780796,4.8571424],"to":[6.6151447,7.780796,11.142858],"rotation":{"angle":22.5,"axis":"z","origin":[6.043716,7.780796,7.714286]},"faces":{"east":{"uv":[2.75,0.0,0.0,0.0],"rotation":0,"texture":"#0","tintindex":0},"south":{"uv":[0.5,0.0,0.0,0.0],"rotation":0,"texture":"#0","tintindex":0},"north":{"uv":[0.5,0.0,0.0,0.0],"rotation":0,"texture":"#0","tintindex":0},"west":{"uv":[2.75,0.0,0.0,0.0],"rotation":0,"texture":"#0","tintindex":0},"up":{"uv":[8.0,2.75,8.5,0.0],"rotation":180,"texture":"#0","tintindex":0},"down":{"uv":[8.0,0.0,8.5,2.75],"rotation":180,"texture":"#0","tintindex":0}}},{"from":[6.5714283,7.780796,11.384855],"to":[12.857143,7.780796,12.527713],"rotation":{"angle":22.5,"axis":"x","origin":[9.714286,7.780796,11.956284]},"faces":{"east":{"uv":[0.5,0.0,0.0,0.0],"rotation":0,"texture":"#0","tintindex":0},"south":{"uv":[2.75,0.0,0.0,0.0],"rotation":0,"texture":"#0","tintindex":0},"north":{"uv":[2.75,0.0,0.0,0.0],"rotation":0,"texture":"#0","tintindex":0},"west":{"uv":[0.5,0.0,0.0,0.0],"rotation":0,"texture":"#0","tintindex":0},"up":{"uv":[8.0,2.75,8.5,0.0],"rotation":90,"texture":"#0","tintindex":0},"down":{"uv":[8.0,0.0,8.5,2.75],"rotation":270,"texture":"#0","tintindex":0}}},{"from":[12.285715,8.0,8.571428],"to":[13.428572,11.428572,9.714286],"rotation":{"angle":0.0,"axis":"y","origin":[12.285715,4.5714283,8.0]},"faces":{"east":{"uv":[3.5,8.5,4.0,10.0],"rotation":0,"texture":"#0","tintindex":0},"south":{"uv":[4.0,8.5,4.5,10.0],"rotation":0,"texture":"#0","tintindex":0},"north":{"uv":[4.5,8.5,5.0,10.0],"rotation":0,"texture":"#0","tintindex":0},"west":{"uv":[8.5,4.0,9.0,5.5],"rotation":0,"texture":"#0","tintindex":0},"up":{"uv":[2.5,7.5,2.0,7.0],"rotation":90,"texture":"#0","tintindex":0},"down":{"uv":[3.0,9.0,2.5,9.5],"rotation":270,"texture":"#0","tintindex":0}}},{"from":[12.285715,8.0,6.285714],"to":[13.428572,11.428572,7.428571],"rotation":{"angle":0.0,"axis":"y","origin":[12.285715,4.5714283,8.0]},"faces":{"east":{"uv":[5.0,8.5,5.5,10.0],"rotation":0,"texture":"#0","tintindex":0},"south":{"uv":[5.5,8.5,6.0,10.0],"rotation":0,"texture":"#0","tintindex":0},"north":{"uv":[6.5,8.5,7.0,10.0],"rotation":0,"texture":"#0","tintindex":0},"west":{"uv":[6.0,8.5,6.5,10.0],"rotation":0,"texture":"#0","tintindex":0},"up":{"uv":[9.5,7.5,9.0,7.0],"rotation":90,"texture":"#0","tintindex":0},"down":{"uv":[9.5,7.5,9.0,8.0],"rotation":270,"texture":"#0","tintindex":0}}}],"textures":{"0":"modelengine:entity/piratepack_crab"},"display":{"head":{"translation":[0.0,-6.4,0.0],"scale":[4.0,4.0,4.0]}}}