{"elements":[{"from":[6.862775,5.714286,7.9943676],"to":[9.148489,8.0,11.422939],"rotation":{"angle":0.0,"axis":"y","origin":[4.5770607,4.5714283,10.851511]},"faces":{"east":{"uv":[3.5,7.5,2.0,8.5],"rotation":0,"texture":"#0","tintindex":0},"south":{"uv":[9.5,0.0,8.5,1.0],"rotation":0,"texture":"#0","tintindex":0},"north":{"uv":[1.0,8.5,0.0,9.5],"rotation":0,"texture":"#0","tintindex":0},"west":{"uv":[5.0,7.5,3.5,8.5],"rotation":0,"texture":"#0","tintindex":0},"up":{"uv":[5.0,8.5,6.5,7.5],"rotation":90,"texture":"#0","tintindex":0},"down":{"uv":[6.5,7.5,8.0,8.5],"rotation":270,"texture":"#0","tintindex":0}}}],"textures":{"0":"modelengine:entity/piratepack_crab"},"display":{"head":{"translation":[0.0,-6.4,0.0],"scale":[4.0,4.0,4.0]}}}