{"elements":[{"from":[6.511524,4.5714283,2.9712276],"to":[12.797239,8.0,2.9712276],"rotation":{"angle":22.5,"axis":"x","origin":[9.654381,8.0,4.114085]},"faces":{"east":{"uv":[0.0,0.0,0.0,1.5],"rotation":0,"texture":"#0","tintindex":0},"south":{"uv":[5.5,6.0,2.75,7.5],"rotation":0,"texture":"#0","tintindex":0},"north":{"uv":[2.75,6.0,5.5,7.5],"rotation":0,"texture":"#0","tintindex":0},"west":{"uv":[0.0,0.0,0.0,1.5],"rotation":0,"texture":"#0","tintindex":0},"up":{"uv":[0.0,2.75,0.0,0.0],"rotation":90,"texture":"#0","tintindex":0},"down":{"uv":[0.0,0.0,0.0,2.75],"rotation":270,"texture":"#0","tintindex":0}}},{"from":[6.511524,8.0,2.9712276],"to":[12.797239,8.0,7.5426564],"rotation":{"angle":22.5,"axis":"x","origin":[9.654381,8.0,4.114085]},"faces":{"east":{"uv":[0.0,0.0,2.0,0.0],"rotation":0,"texture":"#0","tintindex":0},"south":{"uv":[0.0,0.0,2.75,0.0],"rotation":0,"texture":"#0","tintindex":0},"north":{"uv":[0.0,0.0,2.75,0.0],"rotation":0,"texture":"#0","tintindex":0},"west":{"uv":[0.0,0.0,2.0,0.0],"rotation":0,"texture":"#0","tintindex":0},"up":{"uv":[5.0,5.5,3.0,2.75],"rotation":90,"texture":"#0","tintindex":0},"down":{"uv":[5.0,2.75,3.0,5.5],"rotation":270,"texture":"#0","tintindex":0}}},{"from":[6.511524,8.0,7.5426564],"to":[12.797239,9.142858,7.5426564],"rotation":{"angle":22.5,"axis":"x","origin":[9.654381,8.0,4.114085]},"faces":{"east":{"uv":[0.0,0.0,0.0,0.5],"rotation":0,"texture":"#0","tintindex":0},"south":{"uv":[10.5,3.0,7.75,3.5],"rotation":0,"texture":"#0","tintindex":0},"north":{"uv":[7.75,3.0,10.5,3.5],"rotation":0,"texture":"#0","tintindex":0},"west":{"uv":[0.0,0.0,0.0,0.5],"rotation":0,"texture":"#0","tintindex":0},"up":{"uv":[0.0,2.75,0.0,0.0],"rotation":90,"texture":"#0","tintindex":0},"down":{"uv":[0.0,0.0,0.0,2.75],"rotation":270,"texture":"#0","tintindex":0}}}],"textures":{"0":"modelengine:entity/piratepack_crab"},"display":{"head":{"translation":[0.0,-6.4,0.0],"scale":[4.0,4.0,4.0]}}}