{"elements":[{"from":[7.5770607,7.428571,7.5770607],"to":[12.148489,8.571428,8.719918],"rotation":{"angle":0.0,"axis":"y","origin":[9.862775,5.714286,1.2913461]},"faces":{"east":{"uv":[9.0,9.0,9.5,9.5],"rotation":0,"texture":"#0","tintindex":0},"south":{"uv":[2.75,5.5,4.75,6.0],"rotation":0,"texture":"#0","tintindex":0},"north":{"uv":[1.0,8.5,3.0,9.0],"rotation":0,"texture":"#0","tintindex":0},"west":{"uv":[9.25,5.5,9.75,6.0],"rotation":0,"texture":"#0","tintindex":0},"up":{"uv":[9.0,3.0,8.5,1.0],"rotation":90,"texture":"#0","tintindex":0},"down":{"uv":[3.5,8.5,3.0,10.5],"rotation":270,"texture":"#0","tintindex":0}}}],"textures":{"0":"modelengine:entity/piratepack_crab"},"display":{"head":{"translation":[0.0,-6.4,0.0],"scale":[4.0,4.0,4.0]}}}