{"elements":[{"from":[4.3997993,4.5714283,14.22581],"to":[10.6855135,8.0,14.22581],"rotation":{"angle":-22.5,"axis":"x","origin":[7.5426564,8.0,13.0829525]},"faces":{"east":{"uv":[0.0,0.0,0.0,1.5],"rotation":0,"texture":"#0","tintindex":0},"south":{"uv":[5.5,6.0,2.75,7.5],"rotation":0,"texture":"#0","tintindex":0},"north":{"uv":[2.75,6.0,5.5,7.5],"rotation":0,"texture":"#0","tintindex":0},"west":{"uv":[0.0,0.0,0.0,1.5],"rotation":0,"texture":"#0","tintindex":0},"up":{"uv":[0.0,2.75,0.0,0.0],"rotation":90,"texture":"#0","tintindex":0},"down":{"uv":[0.0,0.0,0.0,2.75],"rotation":270,"texture":"#0","tintindex":0}}},{"from":[4.3997993,8.0,9.654381],"to":[10.6855135,8.0,14.22581],"rotation":{"angle":-22.5,"axis":"x","origin":[7.5426564,8.0,13.0829525]},"faces":{"east":{"uv":[2.0,0.0,0.0,0.0],"rotation":0,"texture":"#0","tintindex":0},"south":{"uv":[2.75,0.0,0.0,0.0],"rotation":0,"texture":"#0","tintindex":0},"north":{"uv":[2.75,0.0,0.0,0.0],"rotation":0,"texture":"#0","tintindex":0},"west":{"uv":[2.0,0.0,0.0,0.0],"rotation":0,"texture":"#0","tintindex":0},"up":{"uv":[3.0,5.5,5.0,2.75],"rotation":90,"texture":"#0","tintindex":0},"down":{"uv":[3.0,2.75,5.0,5.5],"rotation":270,"texture":"#0","tintindex":0}}},{"from":[4.3997993,8.0,9.654381],"to":[10.6855135,9.142858,9.654381],"rotation":{"angle":-22.5,"axis":"x","origin":[7.5426564,8.0,13.0829525]},"faces":{"east":{"uv":[0.0,0.0,0.0,0.5],"rotation":0,"texture":"#0","tintindex":0},"south":{"uv":[10.5,3.0,7.75,3.5],"rotation":0,"texture":"#0","tintindex":0},"north":{"uv":[7.75,3.0,10.5,3.5],"rotation":0,"texture":"#0","tintindex":0},"west":{"uv":[0.0,0.0,0.0,0.5],"rotation":0,"texture":"#0","tintindex":0},"up":{"uv":[0.0,2.75,0.0,0.0],"rotation":90,"texture":"#0","tintindex":0},"down":{"uv":[0.0,0.0,0.0,2.75],"rotation":270,"texture":"#0","tintindex":0}}}],"textures":{"0":"modelengine:entity/piratepack_crab"},"display":{"head":{"translation":[0.0,-6.4,0.0],"scale":[4.0,4.0,4.0]}}}