{"elements":[{"from":[6.5770607,5.5714283,4.005632],"to":[9.434204,9.0,6.2913465],"rotation":{"angle":0.0,"axis":"y","origin":[4.2913465,5.5714283,1.148489]},"faces":{"east":{"uv":[0.0,7.0,1.0,8.5],"rotation":0,"texture":"#0","tintindex":0},"south":{"uv":[5.5,6.0,6.75,7.5],"rotation":0,"texture":"#0","tintindex":0},"north":{"uv":[6.75,6.0,8.0,7.5],"rotation":0,"texture":"#0","tintindex":0},"west":{"uv":[1.0,7.0,2.0,8.5],"rotation":0,"texture":"#0","tintindex":0},"up":{"uv":[9.0,8.0,8.0,6.75],"rotation":90,"texture":"#0","tintindex":0},"down":{"uv":[9.0,8.0,8.0,9.25],"rotation":270,"texture":"#0","tintindex":0}}},{"from":[7.1484895,6.714286,6.2913465],"to":[8.862775,9.0,8.005632],"rotation":{"angle":0.0,"axis":"y","origin":[4.2913465,5.5714283,1.148489]},"faces":{"east":{"uv":[8.5,5.5,9.25,6.5],"rotation":0,"texture":"#0","tintindex":0},"south":{"uv":[7.0,8.5,7.75,9.5],"rotation":0,"texture":"#0","tintindex":0},"north":{"uv":[9.0,1.0,9.75,2.0],"rotation":0,"texture":"#0","tintindex":0},"west":{"uv":[1.0,9.0,1.75,10.0],"rotation":0,"texture":"#0","tintindex":0},"up":{"uv":[2.5,9.75,1.75,9.0],"rotation":90,"texture":"#0","tintindex":0},"down":{"uv":[9.75,2.0,9.0,2.75],"rotation":270,"texture":"#0","tintindex":0}}},{"from":[7.4342036,5.5714283,1.7199178],"to":[8.577061,6.714286,4.005632],"rotation":{"angle":0.0,"axis":"y","origin":[4.2913465,5.5714283,1.148489]},"faces":{"east":{"uv":[9.0,4.0,10.0,4.5],"rotation":0,"texture":"#0","tintindex":0},"south":{"uv":[9.0,8.0,9.5,8.5],"rotation":0,"texture":"#0","tintindex":0},"north":{"uv":[9.0,8.5,9.5,9.0],"rotation":0,"texture":"#0","tintindex":0},"west":{"uv":[9.0,4.5,10.0,5.0],"rotation":0,"texture":"#0","tintindex":0},"up":{"uv":[10.0,5.5,9.0,5.0],"rotation":90,"texture":"#0","tintindex":0},"down":{"uv":[10.0,6.5,9.0,7.0],"rotation":270,"texture":"#0","tintindex":0}}}],"textures":{"0":"modelengine:entity/piratepack_crab"},"display":{"head":{"translation":[0.0,-6.4,0.0],"scale":[4.0,4.0,4.0]}}}