{"elements":[{"from":[11.77373,11.638829,9.148413],"to":[15.030873,13.924543,11.3484125],"rotation":{"angle":45.0,"axis":"z","origin":[12.888016,12.953115,10.248413]},"faces":{"east":{"uv":[2.125,7.375,2.625,7.875],"rotation":0,"texture":"#0","tintindex":0},"south":{"uv":[6.25,5.875,6.9375,6.375],"rotation":0,"texture":"#0","tintindex":0},"north":{"uv":[6.125,3.25,6.8125,3.75],"rotation":0,"texture":"#0","tintindex":0},"west":{"uv":[2.625,7.375,3.125,7.875],"rotation":0,"texture":"#0","tintindex":0},"up":{"uv":[6.9375,6.875,6.25,6.375],"rotation":0,"texture":"#0","tintindex":0},"down":{"uv":[2.6875,6.5,2.0,7.0],"rotation":0,"texture":"#0","tintindex":0}}},{"from":[8.516587,11.810258,9.434127],"to":[11.77373,13.524544,11.062698],"rotation":{"angle":45.0,"axis":"z","origin":[12.888016,12.953115,10.248413]},"faces":{"east":{"uv":[2.0,6.125,2.375,6.5],"rotation":0,"texture":"#0","tintindex":0},"south":{"uv":[7.0,2.25,7.6875,2.625],"rotation":0,"texture":"#0","tintindex":0},"north":{"uv":[2.125,7.0,2.8125,7.375],"rotation":0,"texture":"#0","tintindex":0},"west":{"uv":[7.875,4.5,8.25,4.875],"rotation":0,"texture":"#0","tintindex":0},"up":{"uv":[7.6875,3.0,7.0,2.625],"rotation":0,"texture":"#0","tintindex":0},"down":{"uv":[3.5625,7.0,2.875,7.375],"rotation":0,"texture":"#0","tintindex":0}}},{"from":[4.4594445,11.810258,9.376985],"to":[8.516587,13.695972,11.119842],"rotation":{"angle":45.0,"axis":"z","origin":[12.888016,12.953115,10.248413]},"faces":{"east":{"uv":[0.5,7.75,0.875,8.1875],"rotation":0,"texture":"#0","tintindex":0},"south":{"uv":[7.0,2.25,7.6875,2.625],"rotation":0,"texture":"#0","tintindex":0},"north":{"uv":[2.125,7.0,2.8125,7.375],"rotation":0,"texture":"#0","tintindex":0},"west":{"uv":[1.75,7.75,2.125,8.1875],"rotation":0,"texture":"#0","tintindex":0},"up":{"uv":[7.6875,3.0,7.0,2.625],"rotation":0,"texture":"#0","tintindex":0},"down":{"uv":[3.5625,7.0,2.875,7.375],"rotation":0,"texture":"#0","tintindex":0}}},{"from":[4.4023013,11.581686,9.034127],"to":[5.6594443,13.924543,11.462699],"rotation":{"angle":45.0,"axis":"z","origin":[12.888016,12.953115,10.248413]},"faces":{"east":{"uv":[3.125,7.375,3.625,7.875],"rotation":0,"texture":"#0","tintindex":0},"south":{"uv":[0.0,8.0,0.25,8.5],"rotation":0,"texture":"#0","tintindex":0},"north":{"uv":[5.875,0.75,6.125,1.25],"rotation":0,"texture":"#0","tintindex":0},"west":{"uv":[3.625,7.375,4.125,7.875],"rotation":0,"texture":"#0","tintindex":0},"up":{"uv":[0.5,8.5,0.25,8.0],"rotation":0,"texture":"#0","tintindex":0},"down":{"uv":[6.625,8.0,6.375,8.5],"rotation":0,"texture":"#0","tintindex":0}}},{"from":[2.9165869,11.638829,9.49127],"to":[4.4023013,13.181686,11.005556],"rotation":{"angle":45.0,"axis":"z","origin":[12.888016,12.953115,10.248413]},"faces":{"east":{"uv":[8.125,7.75,8.4375,8.0625],"rotation":0,"texture":"#0","tintindex":0},"south":{"uv":[8.0,8.125,8.3125,8.4375],"rotation":0,"texture":"#0","tintindex":0},"north":{"uv":[7.625,8.125,7.9375,8.4375],"rotation":0,"texture":"#0","tintindex":0},"west":{"uv":[0.5,8.25,0.8125,8.5625],"rotation":0,"texture":"#0","tintindex":0},"up":{"uv":[1.1875,8.5625,0.875,8.25],"rotation":0,"texture":"#0","tintindex":0},"down":{"uv":[8.5625,0.875,8.25,1.1875],"rotation":0,"texture":"#0","tintindex":0}}},{"from":[3.2023015,11.924543,7.3198414],"to":[4.116587,12.895971,15.234127],"rotation":{"angle":45.0,"axis":"z","origin":[12.888016,12.953115,10.248413]},"faces":{"east":{"uv":[6.625,0.375,8.375,0.5625],"rotation":0,"texture":"#0","tintindex":0},"south":{"uv":[0.875,7.0,1.0625,7.1875],"rotation":0,"texture":"#0","tintindex":0},"north":{"uv":[4.625,1.25,4.8125,1.4375],"rotation":0,"texture":"#0","tintindex":0},"west":{"uv":[6.625,0.625,8.375,0.8125],"rotation":0,"texture":"#0","tintindex":0},"up":{"uv":[0.1875,8.0,0.0,6.25],"rotation":0,"texture":"#0","tintindex":0},"down":{"uv":[0.4375,6.25,0.25,8.0],"rotation":0,"texture":"#0","tintindex":0}}},{"from":[3.316587,12.0674,-7.023016],"to":[4.002301,12.753115,7.3484125],"rotation":{"angle":45.0,"axis":"z","origin":[12.888016,12.953115,10.248413]},"faces":{"east":{"uv":[5.5,3.875,8.625,4.0],"rotation":0,"texture":"#0","tintindex":0},"south":{"uv":[2.375,6.375,2.5,6.5],"rotation":0,"texture":"#0","tintindex":0},"north":{"uv":[0.5,6.375,0.625,6.5],"rotation":0,"texture":"#0","tintindex":0},"west":{"uv":[5.0,5.75,8.125,5.875],"rotation":0,"texture":"#0","tintindex":0},"up":{"uv":[5.125,9.0,5.0,5.875],"rotation":0,"texture":"#0","tintindex":0},"down":{"uv":[5.25,5.875,5.125,9.0],"rotation":0,"texture":"#0","tintindex":0}}},{"from":[3.316587,12.753115,5.834127],"to":[4.002301,14.181686,6.6055555],"rotation":{"angle":45.0,"axis":"z","origin":[12.888016,12.953115,10.248413]},"faces":{"east":{"uv":[2.625,4.25,2.8125,4.5625],"rotation":0,"texture":"#0","tintindex":0},"south":{"uv":[2.5,5.25,2.625,5.5625],"rotation":0,"texture":"#0","tintindex":0},"north":{"uv":[4.625,5.0,4.75,5.3125],"rotation":0,"texture":"#0","tintindex":0},"west":{"uv":[1.75,6.625,1.9375,6.9375],"rotation":0,"texture":"#0","tintindex":0},"up":{"uv":[4.75,5.5625,4.625,5.375],"rotation":0,"texture":"#0","tintindex":0},"down":{"uv":[2.5,6.125,2.375,6.3125],"rotation":0,"texture":"#0","tintindex":0}}},{"from":[3.316587,14.1674,-0.42301655],"to":[4.002301,14.853115,6.619841],"rotation":{"angle":45.0,"axis":"z","origin":[12.888016,12.953115,10.248413]},"faces":{"east":{"uv":[7.375,2.125,8.9375,2.25],"rotation":0,"texture":"#0","tintindex":0},"south":{"uv":[3.625,6.375,3.75,6.5],"rotation":0,"texture":"#0","tintindex":0},"north":{"uv":[3.5,6.375,3.625,6.5],"rotation":0,"texture":"#0","tintindex":0},"west":{"uv":[7.5,3.75,9.0625,3.875],"rotation":0,"texture":"#0","tintindex":0},"up":{"uv":[5.0,8.5625,4.875,7.0],"rotation":0,"texture":"#0","tintindex":0},"down":{"uv":[1.75,7.25,1.625,8.8125],"rotation":0,"texture":"#0","tintindex":0}}}],"textures":{"0":"modelengine:entity/smoker"},"display":{"head":{"translation":[0.0,-6.4,0.0],"scale":[4.0,4.0,4.0]}}}