{"elements":[{"from":[14.50971,13.010339,7.242857],"to":[15.995425,14.553196,8.757143],"rotation":{"angle":-45.0,"axis":"z","origin":[6.0239964,14.324625,8.0]},"faces":{"east":{"uv":[0.8125,8.25,0.5,8.5625],"rotation":0,"texture":"#0","tintindex":0},"south":{"uv":[8.3125,8.125,8.0,8.4375],"rotation":0,"texture":"#0","tintindex":0},"north":{"uv":[7.9375,8.125,7.625,8.4375],"rotation":0,"texture":"#0","tintindex":0},"west":{"uv":[8.4375,7.75,8.125,8.0625],"rotation":0,"texture":"#0","tintindex":0},"up":{"uv":[0.875,8.5625,1.1875,8.25],"rotation":0,"texture":"#0","tintindex":0},"down":{"uv":[8.25,0.875,8.5625,1.1875],"rotation":0,"texture":"#0","tintindex":0}}},{"from":[13.252568,12.953196,6.785714],"to":[14.50971,15.296053,9.214286],"rotation":{"angle":-45.0,"axis":"z","origin":[6.0239964,14.324625,8.0]},"faces":{"east":{"uv":[4.125,7.375,3.625,7.875],"rotation":0,"texture":"#0","tintindex":0},"south":{"uv":[0.25,8.0,0.0,8.5],"rotation":0,"texture":"#0","tintindex":0},"north":{"uv":[6.125,0.75,5.875,1.25],"rotation":0,"texture":"#0","tintindex":0},"west":{"uv":[3.625,7.375,3.125,7.875],"rotation":0,"texture":"#0","tintindex":0},"up":{"uv":[0.25,8.5,0.5,8.0],"rotation":0,"texture":"#0","tintindex":0},"down":{"uv":[6.375,8.0,6.625,8.5],"rotation":0,"texture":"#0","tintindex":0}}},{"from":[10.395425,13.181767,7.1285715],"to":[14.452568,15.067481,8.8714285],"rotation":{"angle":-45.0,"axis":"z","origin":[6.0239964,14.324625,8.0]},"faces":{"east":{"uv":[2.125,7.75,1.75,8.1875],"rotation":0,"texture":"#0","tintindex":0},"south":{"uv":[7.6875,2.25,7.0,2.625],"rotation":0,"texture":"#0","tintindex":0},"north":{"uv":[2.8125,7.0,2.125,7.375],"rotation":0,"texture":"#0","tintindex":0},"west":{"uv":[0.875,7.75,0.5,8.1875],"rotation":0,"texture":"#0","tintindex":0},"up":{"uv":[7.0,3.0,7.6875,2.625],"rotation":0,"texture":"#0","tintindex":0},"down":{"uv":[2.875,7.0,3.5625,7.375],"rotation":0,"texture":"#0","tintindex":0}}},{"from":[7.138282,13.181767,7.1857142],"to":[10.395425,14.896053,8.814285],"rotation":{"angle":-45.0,"axis":"z","origin":[6.0239964,14.324625,8.0]},"faces":{"east":{"uv":[8.25,4.5,7.875,4.875],"rotation":0,"texture":"#0","tintindex":0},"south":{"uv":[7.6875,2.25,7.0,2.625],"rotation":0,"texture":"#0","tintindex":0},"north":{"uv":[2.8125,7.0,2.125,7.375],"rotation":0,"texture":"#0","tintindex":0},"west":{"uv":[2.375,6.125,2.0,6.5],"rotation":0,"texture":"#0","tintindex":0},"up":{"uv":[7.0,3.0,7.6875,2.625],"rotation":0,"texture":"#0","tintindex":0},"down":{"uv":[2.875,7.0,3.5625,7.375],"rotation":0,"texture":"#0","tintindex":0}}},{"from":[3.8811388,13.010339,6.9],"to":[7.138282,15.296053,9.1],"rotation":{"angle":-45.0,"axis":"z","origin":[6.0239964,14.324625,8.0]},"faces":{"east":{"uv":[3.125,7.375,2.625,7.875],"rotation":0,"texture":"#0","tintindex":0},"south":{"uv":[6.9375,5.875,6.25,6.375],"rotation":0,"texture":"#0","tintindex":0},"north":{"uv":[6.8125,3.25,6.125,3.75],"rotation":0,"texture":"#0","tintindex":0},"west":{"uv":[2.625,7.375,2.125,7.875],"rotation":0,"texture":"#0","tintindex":0},"up":{"uv":[6.25,6.875,6.9375,6.375],"rotation":0,"texture":"#0","tintindex":0},"down":{"uv":[2.0,6.5,2.6875,7.0],"rotation":0,"texture":"#0","tintindex":0}}}],"textures":{"0":"modelengine:entity/smoker"},"display":{"head":{"translation":[0.0,-6.4,0.0],"scale":[4.0,4.0,4.0]}}}