{"elements":[{"from":[6.3555937,5.829894,6.8736663],"to":[9.184165,9.372751,10.102238],"rotation":{"angle":0.0,"axis":"y","origin":[7.7698793,-19.712963,8.887952]},"faces":{"east":{"uv":[4.75,0.0,5.4375,0.75],"rotation":0,"texture":"#0","tintindex":0},"south":{"uv":[3.125,5.625,3.75,6.375],"rotation":0,"texture":"#0","tintindex":0},"north":{"uv":[5.5,0.0,6.125,0.75],"rotation":0,"texture":"#0","tintindex":0},"west":{"uv":[3.875,5.0,4.5625,5.75],"rotation":0,"texture":"#0","tintindex":0},"up":{"uv":[4.375,6.4375,3.75,5.75],"rotation":0,"texture":"#0","tintindex":0},"down":{"uv":[5.0,5.75,4.375,6.4375],"rotation":0,"texture":"#0","tintindex":0}}},{"from":[8.469879,6.0013227,5.5022373],"to":[9.012736,6.515609,6.902238],"rotation":{"angle":-22.5,"axis":"y","origin":[8.112737,6.258466,6.2022376]},"faces":{"east":{"uv":[6.125,3.75,6.4375,3.875],"rotation":0,"texture":"#0","tintindex":0},"south":{"uv":[3.75,5.625,3.875,5.75],"rotation":0,"texture":"#0","tintindex":0},"north":{"uv":[2.875,3.875,3.0,4.0],"rotation":0,"texture":"#0","tintindex":0},"west":{"uv":[3.125,6.375,3.4375,6.5],"rotation":0,"texture":"#0","tintindex":0},"up":{"uv":[3.0,3.8125,2.875,3.5],"rotation":0,"texture":"#0","tintindex":0},"down":{"uv":[4.25,2.5,4.125,2.8125],"rotation":0,"texture":"#0","tintindex":0}}},{"from":[7.9555936,5.84418,5.673666],"to":[8.498451,6.3584657,7.073666],"rotation":{"angle":-22.5,"axis":"x","origin":[8.227022,6.258466,6.2022376]},"faces":{"east":{"uv":[6.5,3.75,6.8125,3.875],"rotation":0,"texture":"#0","tintindex":0},"south":{"uv":[0.5,6.25,0.625,6.375],"rotation":0,"texture":"#0","tintindex":0},"north":{"uv":[4.625,5.625,4.75,5.75],"rotation":0,"texture":"#0","tintindex":0},"west":{"uv":[6.5,5.625,6.8125,5.75],"rotation":0,"texture":"#0","tintindex":0},"up":{"uv":[4.25,3.1875,4.125,2.875],"rotation":0,"texture":"#0","tintindex":0},"down":{"uv":[4.0,4.625,3.875,4.9375],"rotation":0,"texture":"#0","tintindex":0}}},{"from":[6.327022,8.972752,6.7022376],"to":[9.212736,10.172751,8.787952],"rotation":{"angle":-22.5,"axis":"x","origin":[7.7698793,9.858466,8.487952]},"faces":{"east":{"uv":[7.0,3.0,7.4375,3.25],"rotation":0,"texture":"#0","tintindex":0},"south":{"uv":[7.875,3.25,8.5,3.5],"rotation":0,"texture":"#0","tintindex":0},"north":{"uv":[7.875,3.0,8.5,3.25],"rotation":0,"texture":"#0","tintindex":0},"west":{"uv":[8.125,7.5,8.5625,7.75],"rotation":0,"texture":"#0","tintindex":0},"up":{"uv":[1.75,4.1875,1.125,3.75],"rotation":0,"texture":"#0","tintindex":0},"down":{"uv":[5.5,3.0,4.875,3.4375],"rotation":0,"texture":"#0","tintindex":0}}},{"from":[6.3413076,8.720776,8.473415],"to":[9.198451,9.920776,9.816273],"rotation":{"angle":22.5,"axis":"x","origin":[7.7698793,9.663633,9.316273]},"faces":{"east":{"uv":[7.0,3.0,7.4375,3.25],"rotation":0,"texture":"#0","tintindex":0},"south":{"uv":[7.875,3.5,8.5,3.75],"rotation":0,"texture":"#0","tintindex":0},"north":{"uv":[3.375,7.875,4.0,8.125],"rotation":0,"texture":"#0","tintindex":0},"west":{"uv":[8.125,7.5,8.5625,7.75],"rotation":0,"texture":"#0","tintindex":0},"up":{"uv":[1.75,4.1875,1.125,3.75],"rotation":0,"texture":"#0","tintindex":0},"down":{"uv":[1.5,7.625,0.875,7.9375],"rotation":0,"texture":"#0","tintindex":0}}},{"from":[6.3698792,8.529196,9.257179],"to":[9.169879,9.372053,9.68575],"rotation":{"angle":45.0,"axis":"x","origin":[7.7698793,8.786339,9.928607]},"faces":{"east":{"uv":[7.0,3.0,7.4375,3.25],"rotation":0,"texture":"#0","tintindex":0},"south":{"uv":[7.875,3.5,8.5,3.75],"rotation":0,"texture":"#0","tintindex":0},"north":{"uv":[3.375,7.875,4.0,8.125],"rotation":0,"texture":"#0","tintindex":0},"west":{"uv":[8.125,7.5,8.5625,7.75],"rotation":0,"texture":"#0","tintindex":0},"up":{"uv":[1.75,4.1875,1.125,3.75],"rotation":0,"texture":"#0","tintindex":0},"down":{"uv":[1.5,7.625,0.875,7.9375],"rotation":0,"texture":"#0","tintindex":0}}}],"textures":{"0":"modelengine:entity/smoker"},"display":{"head":{"translation":[0.0,-6.4,0.0],"scale":[4.0,4.0,4.0]}}}