{"elements":[{"from":[6.141057,3.6553597,7.3942857],"to":[7.741057,7.141074,8.88],"rotation":{"angle":0.0,"axis":"y","origin":[5.2267714,2.5125027,8.308572]},"faces":{"east":{"uv":[7.3125,7.375,7.0,8.125],"rotation":0,"texture":"#0","tintindex":0},"south":{"uv":[0.875,7.0,0.5,7.75],"rotation":0,"texture":"#0","tintindex":0},"north":{"uv":[2.125,2.75,1.75,3.5],"rotation":0,"texture":"#0","tintindex":0},"west":{"uv":[7.6875,6.625,7.375,7.375],"rotation":0,"texture":"#0","tintindex":0},"up":{"uv":[4.375,8.4375,4.75,8.125],"rotation":0,"texture":"#0","tintindex":0},"down":{"uv":[6.875,8.125,7.25,8.4375],"rotation":0,"texture":"#0","tintindex":0}}},{"from":[6.141057,2.5125027,6.022857],"to":[7.741057,3.6553597,8.88],"rotation":{"angle":0.0,"axis":"y","origin":[5.2267714,2.5125027,8.308572]},"faces":{"east":{"uv":[8.5,1.625,7.875,1.875],"rotation":0,"texture":"#0","tintindex":0},"south":{"uv":[7.375,6.625,7.0,6.875],"rotation":0,"texture":"#0","tintindex":0},"north":{"uv":[7.0,1.5,6.625,1.75],"rotation":0,"texture":"#0","tintindex":0},"west":{"uv":[8.5,1.375,7.875,1.625],"rotation":0,"texture":"#0","tintindex":0},"up":{"uv":[6.25,8.0,6.625,7.375],"rotation":0,"texture":"#0","tintindex":0},"down":{"uv":[6.625,7.375,7.0,8.0],"rotation":0,"texture":"#0","tintindex":0}}},{"from":[5.7981997,7.141074,6.9942856],"to":[8.083914,8.112503,9.28],"rotation":{"angle":0.0,"axis":"y","origin":[5.2267714,2.5125027,8.308572]},"faces":{"east":{"uv":[8.75,6.0,8.25,6.1875],"rotation":0,"texture":"#0","tintindex":0},"south":{"uv":[8.75,5.75,8.25,5.9375],"rotation":0,"texture":"#0","tintindex":0},"north":{"uv":[5.75,8.25,5.25,8.4375],"rotation":0,"texture":"#0","tintindex":0},"west":{"uv":[6.25,8.25,5.75,8.4375],"rotation":0,"texture":"#0","tintindex":0},"up":{"uv":[4.375,7.5,4.875,7.0],"rotation":0,"texture":"#0","tintindex":0},"down":{"uv":[7.25,0.875,7.75,1.375],"rotation":0,"texture":"#0","tintindex":0}}},{"from":[5.912485,8.112503,7.1085715],"to":[7.9696283,12.169646,9.165714],"rotation":{"angle":0.0,"axis":"y","origin":[5.2267714,2.5125027,8.308572]},"faces":{"east":{"uv":[6.4375,4.0,6.0,4.875],"rotation":0,"texture":"#0","tintindex":0},"south":{"uv":[6.1875,5.875,5.75,6.75],"rotation":0,"texture":"#0","tintindex":0},"north":{"uv":[1.0625,4.375,0.625,5.25],"rotation":0,"texture":"#0","tintindex":0},"west":{"uv":[5.6875,5.875,5.25,6.75],"rotation":0,"texture":"#0","tintindex":0},"up":{"uv":[7.75,1.3125,8.1875,0.875],"rotation":0,"texture":"#0","tintindex":0},"down":{"uv":[7.75,2.25,8.1875,2.6875],"rotation":0,"texture":"#0","tintindex":0}}},{"from":[5.8553424,12.169646,6.822857],"to":[8.369628,16.22679,9.451428],"rotation":{"angle":0.0,"axis":"y","origin":[5.2267714,2.5125027,8.308572]},"faces":{"east":{"uv":[6.4375,4.0,6.0,4.875],"rotation":0,"texture":"#0","tintindex":0},"south":{"uv":[6.1875,5.875,5.75,6.75],"rotation":0,"texture":"#0","tintindex":0},"north":{"uv":[1.0625,4.375,0.625,5.25],"rotation":0,"texture":"#0","tintindex":0},"west":{"uv":[5.6875,5.875,5.25,6.75],"rotation":0,"texture":"#0","tintindex":0},"up":{"uv":[1.125,6.625,1.6875,7.1875],"rotation":0,"texture":"#0","tintindex":0},"down":{"uv":[1.125,6.625,1.6875,7.1875],"rotation":0,"texture":"#0","tintindex":0}}}],"textures":{"0":"modelengine:entity/smoker"},"display":{"head":{"translation":[0.0,-6.4,0.0],"scale":[4.0,4.0,4.0]}}}