{"elements":[{"from":[7.714286,7.5712223,6.9434733],"to":[8.285714,8.71408,10.3720455],"rotation":{"angle":0.0,"axis":"y","origin":[8.0,8.719273,5.386121]},"faces":{"east":{"uv":[0.0,8.0,3.0,9.0],"rotation":0,"texture":"#1","tintindex":0},"south":{"uv":[8.5,4.0,9.0,5.0],"rotation":0,"texture":"#1","tintindex":0},"north":{"uv":[8.5,3.0,9.0,4.0],"rotation":0,"texture":"#1","tintindex":0},"west":{"uv":[3.0,8.0,6.0,9.0],"rotation":0,"texture":"#1","tintindex":0},"up":{"uv":[8.5,11.0,8.0,8.0],"rotation":0,"texture":"#1","tintindex":0},"down":{"uv":[9.0,0.0,8.5,3.0],"rotation":0,"texture":"#1","tintindex":0}}},{"from":[7.714286,6.428365,6.372045],"to":[8.285714,9.856937,6.9434733],"rotation":{"angle":0.0,"axis":"y","origin":[8.0,8.719273,5.386121]},"faces":{"east":{"uv":[6.5,8.0,7.0,11.0],"rotation":0,"texture":"#1","tintindex":0},"south":{"uv":[7.0,8.0,7.5,11.0],"rotation":0,"texture":"#1","tintindex":0},"north":{"uv":[6.0,8.0,6.5,11.0],"rotation":0,"texture":"#1","tintindex":0},"west":{"uv":[7.5,8.0,8.0,11.0],"rotation":0,"texture":"#1","tintindex":0},"up":{"uv":[9.0,5.5,8.5,5.0],"rotation":0,"texture":"#1","tintindex":0},"down":{"uv":[9.0,5.5,8.5,6.0],"rotation":0,"texture":"#1","tintindex":0}}},{"from":[8.0,5.714286,-2.7142859],"to":[8.0,10.285714,7.0],"rotation":{"angle":22.5,"axis":"x","origin":[8.0,8.719273,5.386121]},"faces":{"east":{"uv":[0.0,0.0,8.5,4.0],"rotation":0,"texture":"#1","tintindex":0},"south":{"uv":[0.0,0.0,0.0,4.0],"rotation":0,"texture":"#1","tintindex":0},"north":{"uv":[0.0,0.0,0.0,4.0],"rotation":0,"texture":"#1","tintindex":0},"west":{"uv":[8.5,0.0,0.0,4.0],"rotation":0,"texture":"#1","tintindex":0},"up":{"uv":[0.0,8.5,0.0,0.0],"rotation":0,"texture":"#1","tintindex":0},"down":{"uv":[0.0,0.0,0.0,8.5],"rotation":0,"texture":"#1","tintindex":0}}}],"textures":{"1":"modelengine:entity/pirate_crew_sword"},"display":{"head":{"translation":[0.0,-6.4,0.0],"scale":[4.0,4.0,4.0]}}}