{"elements":[{"from":[5.077611,5.2516003,4.638467],"to":[9.649039,8.108744,4.638467],"rotation":{"angle":22.5,"axis":"x","origin":[7.363325,6.680172,4.638467]},"faces":{"east":{"uv":[0.0,0.0,0.0,1.25],"rotation":0,"texture":"#0","tintindex":0},"south":{"uv":[0.0,7.0,2.0,8.25],"rotation":0,"texture":"#0","tintindex":0},"north":{"uv":[0.0,7.0,2.0,8.25],"rotation":0,"texture":"#0","tintindex":0},"west":{"uv":[0.0,0.0,0.0,1.25],"rotation":0,"texture":"#0","tintindex":0},"up":{"uv":[0.0,2.0,0.0,0.0],"rotation":270,"texture":"#0","tintindex":0},"down":{"uv":[0.0,0.0,0.0,2.0],"rotation":90,"texture":"#0","tintindex":0}}},{"from":[4.837186,9.428572,7.250998],"to":[5.408614,11.142858,8.393855],"rotation":{"angle":-22.5,"axis":"y","origin":[5.1229,10.285714,7.8224263]},"faces":{"east":{"uv":[10.0,9.5,10.5,10.25],"rotation":0,"texture":"#0","tintindex":0},"south":{"uv":[4.5,10.25,4.75,11.0],"rotation":0,"texture":"#0","tintindex":0},"north":{"uv":[4.25,10.25,4.5,11.0],"rotation":0,"texture":"#0","tintindex":0},"west":{"uv":[10.0,3.75,10.5,4.5],"rotation":0,"texture":"#0","tintindex":0},"up":{"uv":[3.75,6.0,3.25,5.75],"rotation":270,"texture":"#0","tintindex":0},"down":{"uv":[10.5,4.5,10.0,4.75],"rotation":90,"texture":"#0","tintindex":0}}},{"from":[9.405031,9.428572,6.8136454],"to":[9.9764595,11.142858,7.9565024],"rotation":{"angle":22.5,"axis":"y","origin":[10.746608,10.285714,7.8224263]},"faces":{"east":{"uv":[10.5,3.75,10.0,4.5],"rotation":0,"texture":"#0","tintindex":0},"south":{"uv":[4.75,10.25,4.5,11.0],"rotation":0,"texture":"#0","tintindex":0},"north":{"uv":[4.5,10.25,4.25,11.0],"rotation":0,"texture":"#0","tintindex":0},"west":{"uv":[10.5,9.5,10.0,10.25],"rotation":0,"texture":"#0","tintindex":0},"up":{"uv":[3.75,5.75,3.25,6.0],"rotation":270,"texture":"#0","tintindex":0},"down":{"uv":[10.5,4.75,10.0,4.5],"rotation":90,"texture":"#0","tintindex":0}}},{"from":[5.077611,8.0,5.185157],"to":[9.649039,12.571428,9.756586],"rotation":{"angle":0.0,"axis":"y","origin":[7.363325,-5.714287,7.4708714]},"faces":{"east":{"uv":[2.0,3.0,0.0,5.0],"rotation":0,"texture":"#0","tintindex":0},"south":{"uv":[4.0,2.0,6.0,4.0],"rotation":0,"texture":"#0","tintindex":0},"north":{"uv":[2.0,3.0,4.0,5.0],"rotation":0,"texture":"#0","tintindex":0},"west":{"uv":[0.0,3.0,2.0,5.0],"rotation":0,"texture":"#0","tintindex":0},"up":{"uv":[6.0,6.0,4.0,4.0],"rotation":270,"texture":"#0","tintindex":0},"down":{"uv":[2.0,5.0,0.0,7.0],"rotation":90,"texture":"#0","tintindex":0}}},{"from":[4.5061827,8.0,5.1280146],"to":[10.2204685,9.714286,5.1280146],"rotation":{"angle":0.0,"axis":"y","origin":[7.363325,-5.714287,7.4708714]},"faces":{"east":{"uv":[0.0,0.0,0.0,0.75],"rotation":0,"texture":"#0","tintindex":0},"south":{"uv":[7.25,5.0,9.75,5.75],"rotation":0,"texture":"#0","tintindex":0},"north":{"uv":[7.25,5.0,9.75,5.75],"rotation":0,"texture":"#0","tintindex":0},"west":{"uv":[0.0,0.0,0.0,0.75],"rotation":0,"texture":"#0","tintindex":0},"up":{"uv":[0.0,2.5,0.0,0.0],"rotation":270,"texture":"#0","tintindex":0},"down":{"uv":[0.0,0.0,0.0,2.5],"rotation":90,"texture":"#0","tintindex":0}}},{"from":[5.077611,9.738496,9.647624],"to":[9.649039,9.738496,13.076195],"rotation":{"angle":22.5,"axis":"x","origin":[7.363325,9.738496,11.076195]},"faces":{"east":{"uv":[0.0,0.0,1.5,0.0],"rotation":0,"texture":"#0","tintindex":0},"south":{"uv":[0.0,0.0,2.0,0.0],"rotation":0,"texture":"#0","tintindex":0},"north":{"uv":[0.0,0.0,2.0,0.0],"rotation":0,"texture":"#0","tintindex":0},"west":{"uv":[0.0,0.0,1.5,0.0],"rotation":0,"texture":"#0","tintindex":0},"up":{"uv":[7.5,5.0,6.0,3.0],"rotation":270,"texture":"#0","tintindex":0},"down":{"uv":[7.5,3.0,6.0,5.0],"rotation":90,"texture":"#0","tintindex":0}}},{"from":[6.791897,9.077017,4.8541536],"to":[7.934754,10.219873,5.425582],"rotation":{"angle":22.5,"axis":"x","origin":[7.363325,9.648445,5.139868]},"faces":{"east":{"uv":[4.75,10.25,5.0,10.75],"rotation":0,"texture":"#0","tintindex":0},"south":{"uv":[6.75,9.25,7.25,9.75],"rotation":0,"texture":"#0","tintindex":0},"north":{"uv":[8.25,4.5,8.75,5.0],"rotation":0,"texture":"#0","tintindex":0},"west":{"uv":[10.25,1.75,10.5,2.25],"rotation":0,"texture":"#0","tintindex":0},"up":{"uv":[5.25,10.75,5.0,10.25],"rotation":270,"texture":"#0","tintindex":0},"down":{"uv":[5.5,10.25,5.25,10.75],"rotation":90,"texture":"#0","tintindex":0}}},{"from":[4.7495966,8.0,6.8341966],"to":[4.7495966,10.857143,8.548483],"rotation":{"angle":-22.5,"axis":"y","origin":[4.7495966,10.285714,7.6913395]},"faces":{"east":{"uv":[2.5,9.5,1.75,10.75],"rotation":0,"texture":"#0","tintindex":0},"south":{"uv":[0.0,0.0,0.0,1.25],"rotation":0,"texture":"#0","tintindex":0},"north":{"uv":[0.0,0.0,0.0,1.25],"rotation":0,"texture":"#0","tintindex":0},"west":{"uv":[1.75,9.5,2.5,10.75],"rotation":0,"texture":"#0","tintindex":0},"up":{"uv":[0.75,0.0,0.0,0.0],"rotation":270,"texture":"#0","tintindex":0},"down":{"uv":[0.75,0.0,0.0,0.0],"rotation":90,"texture":"#0","tintindex":0}}},{"from":[10.064049,8.0,6.3968444],"to":[10.064049,10.857143,8.11113],"rotation":{"angle":22.5,"axis":"y","origin":[11.119911,10.285714,7.6913395]},"faces":{"east":{"uv":[2.5,9.5,1.75,10.75],"rotation":0,"texture":"#0","tintindex":0},"south":{"uv":[0.0,0.0,0.0,1.25],"rotation":0,"texture":"#0","tintindex":0},"north":{"uv":[0.0,0.0,0.0,1.25],"rotation":0,"texture":"#0","tintindex":0},"west":{"uv":[1.75,9.5,2.5,10.75],"rotation":0,"texture":"#0","tintindex":0},"up":{"uv":[0.75,0.0,0.0,0.0],"rotation":270,"texture":"#0","tintindex":0},"down":{"uv":[0.75,0.0,0.0,0.0],"rotation":90,"texture":"#0","tintindex":0}}}],"textures":{"0":"modelengine:entity/pirate_crew"},"display":{"head":{"translation":[0.0,-6.4,0.0],"scale":[4.0,4.0,4.0]}}}