{"elements":[{"from":[6.5714283,5.714286,7.428571],"to":[9.428572,8.0,10.857143],"rotation":{"angle":0.0,"axis":"y","origin":[9.428572,6.857143,9.142858]},"faces":{"east":{"uv":[7.5,3.5,9.0,4.5],"rotation":0,"texture":"#0","tintindex":0},"south":{"uv":[8.75,0.0,10.0,1.0],"rotation":0,"texture":"#0","tintindex":0},"north":{"uv":[6.0,8.25,7.25,9.25],"rotation":0,"texture":"#0","tintindex":0},"west":{"uv":[7.5,2.5,9.0,3.5],"rotation":0,"texture":"#0","tintindex":0},"up":{"uv":[8.75,1.25,7.25,0.0],"rotation":270,"texture":"#0","tintindex":0},"down":{"uv":[8.75,1.25,7.25,2.5],"rotation":90,"texture":"#0","tintindex":0}}},{"from":[7.142857,4.0,8.0],"to":[8.857143,7.428571,10.285714],"rotation":{"angle":0.0,"axis":"y","origin":[9.428572,5.142857,8.571428]},"faces":{"east":{"uv":[3.0,8.0,4.0,9.5],"rotation":0,"texture":"#0","tintindex":0},"south":{"uv":[8.75,1.0,9.5,2.5],"rotation":0,"texture":"#0","tintindex":0},"north":{"uv":[7.25,8.25,8.0,9.75],"rotation":0,"texture":"#0","tintindex":0},"west":{"uv":[2.0,8.0,3.0,9.5],"rotation":0,"texture":"#0","tintindex":0},"up":{"uv":[10.75,3.0,9.75,2.25],"rotation":270,"texture":"#0","tintindex":0},"down":{"uv":[10.75,3.0,9.75,3.75],"rotation":90,"texture":"#0","tintindex":0}}},{"from":[7.142857,4.0,7.428571],"to":[8.857143,5.142857,8.0],"rotation":{"angle":0.0,"axis":"y","origin":[9.428572,5.142857,8.571428]},"faces":{"east":{"uv":[8.75,4.5,9.0,5.0],"rotation":0,"texture":"#0","tintindex":0},"south":{"uv":[7.5,4.5,8.25,5.0],"rotation":0,"texture":"#0","tintindex":0},"north":{"uv":[7.25,6.5,8.0,7.0],"rotation":0,"texture":"#0","tintindex":0},"west":{"uv":[7.25,2.5,7.5,3.0],"rotation":0,"texture":"#0","tintindex":0},"up":{"uv":[4.0,11.0,3.75,10.25],"rotation":270,"texture":"#0","tintindex":0},"down":{"uv":[4.25,10.25,4.0,11.0],"rotation":90,"texture":"#0","tintindex":0}}}],"textures":{"0":"modelengine:entity/pirate_crew"},"display":{"head":{"translation":[0.0,-6.4,0.0],"scale":[4.0,4.0,4.0]}}}