{"elements":[{"from":[7.20689,5.3369493,6.8818665],"to":[8.921176,8.194093,9.167581],"rotation":{"angle":0.0,"axis":"y","origin":[9.492604,7.622664,7.453295]},"faces":{"east":{"uv":[1.0,8.25,2.0,9.5],"rotation":0,"texture":"#0","tintindex":0},"south":{"uv":[9.5,1.0,10.25,2.25],"rotation":0,"texture":"#0","tintindex":0},"north":{"uv":[1.0,9.5,1.75,10.75],"rotation":0,"texture":"#0","tintindex":0},"west":{"uv":[0.0,8.25,1.0,9.5],"rotation":0,"texture":"#0","tintindex":0},"up":{"uv":[9.0,10.25,8.0,9.5],"rotation":270,"texture":"#0","tintindex":0},"down":{"uv":[10.0,9.5,9.0,10.25],"rotation":90,"texture":"#0","tintindex":0}}}],"textures":{"0":"modelengine:entity/pirate_crew"},"display":{"head":{"translation":[0.0,-6.4,0.0],"scale":[4.0,4.0,4.0]}}}