{"elements":[{"from":[7.0857143,4.5714283,5.714286],"to":[8.8,8.0,8.0],"rotation":{"angle":0.0,"axis":"y","origin":[8.228572,5.714286,6.285714]},"faces":{"east":{"uv":[8.0,8.0,9.0,9.5],"rotation":0,"texture":"#0","tintindex":0},"south":{"uv":[6.0,9.25,6.75,10.75],"rotation":0,"texture":"#0","tintindex":0},"north":{"uv":[9.0,8.0,9.75,9.5],"rotation":0,"texture":"#0","tintindex":0},"west":{"uv":[8.0,6.5,9.0,8.0],"rotation":0,"texture":"#0","tintindex":0},"up":{"uv":[10.75,7.25,9.75,6.5],"rotation":270,"texture":"#0","tintindex":0},"down":{"uv":[7.75,9.75,6.75,10.5],"rotation":90,"texture":"#0","tintindex":0}}},{"from":[7.3671017,3.698812,5.714286],"to":[9.0813875,5.413098,8.0],"rotation":{"angle":-45.0,"axis":"z","origin":[8.279749,4.474785,6.856283]},"faces":{"east":{"uv":[9.75,8.0,10.75,8.75],"rotation":0,"texture":"#0","tintindex":0},"south":{"uv":[5.25,9.5,6.0,10.25],"rotation":0,"texture":"#0","tintindex":0},"north":{"uv":[3.25,5.0,4.0,5.75],"rotation":0,"texture":"#0","tintindex":0},"west":{"uv":[9.75,7.25,10.75,8.0],"rotation":0,"texture":"#0","tintindex":0},"up":{"uv":[10.75,9.5,9.75,8.75],"rotation":270,"texture":"#0","tintindex":0},"down":{"uv":[11.0,0.0,10.0,0.75],"rotation":90,"texture":"#0","tintindex":0}}},{"from":[7.1550403,3.832632,8.028571],"to":[8.869326,5.546918,8.028571],"rotation":{"angle":45.0,"axis":"z","origin":[8.297897,4.9754896,5.714286]},"faces":{"east":{"uv":[0.0,0.75,0.0,0.0],"rotation":0,"texture":"#0","tintindex":0},"south":{"uv":[0.0,9.5,0.75,10.25],"rotation":90,"texture":"#0","tintindex":0},"north":{"uv":[9.0,4.0,9.75,4.75],"rotation":270,"texture":"#0","tintindex":0},"west":{"uv":[0.0,0.0,0.0,0.75],"rotation":180,"texture":"#0","tintindex":0},"up":{"uv":[0.0,0.0,0.0,0.75],"rotation":90,"texture":"#0","tintindex":0},"down":{"uv":[0.0,0.0,0.0,0.75],"rotation":90,"texture":"#0","tintindex":0}}},{"from":[7.1550403,3.832632,5.685714],"to":[8.869326,5.546918,5.685714],"rotation":{"angle":45.0,"axis":"z","origin":[8.297897,4.9754896,5.714286]},"faces":{"east":{"uv":[0.0,0.75,0.0,0.0],"rotation":0,"texture":"#0","tintindex":0},"south":{"uv":[0.0,9.5,0.75,10.25],"rotation":90,"texture":"#0","tintindex":0},"north":{"uv":[9.0,4.0,9.75,4.75],"rotation":270,"texture":"#0","tintindex":0},"west":{"uv":[0.0,0.0,0.0,0.75],"rotation":180,"texture":"#0","tintindex":0},"up":{"uv":[0.0,0.0,0.0,0.75],"rotation":90,"texture":"#0","tintindex":0},"down":{"uv":[0.0,0.0,0.0,0.75],"rotation":90,"texture":"#0","tintindex":0}}}],"textures":{"0":"modelengine:entity/pirate_crew"},"display":{"head":{"translation":[0.0,-6.4,0.0],"scale":[4.0,4.0,4.0]}}}