{"elements":[{"from":[6.285714,5.0353107,6.880089],"to":[8.0,8.463882,9.165803],"rotation":{"angle":0.0,"axis":"y","origin":[7.428571,7.3210254,7.4515176]},"faces":{"east":{"uv":[5.0,8.0,6.0,9.5],"rotation":0,"texture":"#0","tintindex":0},"south":{"uv":[9.0,6.5,9.75,8.0],"rotation":0,"texture":"#0","tintindex":0},"north":{"uv":[9.0,2.5,9.75,4.0],"rotation":0,"texture":"#0","tintindex":0},"west":{"uv":[4.0,8.0,5.0,9.5],"rotation":0,"texture":"#0","tintindex":0},"up":{"uv":[10.75,5.75,9.75,5.0],"rotation":270,"texture":"#0","tintindex":0},"down":{"uv":[10.75,5.75,9.75,6.5],"rotation":90,"texture":"#0","tintindex":0}}}],"textures":{"0":"modelengine:entity/pirate_crew"},"display":{"head":{"translation":[0.0,-6.4,0.0],"scale":[4.0,4.0,4.0]}}}