{"elements":[{"from":[8.0,5.0353107,6.880089],"to":[9.714286,8.463882,9.165803],"rotation":{"angle":0.0,"axis":"y","origin":[8.571428,7.3210254,7.4515176]},"faces":{"east":{"uv":[5.0,8.0,4.0,9.5],"rotation":0,"texture":"#0","tintindex":0},"south":{"uv":[9.75,6.5,9.0,8.0],"rotation":0,"texture":"#0","tintindex":0},"north":{"uv":[9.75,2.5,9.0,4.0],"rotation":0,"texture":"#0","tintindex":0},"west":{"uv":[6.0,8.0,5.0,9.5],"rotation":0,"texture":"#0","tintindex":0},"up":{"uv":[10.75,5.0,9.75,5.75],"rotation":270,"texture":"#0","tintindex":0},"down":{"uv":[10.75,6.5,9.75,5.75],"rotation":90,"texture":"#0","tintindex":0}}}],"textures":{"0":"modelengine:entity/pirate_crew"},"display":{"head":{"translation":[0.0,-6.4,0.0],"scale":[4.0,4.0,4.0]}}}