{"elements":[{"from":[7.068152,5.2405996,6.721882],"to":[8.782437,8.097743,9.007596],"rotation":{"angle":0.0,"axis":"y","origin":[6.496723,7.5263143,7.29331]},"faces":{"east":{"uv":[1.0,8.25,0.0,9.5],"rotation":0,"texture":"#0","tintindex":0},"south":{"uv":[10.25,1.0,9.5,2.25],"rotation":0,"texture":"#0","tintindex":0},"north":{"uv":[1.75,9.5,1.0,10.75],"rotation":0,"texture":"#0","tintindex":0},"west":{"uv":[2.0,8.25,1.0,9.5],"rotation":0,"texture":"#0","tintindex":0},"up":{"uv":[9.0,9.5,8.0,10.25],"rotation":270,"texture":"#0","tintindex":0},"down":{"uv":[10.0,10.25,9.0,9.5],"rotation":90,"texture":"#0","tintindex":0}}}],"textures":{"0":"modelengine:entity/pirate_crew"},"display":{"head":{"translation":[0.0,-6.4,0.0],"scale":[4.0,4.0,4.0]}}}