{"elements":[{"from":[5.714286,6.857143,6.285714],"to":[10.285714,13.714286,9.142858],"rotation":{"angle":0.0,"axis":"y","origin":[8.0,12.571428,7.428571]},"faces":{"east":{"uv":[3.25,5.0,2.0,8.0],"rotation":0,"texture":"#0","tintindex":0},"south":{"uv":[2.0,0.0,4.0,3.0],"rotation":0,"texture":"#0","tintindex":0},"north":{"uv":[0.0,0.0,2.0,3.0],"rotation":0,"texture":"#0","tintindex":0},"west":{"uv":[2.0,5.0,3.25,8.0],"rotation":0,"texture":"#0","tintindex":0},"up":{"uv":[6.0,8.0,4.75,6.0],"rotation":270,"texture":"#0","tintindex":0},"down":{"uv":[7.25,5.0,6.0,7.0],"rotation":90,"texture":"#0","tintindex":0}}},{"from":[6.857143,7.714286,5.714286],"to":[9.142858,9.428572,6.285714],"rotation":{"angle":0.0,"axis":"y","origin":[8.0,12.571428,7.428571]},"faces":{"east":{"uv":[3.5,10.25,3.75,11.0],"rotation":0,"texture":"#0","tintindex":0},"south":{"uv":[4.25,9.5,5.25,10.25],"rotation":0,"texture":"#0","tintindex":0},"north":{"uv":[3.25,9.5,4.25,10.25],"rotation":0,"texture":"#0","tintindex":0},"west":{"uv":[3.25,10.25,3.5,11.0],"rotation":0,"texture":"#0","tintindex":0},"up":{"uv":[8.0,10.75,7.75,9.75],"rotation":270,"texture":"#0","tintindex":0},"down":{"uv":[10.5,0.75,10.25,1.75],"rotation":90,"texture":"#0","tintindex":0}}}],"textures":{"0":"modelengine:entity/pirate_crew"},"display":{"head":{"translation":[0.0,-6.4,0.0],"scale":[4.0,4.0,4.0]}}}